PyTucker is not installed. tucker_diagonalize will not be allowed
Date :  2022-05-09 17:16:59.773896

============================= [ Grid ] =============================
* cell     (Bohr) : 
[[10.261  0.     0.   ]
 [ 0.    10.261  0.   ]
 [ 0.     0.    10.261]]
* cell     (ang ) : 
[[5.43 0.   0.  ]
 [0.   5.43 0.  ]
 [0.   0.   5.43]]
* spacings (Bohr) : [0.466 0.466 0.466]
* spacings (ang ) : [0.247 0.247 0.247]
* gpts            : [22 22 22]
* ngpts           : 10648
* pbc             : [ True  True  True]
* FD_order        : 3
* center_point    : [5.13060643 5.13060643 5.13060643] (Bohr)
====================================================================


============================ [ Kpoint ] =============================
* kpts mesh : (2, 2, 2, 'gamma')
Print all k-points and mapping to irreducible k-points
  1 ->  1 : [0. 0. 0.]
  2 ->  2 : [0.5 0.  0. ]
  3 ->  2 : [0.  0.5 0. ]
  4 ->  4 : [0.5 0.5 0. ]
  5 ->  2 : [0.  0.  0.5]
  6 ->  4 : [0.5 0.  0.5]
  7 ->  4 : [0.  0.5 0.5]
  8 ->  8 : [0.5 0.5 0.5]

* nkpts   : 8
* nibzkpts: 4
=====================================================================

Warning: 'rho_cutoff'(=15.09) value is too large or small. 'rho_cutoff' is set to 15.09.
Elapsed time[_calc_energy_correction]: 0.020290374755859375 sec

=========================== [ Compensation ] ==========================
 symbol | r_gauss | r_short (Bohr) | r_comp (Bohr)
     Si |     1.0 |           4.72 |         3.672
=======================================================================

Elapsed time[calc_local_pot]: 0.04950380325317383 sec
KB projector non-zero ratio: 411.7956423741548 %

========================== [ KB_projector ] ==========================
* number of atoms : 8
* use_dense_proj  : False
 index | symbol | # of projectors
     0 |     Si |              18
     1 |     Si |              18
     2 |     Si |              18
     3 |     Si |              18
     4 |     Si |              18
     5 |     Si |              18
     6 |     Si |              18
     7 |     Si |              18
======================================================================

Elapsed time[create_Pseudopotential]: 0.8927488327026367 sec

========================= [ Pseudopotential ] =========================
* type      : NCPP
* upf       : 
    /appl/ACE-Molecule/DATA/ONCV/nc-sr-04_pbe_standard/Si.upf
* NLCC      : True
* use_comp  : True
* comp_grid : 0.1
* filtering : False
=======================================================================

'Poisson_ISF_python.py'
ISF_cutoff is set to [100 100 100].
ISF method is used for Poisson
* [0.05, 0.2] : 12 points
* [0.2, 0.4] : 12 points
* [0.4, 2.0] : 12 points
* [2.0, 500.0] : 12 points

============================= [ Poisson ] =============================
* type          : ISF
* use_fine_grid : False
* ISF_cutoff    : [100 100 100]
=======================================================================


========================== [ XC_Functional ] ==========================
* functional : ['gga_x_pbe' 'gga_c_pbe']
* weight     : [1. 1.]

Functional ID: 101
Functional Name: gga_x_pbe
Attributes:
    Name: Perdew, Burke & Ernzerhof
    Kind: 0
  Family: 2
Citations:
   J. P. Perdew, K. Burke, and M. Ernzerhof, Phys. Rev. Lett. 77, 3865 (1996)
   J. P. Perdew, K. Burke, and M. Ernzerhof, Phys. Rev. Lett. 78, 1396 (1997)
Functional ID: 130
Functional Name: gga_c_pbe
Attributes:
    Name: Perdew, Burke & Ernzerhof
    Kind: 1
  Family: 2
Citations:
   J. P. Perdew, K. Burke, and M. Ernzerhof, Phys. Rev. Lett. 77, 3865 (1996)
   J. P. Perdew, K. Burke, and M. Ernzerhof, Phys. Rev. Lett. 78, 1396 (1997)
=======================================================================


========================== [ Occupation ] ==========================
* smearing    : Fermi-Dirac
* temperature : 0.01
* nelec       : 32.0
* nspins      : 1
* nbands      : 20
* nkpts       : 8
====================================================================


========================== [ Preconditioner ] =========================
* type         : None
=======================================================================


======================= [ Eigensolver(Scipy) ] =======================
* scipy_type   : lobpcg
* convg_tol    : 1e-07
* maxiter      : 20
* verbosity    : 0
======================================================================

Elapsed time[calc_NLCC_core_density]: 0.043677330017089844 sec

============================ [ Density ] ===========================
* nelec         : 32.0
* nspins        : 1
* magmom        : 0.0
* fix_magmom    : True
* density guess : rhoatom
* orbital guess : None
* occ guess     : None
=====================================================================

===========================[ Input Parameters ]===========================
{'centered': False,
 'convergence': {'density_tol': 1e-05,
                 'energy_tol': 1e-06,
                 'orbital_energy_tol': 1e-05,
                 'scf_maxiter': 35},
 'eigensolver': None,
 'force': {'deriv_comp': True, 'deriv_density': False},
 'grid': {'FD_order': 3, 'gpts': None, 'spacing': 0.25},
 'init_guess': {'density': 'rhoatom', 'occ': None, 'orbital': None},
 'kpts': (2, 2, 2, 'gamma'),
 'kpts_and_weights': None,
 'mixing': {'history': 3,
            'parameter': 0.2,
            'pulay_beta': 0.3,
            'scheme': 'pulay',
            'what': 'density'},
 'nbands': None,
 'nelec': None,
 'occupation': {'MP_order': 2,
                'fix_magmom': True,
                'magmom': 0.0,
                'smearing': 'Fermi-Dirac',
                'temperature': 0.01},
 'output_file': None,
 'poisson': None,
 'pp': {'NLCC': True,
        'comp_grid': 0.1,
        'filtering': False,
        'num_near_cell': 1,
        'upf': ['/appl/ACE-Molecule/DATA/ONCV/nc-sr-04_pbe_standard/Si.upf'],
        'use_comp': True,
        'use_dense_proj': False},
 'precond_type': None,
 'print_energies': True,
 'spin': 'unpolarized',
 'symmetry': True,
 'verbose': 0,
 'xc': {'type': 'gga_x_pbe + gga_c_pbe', 'weight': None}}

* pbc                      : [ True  True  True]

* Positions of atoms (ang) :
Si : [0. 0. 0.]
Si : [1.3575 1.3575 1.3575]
Si : [0.    2.715 2.715]
Si : [1.3575 4.0725 4.0725]
Si : [2.715 0.    2.715]
Si : [4.0725 1.3575 4.0725]
Si : [2.715 2.715 0.   ]
Si : [4.0725 4.0725 1.3575]
==========================================================================
Elapsed time[initialize]: 1.244187831878662 sec

============================ [ Mixing ] =============================
* what       : density
* scheme     : pulay
* parameter  : 0.2
* pulay_beta : 0.3
* history    : 3
=====================================================================


============================== [ SCF ] ==============================
* scf_maxiter        : 35
* energy_tol         : 1e-06
* density_tol        : 1e-05
* orbital_energy_tol : 1e-05
=====================================================================


==================== [ SCF CYCLE 1 ] ====================
WARNING!! method<Grid.spherical_to_grid()>: 'num_near_cell'(=1) is not sufficent to interpolate the effects of nearing cells.
WARNING!! method<Grid.spherical_to_grid()>: 'num_near_cell'(=1) is not sufficent to interpolate the effects of nearing cells.
WARNING!! method<Grid.spherical_to_grid()>: 'num_near_cell'(=1) is not sufficent to interpolate the effects of nearing cells.
WARNING!! method<Grid.spherical_to_grid()>: 'num_near_cell'(=1) is not sufficent to interpolate the effects of nearing cells.
WARNING!! method<Grid.spherical_to_grid()>: 'num_near_cell'(=1) is not sufficent to interpolate the effects of nearing cells.
WARNING!! method<Grid.spherical_to_grid()>: 'num_near_cell'(=1) is not sufficent to interpolate the effects of nearing cells.
WARNING!! method<Grid.spherical_to_grid()>: 'num_near_cell'(=1) is not sufficent to interpolate the effects of nearing cells.
WARNING!! method<Grid.spherical_to_grid()>: 'num_near_cell'(=1) is not sufficent to interpolate the effects of nearing cells.
WARNING!! method<Grid.spherical_to_grid()>: 'num_near_cell'(=1) is not sufficent to interpolate the effects of nearing cells.
WARNING!! method<Grid.spherical_to_grid()>: 'num_near_cell'(=1) is not sufficent to interpolate the effects of nearing cells.
WARNING!! method<Grid.spherical_to_grid()>: 'num_near_cell'(=1) is not sufficent to interpolate the effects of nearing cells.
WARNING!! method<Grid.spherical_to_grid()>: 'num_near_cell'(=1) is not sufficent to interpolate the effects of nearing cells.
WARNING!! method<Grid.spherical_to_grid()>: 'num_near_cell'(=1) is not sufficent to interpolate the effects of nearing cells.
WARNING!! method<Grid.spherical_to_grid()>: 'num_near_cell'(=1) is not sufficent to interpolate the effects of nearing cells.
WARNING!! method<Grid.spherical_to_grid()>: 'num_near_cell'(=1) is not sufficent to interpolate the effects of nearing cells.
WARNING!! method<Grid.spherical_to_grid()>: 'num_near_cell'(=1) is not sufficent to interpolate the effects of nearing cells.
WARNING!! method<Grid.spherical_to_grid()>: 'num_near_cell'(=1) is not sufficent to interpolate the effects of nearing cells.
WARNING!! method<Grid.spherical_to_grid()>: 'num_near_cell'(=1) is not sufficent to interpolate the effects of nearing cells.
integral of init_density :  31.99983689900918
Integral of density (=31.99983689900918) is normalized to 32.00000000000001
Elapsed time[compute_potential]: 0.007256031036376953 sec
Elapsed time[compute]: 0.5745267868041992 sec
Elapsed time[_get_mixed_var]: 5.245208740234375e-06 sec
Debug: sparse nonlocal_op@@@@@@@@@@@@@@@@@@@@@@@@@@@@@@@@@@
Debug: sparse nonlocal_op@@@@@@@@@@@@@@@@@@@@@@@@@@@@@@@@@@
Debug: sparse nonlocal_op@@@@@@@@@@@@@@@@@@@@@@@@@@@@@@@@@@
Debug: sparse nonlocal_op@@@@@@@@@@@@@@@@@@@@@@@@@@@@@@@@@@
Elapsed time[diagonalize]: 6.326346397399902 sec

[ PRINT EIGENVALUES ]
( spin alpha )
* 1 th kpt (=[0. 0. 0.])
num        occ        value
1          2.0        -0.3160078795936514
2          2.0        -0.15953002546377193
3          2.0        -0.15273606527008646
4          2.0        -0.14811290994158324
5          2.0        -0.1321138986548778
6          2.0        -0.12356569350540618
7          2.0        -0.06682632737004031
8          2.0        0.030013916256815574
9          2.0        0.03650506431548593
10         2.0        0.05925317513813686
11         2.0        0.07790678313095739
12         2.0        0.1060998451696598
13         2.0        0.16269778842849006
14         2.0        0.18143834215730462
15         2.0        0.18848849574808613
16         2.0        0.21584659714350818
17         2.0        0.23304527968720998
18         0.0        0.259716368098086
19         0.0        0.3527435194573503
20         0.0        0.4222440203622509


* 2 th kpt (=[0.5 0.  0. ])
num        occ        value
1          6.0        -0.2767206028701504
2          6.0        -0.262005448742787
3          6.0        -0.15389601066384354
4          6.0        -0.15076469541161863
5          6.0        -0.13933313338690748
6          6.0        -0.10152638671289654
7          6.0        -0.004374933032308341
8          6.0        0.0029713482693499273
9          6.0        0.01250072712181957
10         6.0        0.023238497276241808
11         6.0        0.05876011061544126
12         6.0        0.07893885697247931
13         6.0        0.10701565068642721
14         6.0        0.1365108347993093
15         6.0        0.1790898834712807
16         6.0        0.18717073045521856
17         0.0        0.26054198085169156
18         0.0        0.2927141689708116
19         0.0        0.3199541920791084
20         0.0        0.35537359014896475


* 3 th kpt (=[0.5 0.5 0. ])
num        occ        value
1          6.0        -0.241650560019863
2          6.0        -0.23150771116414556
3          6.0        -0.22523060669015926
4          6.0        -0.21151455759919527
5          6.0        -0.06285225229460895
6          6.0        -0.0574963479477777
7          6.0        -0.04655767444271237
8          6.0        -0.02653139391538412
9          6.0        0.01776180611872044
10         6.0        0.02521906259960407
11         6.0        0.040356121001676785
12         6.0        0.055692470143179566
13         6.0        0.11681290554808722
14         6.0        0.16439441818634276
15         6.0        0.19171007712824004
16         1.9999997  0.2576746720614319
17         0.0        0.29781562511610227
18         0.0        0.3225664571944453
19         0.0        0.3555255670716801
20         0.0        0.379088689716901


* 4 th kpt (=[0.5 0.5 0.5])
num        occ        value
1          2.0        -0.22982050469085877
2          2.0        -0.21886598530996298
3          2.0        -0.21233567059284464
4          2.0        -0.20102803574422573
5          2.0        -0.12643487905133546
6          2.0        -0.11904387703142731
7          2.0        -0.11504455210024203
8          2.0        -0.08494197771559726
9          2.0        0.09156864953436217
10         2.0        0.09743880617575285
11         2.0        0.10138479519754479
12         2.0        0.11894312205536765
13         2.0        0.13520633478334093
14         2.0        0.17115100441761555
15         2.0        0.2009978199222024
16         2.0        0.22476268589361512
17         2.0        0.2453792596365739
18         0.0        0.2849903366093921
19         0.0        0.30845818353268506
20         0.0        0.33179399265501774


Integral of density (=31.999999964383896) is normalized to 32.00000000000001
Orbital energy difference = -0.4630155810820157
Density difference (relative) = 0.10509404234067092
Elapsed time[calc_external_energy]: 9.250640869140625e-05 sec
Debug: sparse nonlocal_op@@@@@@@@@@@@@@@@@@@@@@@@@@@@@@@@@@
Debug: sparse nonlocal_op@@@@@@@@@@@@@@@@@@@@@@@@@@@@@@@@@@
Debug: sparse nonlocal_op@@@@@@@@@@@@@@@@@@@@@@@@@@@@@@@@@@
Debug: sparse nonlocal_op@@@@@@@@@@@@@@@@@@@@@@@@@@@@@@@@@@
Debug: sparse nonlocal_op@@@@@@@@@@@@@@@@@@@@@@@@@@@@@@@@@@
Debug: sparse nonlocal_op@@@@@@@@@@@@@@@@@@@@@@@@@@@@@@@@@@
Debug: sparse nonlocal_op@@@@@@@@@@@@@@@@@@@@@@@@@@@@@@@@@@
Debug: sparse nonlocal_op@@@@@@@@@@@@@@@@@@@@@@@@@@@@@@@@@@
Debug: sparse nonlocal_op@@@@@@@@@@@@@@@@@@@@@@@@@@@@@@@@@@
Debug: sparse nonlocal_op@@@@@@@@@@@@@@@@@@@@@@@@@@@@@@@@@@
Debug: sparse nonlocal_op@@@@@@@@@@@@@@@@@@@@@@@@@@@@@@@@@@
Debug: sparse nonlocal_op@@@@@@@@@@@@@@@@@@@@@@@@@@@@@@@@@@
Debug: sparse nonlocal_op@@@@@@@@@@@@@@@@@@@@@@@@@@@@@@@@@@
Debug: sparse nonlocal_op@@@@@@@@@@@@@@@@@@@@@@@@@@@@@@@@@@
Debug: sparse nonlocal_op@@@@@@@@@@@@@@@@@@@@@@@@@@@@@@@@@@
Debug: sparse nonlocal_op@@@@@@@@@@@@@@@@@@@@@@@@@@@@@@@@@@
Debug: sparse nonlocal_op@@@@@@@@@@@@@@@@@@@@@@@@@@@@@@@@@@
Debug: sparse nonlocal_op@@@@@@@@@@@@@@@@@@@@@@@@@@@@@@@@@@
Debug: sparse nonlocal_op@@@@@@@@@@@@@@@@@@@@@@@@@@@@@@@@@@
Debug: sparse nonlocal_op@@@@@@@@@@@@@@@@@@@@@@@@@@@@@@@@@@
Debug: sparse nonlocal_op@@@@@@@@@@@@@@@@@@@@@@@@@@@@@@@@@@
Debug: sparse nonlocal_op@@@@@@@@@@@@@@@@@@@@@@@@@@@@@@@@@@
Debug: sparse nonlocal_op@@@@@@@@@@@@@@@@@@@@@@@@@@@@@@@@@@
Debug: sparse nonlocal_op@@@@@@@@@@@@@@@@@@@@@@@@@@@@@@@@@@
Debug: sparse nonlocal_op@@@@@@@@@@@@@@@@@@@@@@@@@@@@@@@@@@
Debug: sparse nonlocal_op@@@@@@@@@@@@@@@@@@@@@@@@@@@@@@@@@@
Debug: sparse nonlocal_op@@@@@@@@@@@@@@@@@@@@@@@@@@@@@@@@@@
Debug: sparse nonlocal_op@@@@@@@@@@@@@@@@@@@@@@@@@@@@@@@@@@
Debug: sparse nonlocal_op@@@@@@@@@@@@@@@@@@@@@@@@@@@@@@@@@@
Debug: sparse nonlocal_op@@@@@@@@@@@@@@@@@@@@@@@@@@@@@@@@@@
Debug: sparse nonlocal_op@@@@@@@@@@@@@@@@@@@@@@@@@@@@@@@@@@
Debug: sparse nonlocal_op@@@@@@@@@@@@@@@@@@@@@@@@@@@@@@@@@@
Debug: sparse nonlocal_op@@@@@@@@@@@@@@@@@@@@@@@@@@@@@@@@@@
Debug: sparse nonlocal_op@@@@@@@@@@@@@@@@@@@@@@@@@@@@@@@@@@
Debug: sparse nonlocal_op@@@@@@@@@@@@@@@@@@@@@@@@@@@@@@@@@@
Debug: sparse nonlocal_op@@@@@@@@@@@@@@@@@@@@@@@@@@@@@@@@@@
Debug: sparse nonlocal_op@@@@@@@@@@@@@@@@@@@@@@@@@@@@@@@@@@
Debug: sparse nonlocal_op@@@@@@@@@@@@@@@@@@@@@@@@@@@@@@@@@@
Debug: sparse nonlocal_op@@@@@@@@@@@@@@@@@@@@@@@@@@@@@@@@@@
Debug: sparse nonlocal_op@@@@@@@@@@@@@@@@@@@@@@@@@@@@@@@@@@
Debug: sparse nonlocal_op@@@@@@@@@@@@@@@@@@@@@@@@@@@@@@@@@@
Debug: sparse nonlocal_op@@@@@@@@@@@@@@@@@@@@@@@@@@@@@@@@@@
Debug: sparse nonlocal_op@@@@@@@@@@@@@@@@@@@@@@@@@@@@@@@@@@
Debug: sparse nonlocal_op@@@@@@@@@@@@@@@@@@@@@@@@@@@@@@@@@@
Debug: sparse nonlocal_op@@@@@@@@@@@@@@@@@@@@@@@@@@@@@@@@@@
Debug: sparse nonlocal_op@@@@@@@@@@@@@@@@@@@@@@@@@@@@@@@@@@
Debug: sparse nonlocal_op@@@@@@@@@@@@@@@@@@@@@@@@@@@@@@@@@@
Debug: sparse nonlocal_op@@@@@@@@@@@@@@@@@@@@@@@@@@@@@@@@@@
Debug: sparse nonlocal_op@@@@@@@@@@@@@@@@@@@@@@@@@@@@@@@@@@
Debug: sparse nonlocal_op@@@@@@@@@@@@@@@@@@@@@@@@@@@@@@@@@@
Debug: sparse nonlocal_op@@@@@@@@@@@@@@@@@@@@@@@@@@@@@@@@@@
Debug: sparse nonlocal_op@@@@@@@@@@@@@@@@@@@@@@@@@@@@@@@@@@
Debug: sparse nonlocal_op@@@@@@@@@@@@@@@@@@@@@@@@@@@@@@@@@@
Debug: sparse nonlocal_op@@@@@@@@@@@@@@@@@@@@@@@@@@@@@@@@@@
Debug: sparse nonlocal_op@@@@@@@@@@@@@@@@@@@@@@@@@@@@@@@@@@
Debug: sparse nonlocal_op@@@@@@@@@@@@@@@@@@@@@@@@@@@@@@@@@@
Debug: sparse nonlocal_op@@@@@@@@@@@@@@@@@@@@@@@@@@@@@@@@@@
Debug: sparse nonlocal_op@@@@@@@@@@@@@@@@@@@@@@@@@@@@@@@@@@
Debug: sparse nonlocal_op@@@@@@@@@@@@@@@@@@@@@@@@@@@@@@@@@@
Debug: sparse nonlocal_op@@@@@@@@@@@@@@@@@@@@@@@@@@@@@@@@@@
Debug: sparse nonlocal_op@@@@@@@@@@@@@@@@@@@@@@@@@@@@@@@@@@
Debug: sparse nonlocal_op@@@@@@@@@@@@@@@@@@@@@@@@@@@@@@@@@@
Debug: sparse nonlocal_op@@@@@@@@@@@@@@@@@@@@@@@@@@@@@@@@@@
Debug: sparse nonlocal_op@@@@@@@@@@@@@@@@@@@@@@@@@@@@@@@@@@
Debug: sparse nonlocal_op@@@@@@@@@@@@@@@@@@@@@@@@@@@@@@@@@@
Debug: sparse nonlocal_op@@@@@@@@@@@@@@@@@@@@@@@@@@@@@@@@@@
Elapsed time[calc_nonlocal_energy]: 0.04319334030151367 sec

============ Energy (Hartree) ============
|   Total Energy        : -32.1918409551 |
------------------------------------------
| * Ion-ion Energy      : 0.0            |
| * Eigenvals sum for 0 : -0.4630155811  |
| * Hartree Energy      : 13.9377873596  |
| * XC Energy           : -12.1625325343 |
| * Kinetic Energy      : 13.7654997987  |
| * External Energy     : -52.2751220239 |
| * Non-local Energy    : 4.5425264448   |
==========================================
Elapsed time[calc_and_print_energies]: 0.08991265296936035 sec
Total energy difference = -32.191840955107274 Hartree
Elapsed time for 1 th cycle: 7.239466905593872 sec

==================== [ END CYCLE 1 ] ====================
Elapsed time[_get_mixed_var]: 3.814697265625e-05 sec
Elapsed time[compute_potential]: 0.007155179977416992 sec
Elapsed time[compute]: 0.020241260528564453 sec

==================== [ SCF CYCLE 2 ] ====================
Debug: sparse nonlocal_op@@@@@@@@@@@@@@@@@@@@@@@@@@@@@@@@@@
Debug: sparse nonlocal_op@@@@@@@@@@@@@@@@@@@@@@@@@@@@@@@@@@
Debug: sparse nonlocal_op@@@@@@@@@@@@@@@@@@@@@@@@@@@@@@@@@@
Debug: sparse nonlocal_op@@@@@@@@@@@@@@@@@@@@@@@@@@@@@@@@@@
Elapsed time[diagonalize]: 6.2902209758758545 sec

[ PRINT EIGENVALUES ]
( spin alpha )
* 1 th kpt (=[0. 0. 0.])
num        occ        value
1          2.0        -0.3146505901089225
2          2.0        -0.17163380199637093
3          2.0        -0.1684910687614961
4          2.0        -0.16584074496145684
5          2.0        -0.16173104909888442
6          2.0        -0.15978254749068793
7          2.0        -0.15642670295789965
8          2.0        0.016734276839220227
9          2.0        0.01808596511369519
10         2.0        0.019032272308398247
11         2.0        0.01926209965557227
12         2.0        0.02025514226855896
13         2.0        0.02136652653019412
14         2.0        0.12079559517618271
15         2.0        0.1251101788219219
16         2.0        0.12774179458625456
17         0.0        0.15494476403422333
18         0.0        0.15508105265719926
19         0.0        0.1565463155180089
20         0.0        0.1605521148457229


* 2 th kpt (=[0.5 0.  0. ])
num        occ        value
1          6.0        -0.27646165607287326
2          6.0        -0.27419333794660095
3          6.0        -0.16344075357051943
4          6.0        -0.1628181715638625
5          6.0        -0.15507094655512224
6          6.0        -0.1519534610969579
7          6.0        -0.016483565839925114
8          6.0        -0.016227872202178906
9          6.0        -0.015643527319688384
10         6.0        -0.015150824798453637
11         6.0        -0.007265601306308976
12         6.0        -0.006786814286582427
13         6.0        0.0525253442134916
14         6.0        0.05301407864223912
15         6.0        0.05464507226864626
16         6.0        0.0555700075537564
17         0.0        0.16973734904466958
18         0.0        0.17227314655167317
19         0.0        0.2544202300776984
20         0.0        0.2728273944454517


* 3 th kpt (=[0.5 0.5 0. ])
num        occ        value
1          6.0        -0.244403500027992
2          6.0        -0.24130903508631169
3          6.0        -0.23899991519468913
4          6.0        -0.2372012532310612
5          6.0        -0.07960219916622359
6          6.0        -0.07866320715839466
7          6.0        -0.0783652250953277
8          6.0        -0.07729919318825325
9          6.0        -0.013225135810377583
10         6.0        -0.012832111273522987
11         6.0        -0.011824387913325934
12         6.0        -0.010636333583498466
13         6.0        0.0712918776574481
14         6.0        0.0727521658967867
15         6.0        0.07462587646780032
16         6.0        0.07707875248643896
17         0.0        0.21778234174655026
18         0.0        0.22052750202474566
19         0.0        0.22936127197126516
20         0.0        0.2560226885757295


* 4 th kpt (=[0.5 0.5 0.5])
num        occ        value
1          2.0        -0.23407515581758662
2          2.0        -0.23190257972682343
3          2.0        -0.22905041236963172
4          2.0        -0.2268194395765179
5          2.0        -0.13164889719458517
6          2.0        -0.13107721460665853
7          2.0        -0.13033524998702403
8          2.0        -0.12937888198173364
9          2.0        0.07468316803778734
10         2.0        0.07522581224020662
11         2.0        0.0763777536795112
12         2.0        0.07708093453577725
13         2.0        0.07837708679666108
14         2.0        0.07930846227366535
15         2.0        0.08055284634220475
16         2.0        0.08296620287626136
17         0.0        0.18226423624539503
18         0.0        0.18588674394425597
19         0.0        0.19098588628294882
20         0.0        0.2014649266671282


Integral of density (=31.999999999999762) is normalized to 32.00000000000001
Orbital energy difference = -1.5002226141326194
Density difference (relative) = 0.150101120218448
Elapsed time[calc_external_energy]: 9.298324584960938e-05 sec
Debug: sparse nonlocal_op@@@@@@@@@@@@@@@@@@@@@@@@@@@@@@@@@@
Debug: sparse nonlocal_op@@@@@@@@@@@@@@@@@@@@@@@@@@@@@@@@@@
Debug: sparse nonlocal_op@@@@@@@@@@@@@@@@@@@@@@@@@@@@@@@@@@
Debug: sparse nonlocal_op@@@@@@@@@@@@@@@@@@@@@@@@@@@@@@@@@@
Debug: sparse nonlocal_op@@@@@@@@@@@@@@@@@@@@@@@@@@@@@@@@@@
Debug: sparse nonlocal_op@@@@@@@@@@@@@@@@@@@@@@@@@@@@@@@@@@
Debug: sparse nonlocal_op@@@@@@@@@@@@@@@@@@@@@@@@@@@@@@@@@@
Debug: sparse nonlocal_op@@@@@@@@@@@@@@@@@@@@@@@@@@@@@@@@@@
Debug: sparse nonlocal_op@@@@@@@@@@@@@@@@@@@@@@@@@@@@@@@@@@
Debug: sparse nonlocal_op@@@@@@@@@@@@@@@@@@@@@@@@@@@@@@@@@@
Debug: sparse nonlocal_op@@@@@@@@@@@@@@@@@@@@@@@@@@@@@@@@@@
Debug: sparse nonlocal_op@@@@@@@@@@@@@@@@@@@@@@@@@@@@@@@@@@
Debug: sparse nonlocal_op@@@@@@@@@@@@@@@@@@@@@@@@@@@@@@@@@@
Debug: sparse nonlocal_op@@@@@@@@@@@@@@@@@@@@@@@@@@@@@@@@@@
Debug: sparse nonlocal_op@@@@@@@@@@@@@@@@@@@@@@@@@@@@@@@@@@
Debug: sparse nonlocal_op@@@@@@@@@@@@@@@@@@@@@@@@@@@@@@@@@@
Debug: sparse nonlocal_op@@@@@@@@@@@@@@@@@@@@@@@@@@@@@@@@@@
Debug: sparse nonlocal_op@@@@@@@@@@@@@@@@@@@@@@@@@@@@@@@@@@
Debug: sparse nonlocal_op@@@@@@@@@@@@@@@@@@@@@@@@@@@@@@@@@@
Debug: sparse nonlocal_op@@@@@@@@@@@@@@@@@@@@@@@@@@@@@@@@@@
Debug: sparse nonlocal_op@@@@@@@@@@@@@@@@@@@@@@@@@@@@@@@@@@
Debug: sparse nonlocal_op@@@@@@@@@@@@@@@@@@@@@@@@@@@@@@@@@@
Debug: sparse nonlocal_op@@@@@@@@@@@@@@@@@@@@@@@@@@@@@@@@@@
Debug: sparse nonlocal_op@@@@@@@@@@@@@@@@@@@@@@@@@@@@@@@@@@
Debug: sparse nonlocal_op@@@@@@@@@@@@@@@@@@@@@@@@@@@@@@@@@@
Debug: sparse nonlocal_op@@@@@@@@@@@@@@@@@@@@@@@@@@@@@@@@@@
Debug: sparse nonlocal_op@@@@@@@@@@@@@@@@@@@@@@@@@@@@@@@@@@
Debug: sparse nonlocal_op@@@@@@@@@@@@@@@@@@@@@@@@@@@@@@@@@@
Debug: sparse nonlocal_op@@@@@@@@@@@@@@@@@@@@@@@@@@@@@@@@@@
Debug: sparse nonlocal_op@@@@@@@@@@@@@@@@@@@@@@@@@@@@@@@@@@
Debug: sparse nonlocal_op@@@@@@@@@@@@@@@@@@@@@@@@@@@@@@@@@@
Debug: sparse nonlocal_op@@@@@@@@@@@@@@@@@@@@@@@@@@@@@@@@@@
Debug: sparse nonlocal_op@@@@@@@@@@@@@@@@@@@@@@@@@@@@@@@@@@
Debug: sparse nonlocal_op@@@@@@@@@@@@@@@@@@@@@@@@@@@@@@@@@@
Debug: sparse nonlocal_op@@@@@@@@@@@@@@@@@@@@@@@@@@@@@@@@@@
Debug: sparse nonlocal_op@@@@@@@@@@@@@@@@@@@@@@@@@@@@@@@@@@
Debug: sparse nonlocal_op@@@@@@@@@@@@@@@@@@@@@@@@@@@@@@@@@@
Debug: sparse nonlocal_op@@@@@@@@@@@@@@@@@@@@@@@@@@@@@@@@@@
Debug: sparse nonlocal_op@@@@@@@@@@@@@@@@@@@@@@@@@@@@@@@@@@
Debug: sparse nonlocal_op@@@@@@@@@@@@@@@@@@@@@@@@@@@@@@@@@@
Debug: sparse nonlocal_op@@@@@@@@@@@@@@@@@@@@@@@@@@@@@@@@@@
Debug: sparse nonlocal_op@@@@@@@@@@@@@@@@@@@@@@@@@@@@@@@@@@
Debug: sparse nonlocal_op@@@@@@@@@@@@@@@@@@@@@@@@@@@@@@@@@@
Debug: sparse nonlocal_op@@@@@@@@@@@@@@@@@@@@@@@@@@@@@@@@@@
Debug: sparse nonlocal_op@@@@@@@@@@@@@@@@@@@@@@@@@@@@@@@@@@
Debug: sparse nonlocal_op@@@@@@@@@@@@@@@@@@@@@@@@@@@@@@@@@@
Debug: sparse nonlocal_op@@@@@@@@@@@@@@@@@@@@@@@@@@@@@@@@@@
Debug: sparse nonlocal_op@@@@@@@@@@@@@@@@@@@@@@@@@@@@@@@@@@
Debug: sparse nonlocal_op@@@@@@@@@@@@@@@@@@@@@@@@@@@@@@@@@@
Debug: sparse nonlocal_op@@@@@@@@@@@@@@@@@@@@@@@@@@@@@@@@@@
Debug: sparse nonlocal_op@@@@@@@@@@@@@@@@@@@@@@@@@@@@@@@@@@
Debug: sparse nonlocal_op@@@@@@@@@@@@@@@@@@@@@@@@@@@@@@@@@@
Debug: sparse nonlocal_op@@@@@@@@@@@@@@@@@@@@@@@@@@@@@@@@@@
Debug: sparse nonlocal_op@@@@@@@@@@@@@@@@@@@@@@@@@@@@@@@@@@
Debug: sparse nonlocal_op@@@@@@@@@@@@@@@@@@@@@@@@@@@@@@@@@@
Debug: sparse nonlocal_op@@@@@@@@@@@@@@@@@@@@@@@@@@@@@@@@@@
Debug: sparse nonlocal_op@@@@@@@@@@@@@@@@@@@@@@@@@@@@@@@@@@
Debug: sparse nonlocal_op@@@@@@@@@@@@@@@@@@@@@@@@@@@@@@@@@@
Debug: sparse nonlocal_op@@@@@@@@@@@@@@@@@@@@@@@@@@@@@@@@@@
Debug: sparse nonlocal_op@@@@@@@@@@@@@@@@@@@@@@@@@@@@@@@@@@
Debug: sparse nonlocal_op@@@@@@@@@@@@@@@@@@@@@@@@@@@@@@@@@@
Debug: sparse nonlocal_op@@@@@@@@@@@@@@@@@@@@@@@@@@@@@@@@@@
Debug: sparse nonlocal_op@@@@@@@@@@@@@@@@@@@@@@@@@@@@@@@@@@
Debug: sparse nonlocal_op@@@@@@@@@@@@@@@@@@@@@@@@@@@@@@@@@@
Elapsed time[calc_nonlocal_energy]: 0.0424802303314209 sec

============ Energy (Hartree) ============
|   Total Energy        : -33.386634894  |
------------------------------------------
| * Ion-ion Energy      : 0.0            |
| * Eigenvals sum for 0 : -1.9632381952  |
| * Hartree Energy      : 13.7531143932  |
| * XC Energy           : -12.176269947  |
| * Kinetic Energy      : 12.5917101383  |
| * External Energy     : -52.2984492096 |
| * Non-local Energy    : 4.743259731    |
==========================================
Elapsed time[calc_and_print_energies]: 0.0879509449005127 sec
Total energy difference = -1.1947939389099744 Hartree
Elapsed time for 2 th cycle: 6.38893461227417 sec

==================== [ END CYCLE 2 ] ====================
Elapsed time[_get_mixed_var]: 4.649162292480469e-05 sec
Elapsed time[compute_potential]: 0.0070726871490478516 sec
Elapsed time[compute]: 0.020198583602905273 sec

==================== [ SCF CYCLE 3 ] ====================
Debug: sparse nonlocal_op@@@@@@@@@@@@@@@@@@@@@@@@@@@@@@@@@@
Debug: sparse nonlocal_op@@@@@@@@@@@@@@@@@@@@@@@@@@@@@@@@@@
Debug: sparse nonlocal_op@@@@@@@@@@@@@@@@@@@@@@@@@@@@@@@@@@
Debug: sparse nonlocal_op@@@@@@@@@@@@@@@@@@@@@@@@@@@@@@@@@@
Elapsed time[diagonalize]: 6.229724645614624 sec

[ PRINT EIGENVALUES ]
( spin alpha )
* 1 th kpt (=[0. 0. 0.])
num        occ        value
1          2.0        -0.31106824820850765
2          2.0        -0.1657333171195278
3          2.0        -0.16476671303516666
4          2.0        -0.16321602030529767
5          2.0        -0.15633717822375356
6          2.0        -0.15561527202791894
7          2.0        -0.15401192217109663
8          2.0        0.021419679572423675
9          2.0        0.02187561692458062
10         2.0        0.022170524679254507
11         2.0        0.022709358402503182
12         2.0        0.023054411412345967
13         2.0        0.023566997391191793
14         2.0        0.12413843232847104
15         2.0        0.12457329177778259
16         2.0        0.12478323338792122
17         0.0        0.15609341086466016
18         0.0        0.15635698424536182
19         0.0        0.15675310823263167
20         0.0        0.15785414877965795


* 2 th kpt (=[0.5 0.  0. ])
num        occ        value
1          6.0        -0.27191442759599443
2          6.0        -0.27131160012334776
3          6.0        -0.15910216613668712
4          6.0        -0.1587355852746745
5          6.0        -0.14989625179401347
6          6.0        -0.14879785456575245
7          6.0        -0.013694241451232748
8          6.0        -0.012921977690890839
9          6.0        -0.012758849399668648
10         6.0        -0.012555839033852063
11         6.0        -0.003260341428271205
12         6.0        -0.0030701813959986128
13         6.0        0.05682436874438215
14         6.0        0.05715665667989518
15         6.0        0.057627441431876834
16         6.0        0.0577040904524724
17         0.0        0.1716767660307247
18         0.0        0.1719881207131693
19         0.0        0.24652692894249642
20         0.0        0.24851524115286033


* 3 th kpt (=[0.5 0.5 0. ])
num        occ        value
1          6.0        -0.23817410164200953
2          6.0        -0.2371839404459928
3          6.0        -0.2360499336415533
4          6.0        -0.23512245535653345
5          6.0        -0.0750595252628483
6          6.0        -0.07434002523544972
7          6.0        -0.07430728171884264
8          6.0        -0.07371336035281333
9          6.0        -0.009820936579834131
10         6.0        -0.009748000545772139
11         6.0        -0.009259459148476113
12         6.0        -0.00858302029746215
13         6.0        0.07598799387000407
14         6.0        0.07660432289314803
15         6.0        0.07729875366683625
16         6.0        0.0786529541827623
17         0.0        0.21919292901389975
18         0.0        0.21961674427004818
19         0.0        0.22029360067809348
20         0.0        0.22235757503639306


* 4 th kpt (=[0.5 0.5 0.5])
num        occ        value
1          2.0        -0.2277913567484515
2          2.0        -0.2270993486710817
3          2.0        -0.2260721525359644
4          2.0        -0.22461217013712334
5          2.0        -0.1281032304729104
6          2.0        -0.12772829251800236
7          2.0        -0.12724354204127017
8          2.0        -0.12682013779489018
9          2.0        0.0802550773764584
10         2.0        0.08034118066274486
11         2.0        0.08081339548726167
12         2.0        0.08142263938445286
13         2.0        0.0815254109340614
14         2.0        0.08202955791081724
15         2.0        0.0825816404650134
16         2.0        0.08366360433106497
17         0.0        0.1850344547156182
18         0.0        0.1855424249203868
19         0.0        0.18579648222410675
20         0.0        0.18648699859291443


/home/jhwoo/.conda/envs/GOSPEL_torch/lib/python3.8/site-packages/scipy/sparse/_index.py:146: SparseEfficiencyWarning: Changing the sparsity structure of a csr_matrix is expensive. lil_matrix is more efficient.
  self._set_arrayXarray(i, j, x)
/home/jhwoo/programs/gospel/gospel/Eigensolver/Scipy.py:60: UserWarning: Exited at iteration 20 with accuracies 
[0.00237716 0.17448503 0.18342181 0.23982912 0.32074479 0.2881377
 0.44578603 0.18636832 0.23452954 0.32906305 0.34425325 0.31318986
 0.29143477 0.33322507 0.35381775 0.45506955 0.47854711 0.51925157
 0.61552843 0.06063691]
not reaching the requested tolerance 1e-07.
  val, vec = lobpcg(
/home/jhwoo/programs/gospel/gospel/Eigensolver/Scipy.py:60: UserWarning: Exited at iteration 20 with accuracies 
[0.01084367+0.j 0.22667786+0.j 0.19001675+0.j 0.21279551+0.j
 0.2297422 +0.j 0.36797726+0.j 0.19750772+0.j 0.23388401+0.j
 0.2611987 +0.j 0.295513  +0.j 0.32455059+0.j 0.33172751+0.j
 0.37337687+0.j 0.48703633+0.j 0.37792019+0.j 0.46557735+0.j
 0.34041621+0.j 0.43943781+0.j 0.31011964+0.j 0.38828347+0.j]
not reaching the requested tolerance 1e-07.
  val, vec = lobpcg(
/home/jhwoo/programs/gospel/gospel/Eigensolver/Scipy.py:60: UserWarning: Exited at iteration 20 with accuracies 
[0.03535204+0.j 0.21036304+0.j 0.24805701+0.j 0.3116075 +0.j
 0.2280915 +0.j 0.26201952+0.j 0.30641005+0.j 0.32894519+0.j
 0.28895217+0.j 0.31605071+0.j 0.39262358+0.j 0.38738863+0.j
 0.38155367+0.j 0.43528245+0.j 0.46138717+0.j 0.34262975+0.j
 0.36506607+0.j 0.37307011+0.j 0.39985812+0.j 0.39313651+0.j]
not reaching the requested tolerance 1e-07.
  val, vec = lobpcg(
/home/jhwoo/programs/gospel/gospel/Eigensolver/Scipy.py:60: UserWarning: Exited at iteration 20 with accuracies 
[0.09139001+0.j 0.22423178+0.j 0.27457251+0.j 0.31493006+0.j
 0.14387662+0.j 0.20696728+0.j 0.24870371+0.j 0.3636116 +0.j
 0.20988636+0.j 0.25897336+0.j 0.25318485+0.j 0.33127405+0.j
 0.36922514+0.j 0.43221188+0.j 0.39157029+0.j 0.39888129+0.j
 0.33687193+0.j 0.37930205+0.j 0.46509321+0.j 0.52044645+0.j]
not reaching the requested tolerance 1e-07.
  val, vec = lobpcg(
/home/jhwoo/programs/gospel/gospel/smearing_functions.py:11: RuntimeWarning: overflow encountered in exp
  return 1 / (np.exp(val) + 1)
/home/jhwoo/programs/gospel/gospel/Eigensolver/Scipy.py:60: UserWarning: Exited at iteration 20 with accuracies 
[7.36490843e-05 7.05639334e-03 7.76868258e-03 9.69736103e-03
 1.04688219e-02 8.42431998e-03 4.72530532e-03 1.51724959e-02
 2.53802998e-02 4.16178086e-02 2.28534867e-02 3.16657662e-02
 2.91011412e-02 4.25625790e-02 1.17394401e-01 1.40738066e-01
 2.95856493e-02 3.29960014e-02 4.02012487e-02 1.14506320e-01]
not reaching the requested tolerance 1e-07.
  val, vec = lobpcg(
/home/jhwoo/programs/gospel/gospel/Eigensolver/Scipy.py:60: UserWarning: Exited at iteration 20 with accuracies 
[0.0018233 +0.j 0.00176603+0.j 0.00488678+0.j 0.00405032+0.j
 0.00975915+0.j 0.0045473 +0.j 0.02630198+0.j 0.02641589+0.j
 0.01622881+0.j 0.03158944+0.j 0.03011198+0.j 0.02376116+0.j
 0.02136674+0.j 0.03708393+0.j 0.0223008 +0.j 0.04669962+0.j
 0.02246321+0.j 0.07472814+0.j 0.11648993+0.j 0.17026613+0.j]
not reaching the requested tolerance 1e-07.
  val, vec = lobpcg(
/home/jhwoo/programs/gospel/gospel/Eigensolver/Scipy.py:60: UserWarning: Exited at iteration 20 with accuracies 
[0.00355953+0.j 0.00323073+0.j 0.00252359+0.j 0.00278909+0.j
 0.00879128+0.j 0.00832169+0.j 0.00904096+0.j 0.01020375+0.j
 0.01475892+0.j 0.0207318 +0.j 0.01239578+0.j 0.01715273+0.j
 0.04139965+0.j 0.04095623+0.j 0.04859528+0.j 0.06545299+0.j
 0.05637854+0.j 0.0761659 +0.j 0.1469121 +0.j 0.20970741+0.j]
not reaching the requested tolerance 1e-07.
  val, vec = lobpcg(
/home/jhwoo/programs/gospel/gospel/Eigensolver/Scipy.py:60: UserWarning: Exited at iteration 20 with accuracies 
[0.00315022+0.j 0.00478578+0.j 0.00424858+0.j 0.00309765+0.j
 0.00779611+0.j 0.0055722 +0.j 0.00668607+0.j 0.00749975+0.j
 0.0347728 +0.j 0.03831187+0.j 0.04568697+0.j 0.02222494+0.j
 0.05417324+0.j 0.0466661 +0.j 0.04309339+0.j 0.08143986+0.j
 0.03901406+0.j 0.09596792+0.j 0.15338024+0.j 0.19050514+0.j]
not reaching the requested tolerance 1e-07.
  val, vec = lobpcg(
/home/jhwoo/programs/gospel/gospel/Eigensolver/Scipy.py:60: UserWarning: Exited at iteration 20 with accuracies 
[1.54439186e-05 8.76991158e-05 1.04774476e-04 9.85143754e-05
 1.42533665e-04 1.52025865e-04 8.21307120e-05 1.10013121e-03
 6.21022186e-04 1.07773032e-03 7.99741190e-04 1.28213168e-03
 1.30108802e-03 2.11396984e-02 1.33857102e-02 2.61968204e-02
 1.17811615e-02 1.38039500e-02 1.10741188e-02 8.41092117e-03]
not reaching the requested tolerance 1e-07.
  val, vec = lobpcg(
/home/jhwoo/programs/gospel/gospel/Eigensolver/Scipy.py:60: UserWarning: Exited at iteration 20 with accuracies 
[1.90845690e-05+0.j 2.43622978e-05+0.j 7.71663671e-05+0.j
 9.17472810e-05+0.j 1.55666987e-04+0.j 8.27335604e-05+0.j
 9.50668769e-04+0.j 5.74369522e-04+0.j 4.24784717e-04+0.j
 5.99761393e-04+0.j 7.03562641e-04+0.j 6.09025599e-04+0.j
 1.04268275e-03+0.j 1.24179429e-03+0.j 1.34205776e-03+0.j
 1.01830121e-03+0.j 5.40631139e-03+0.j 5.87961840e-03+0.j
 3.56324151e-02+0.j 6.73325641e-02+0.j]
not reaching the requested tolerance 1e-07.
  val, vec = lobpcg(
/home/jhwoo/programs/gospel/gospel/Eigensolver/Scipy.py:60: UserWarning: Exited at iteration 20 with accuracies 
[5.54015007e-05+0.j 4.61226974e-05+0.j 5.44673096e-05+0.j
 4.08250767e-05+0.j 1.79762306e-04+0.j 1.72024379e-04+0.j
 1.69143343e-04+0.j 2.22174148e-04+0.j 4.28357503e-04+0.j
 4.72547256e-04+0.j 4.19922657e-04+0.j 4.13996642e-04+0.j
 2.29789746e-03+0.j 2.34992876e-03+0.j 2.29757541e-03+0.j
 1.93986618e-03+0.j 1.46675412e-02+0.j 1.89452159e-02+0.j
 2.60627023e-02+0.j 4.32260874e-02+0.j]
not reaching the requested tolerance 1e-07.
  val, vec = lobpcg(
/home/jhwoo/programs/gospel/gospel/Eigensolver/Scipy.py:60: UserWarning: Exited at iteration 20 with accuracies 
[4.86892899e-05+0.j 6.73251135e-05+0.j 5.36420440e-05+0.j
 4.70398708e-05+0.j 1.25530508e-04+0.j 1.44829841e-04+0.j
 1.83896986e-04+0.j 1.48706772e-04+0.j 3.15892083e-03+0.j
 2.51143055e-03+0.j 3.33234474e-03+0.j 2.95206071e-03+0.j
 3.11588911e-03+0.j 1.89658521e-03+0.j 2.30382621e-03+0.j
 2.58179935e-03+0.j 1.35683657e-02+0.j 2.57225241e-02+0.j
 2.65405892e-02+0.j 4.24710985e-02+0.j]
not reaching the requested tolerance 1e-07.
  val, vec = lobpcg(
/home/jhwoo/programs/gospel/gospel/Eigensolver/Scipy.py:60: UserWarning: Exited at iteration 20 with accuracies 
[3.79887803e-05 1.72934771e-04 1.58223690e-04 1.04061309e-04
 1.55092032e-04 2.21581179e-04 2.41677199e-04 5.59657456e-04
 6.80132850e-04 1.07264333e-03 4.50078531e-04 4.31441319e-04
 6.55453146e-04 1.55752181e-03 7.61470277e-04 5.76861268e-03
 6.60882420e-03 8.98700959e-03 7.46577739e-03 3.21557911e-03]
not reaching the requested tolerance 1e-07.
  val, vec = lobpcg(
/home/jhwoo/programs/gospel/gospel/Eigensolver/Scipy.py:60: UserWarning: Exited at iteration 20 with accuracies 
[4.40068704e-05+0.j 3.78438401e-05+0.j 1.51648235e-04+0.j
 1.52297174e-04+0.j 1.71691922e-04+0.j 1.76771135e-04+0.j
 6.14577119e-04+0.j 6.24707968e-04+0.j 7.78890283e-04+0.j
 8.31110348e-04+0.j 3.92271791e-04+0.j 3.66222158e-04+0.j
 7.32276268e-04+0.j 6.78694742e-04+0.j 7.19525160e-04+0.j
 6.81989297e-04+0.j 9.04119096e-04+0.j 1.20586895e-03+0.j
 1.01088822e-02+0.j 1.82780316e-02+0.j]
not reaching the requested tolerance 1e-07.
  val, vec = lobpcg(
/home/jhwoo/programs/gospel/gospel/Eigensolver/Scipy.py:60: UserWarning: Exited at iteration 20 with accuracies 
[1.14525041e-04+0.j 1.06680701e-04+0.j 1.13991247e-04+0.j
 8.33536128e-05+0.j 2.48031526e-04+0.j 2.14002212e-04+0.j
 2.08306213e-04+0.j 2.48317270e-04+0.j 3.98314049e-04+0.j
 3.79660293e-04+0.j 4.38473050e-04+0.j 4.74436287e-04+0.j
 5.69854142e-04+0.j 7.64113072e-04+0.j 6.76193723e-04+0.j
 5.96163420e-04+0.j 8.92070205e-03+0.j 6.30400048e-03+0.j
 5.11375452e-03+0.j 5.93527978e-03+0.j]
not reaching the requested tolerance 1e-07.
  val, vec = lobpcg(
Integral of density (=32.00000000000001) is normalized to 32.00000000000001
Orbital energy difference = 0.11077090217153573
Density difference (relative) = 0.11712879212650411
Elapsed time[calc_external_energy]: 7.581710815429688e-05 sec
Debug: sparse nonlocal_op@@@@@@@@@@@@@@@@@@@@@@@@@@@@@@@@@@
Debug: sparse nonlocal_op@@@@@@@@@@@@@@@@@@@@@@@@@@@@@@@@@@
Debug: sparse nonlocal_op@@@@@@@@@@@@@@@@@@@@@@@@@@@@@@@@@@
Debug: sparse nonlocal_op@@@@@@@@@@@@@@@@@@@@@@@@@@@@@@@@@@
Debug: sparse nonlocal_op@@@@@@@@@@@@@@@@@@@@@@@@@@@@@@@@@@
Debug: sparse nonlocal_op@@@@@@@@@@@@@@@@@@@@@@@@@@@@@@@@@@
Debug: sparse nonlocal_op@@@@@@@@@@@@@@@@@@@@@@@@@@@@@@@@@@
Debug: sparse nonlocal_op@@@@@@@@@@@@@@@@@@@@@@@@@@@@@@@@@@
Debug: sparse nonlocal_op@@@@@@@@@@@@@@@@@@@@@@@@@@@@@@@@@@
Debug: sparse nonlocal_op@@@@@@@@@@@@@@@@@@@@@@@@@@@@@@@@@@
Debug: sparse nonlocal_op@@@@@@@@@@@@@@@@@@@@@@@@@@@@@@@@@@
Debug: sparse nonlocal_op@@@@@@@@@@@@@@@@@@@@@@@@@@@@@@@@@@
Debug: sparse nonlocal_op@@@@@@@@@@@@@@@@@@@@@@@@@@@@@@@@@@
Debug: sparse nonlocal_op@@@@@@@@@@@@@@@@@@@@@@@@@@@@@@@@@@
Debug: sparse nonlocal_op@@@@@@@@@@@@@@@@@@@@@@@@@@@@@@@@@@
Debug: sparse nonlocal_op@@@@@@@@@@@@@@@@@@@@@@@@@@@@@@@@@@
Debug: sparse nonlocal_op@@@@@@@@@@@@@@@@@@@@@@@@@@@@@@@@@@
Debug: sparse nonlocal_op@@@@@@@@@@@@@@@@@@@@@@@@@@@@@@@@@@
Debug: sparse nonlocal_op@@@@@@@@@@@@@@@@@@@@@@@@@@@@@@@@@@
Debug: sparse nonlocal_op@@@@@@@@@@@@@@@@@@@@@@@@@@@@@@@@@@
Debug: sparse nonlocal_op@@@@@@@@@@@@@@@@@@@@@@@@@@@@@@@@@@
Debug: sparse nonlocal_op@@@@@@@@@@@@@@@@@@@@@@@@@@@@@@@@@@
Debug: sparse nonlocal_op@@@@@@@@@@@@@@@@@@@@@@@@@@@@@@@@@@
Debug: sparse nonlocal_op@@@@@@@@@@@@@@@@@@@@@@@@@@@@@@@@@@
Debug: sparse nonlocal_op@@@@@@@@@@@@@@@@@@@@@@@@@@@@@@@@@@
Debug: sparse nonlocal_op@@@@@@@@@@@@@@@@@@@@@@@@@@@@@@@@@@
Debug: sparse nonlocal_op@@@@@@@@@@@@@@@@@@@@@@@@@@@@@@@@@@
Debug: sparse nonlocal_op@@@@@@@@@@@@@@@@@@@@@@@@@@@@@@@@@@
Debug: sparse nonlocal_op@@@@@@@@@@@@@@@@@@@@@@@@@@@@@@@@@@
Debug: sparse nonlocal_op@@@@@@@@@@@@@@@@@@@@@@@@@@@@@@@@@@
Debug: sparse nonlocal_op@@@@@@@@@@@@@@@@@@@@@@@@@@@@@@@@@@
Debug: sparse nonlocal_op@@@@@@@@@@@@@@@@@@@@@@@@@@@@@@@@@@
Debug: sparse nonlocal_op@@@@@@@@@@@@@@@@@@@@@@@@@@@@@@@@@@
Debug: sparse nonlocal_op@@@@@@@@@@@@@@@@@@@@@@@@@@@@@@@@@@
Debug: sparse nonlocal_op@@@@@@@@@@@@@@@@@@@@@@@@@@@@@@@@@@
Debug: sparse nonlocal_op@@@@@@@@@@@@@@@@@@@@@@@@@@@@@@@@@@
Debug: sparse nonlocal_op@@@@@@@@@@@@@@@@@@@@@@@@@@@@@@@@@@
Debug: sparse nonlocal_op@@@@@@@@@@@@@@@@@@@@@@@@@@@@@@@@@@
Debug: sparse nonlocal_op@@@@@@@@@@@@@@@@@@@@@@@@@@@@@@@@@@
Debug: sparse nonlocal_op@@@@@@@@@@@@@@@@@@@@@@@@@@@@@@@@@@
Debug: sparse nonlocal_op@@@@@@@@@@@@@@@@@@@@@@@@@@@@@@@@@@
Debug: sparse nonlocal_op@@@@@@@@@@@@@@@@@@@@@@@@@@@@@@@@@@
Debug: sparse nonlocal_op@@@@@@@@@@@@@@@@@@@@@@@@@@@@@@@@@@
Debug: sparse nonlocal_op@@@@@@@@@@@@@@@@@@@@@@@@@@@@@@@@@@
Debug: sparse nonlocal_op@@@@@@@@@@@@@@@@@@@@@@@@@@@@@@@@@@
Debug: sparse nonlocal_op@@@@@@@@@@@@@@@@@@@@@@@@@@@@@@@@@@
Debug: sparse nonlocal_op@@@@@@@@@@@@@@@@@@@@@@@@@@@@@@@@@@
Debug: sparse nonlocal_op@@@@@@@@@@@@@@@@@@@@@@@@@@@@@@@@@@
Debug: sparse nonlocal_op@@@@@@@@@@@@@@@@@@@@@@@@@@@@@@@@@@
Debug: sparse nonlocal_op@@@@@@@@@@@@@@@@@@@@@@@@@@@@@@@@@@
Debug: sparse nonlocal_op@@@@@@@@@@@@@@@@@@@@@@@@@@@@@@@@@@
Debug: sparse nonlocal_op@@@@@@@@@@@@@@@@@@@@@@@@@@@@@@@@@@
Debug: sparse nonlocal_op@@@@@@@@@@@@@@@@@@@@@@@@@@@@@@@@@@
Debug: sparse nonlocal_op@@@@@@@@@@@@@@@@@@@@@@@@@@@@@@@@@@
Debug: sparse nonlocal_op@@@@@@@@@@@@@@@@@@@@@@@@@@@@@@@@@@
Debug: sparse nonlocal_op@@@@@@@@@@@@@@@@@@@@@@@@@@@@@@@@@@
Debug: sparse nonlocal_op@@@@@@@@@@@@@@@@@@@@@@@@@@@@@@@@@@
Debug: sparse nonlocal_op@@@@@@@@@@@@@@@@@@@@@@@@@@@@@@@@@@
Debug: sparse nonlocal_op@@@@@@@@@@@@@@@@@@@@@@@@@@@@@@@@@@
Debug: sparse nonlocal_op@@@@@@@@@@@@@@@@@@@@@@@@@@@@@@@@@@
Debug: sparse nonlocal_op@@@@@@@@@@@@@@@@@@@@@@@@@@@@@@@@@@
Debug: sparse nonlocal_op@@@@@@@@@@@@@@@@@@@@@@@@@@@@@@@@@@
Debug: sparse nonlocal_op@@@@@@@@@@@@@@@@@@@@@@@@@@@@@@@@@@
Debug: sparse nonlocal_op@@@@@@@@@@@@@@@@@@@@@@@@@@@@@@@@@@
Elapsed time[calc_nonlocal_energy]: 0.04175758361816406 sec

============ Energy (Hartree) ============
|   Total Energy        : -33.4958481866 |
------------------------------------------
| * Ion-ion Energy      : 0.0            |
| * Eigenvals sum for 0 : -1.852467293   |
| * Hartree Energy      : 13.7681597508  |
| * XC Energy           : -12.2213567815 |
| * Kinetic Energy      : 12.5344439785  |
| * External Energy     : -52.291596555  |
| * Non-local Energy    : 4.7145014204   |
==========================================
Elapsed time[calc_and_print_energies]: 0.0872335433959961 sec
Total energy difference = -0.10921329262902191 Hartree
Elapsed time for 3 th cycle: 6.329383850097656 sec

==================== [ END CYCLE 3 ] ====================
Elapsed time[_get_mixed_var]: 0.0005421638488769531 sec
Elapsed time[compute_potential]: 0.007021427154541016 sec
Elapsed time[compute]: 0.0200958251953125 sec

==================== [ SCF CYCLE 4 ] ====================
Debug: sparse nonlocal_op@@@@@@@@@@@@@@@@@@@@@@@@@@@@@@@@@@
Debug: sparse nonlocal_op@@@@@@@@@@@@@@@@@@@@@@@@@@@@@@@@@@
Debug: sparse nonlocal_op@@@@@@@@@@@@@@@@@@@@@@@@@@@@@@@@@@
Debug: sparse nonlocal_op@@@@@@@@@@@@@@@@@@@@@@@@@@@@@@@@@@
Elapsed time[diagonalize]: 6.252267837524414 sec

[ PRINT EIGENVALUES ]
( spin alpha )
* 1 th kpt (=[0. 0. 0.])
num        occ        value
1          2.0        -0.2978932035445224
2          2.0        -0.15109097073486213
3          2.0        -0.1490852559804069
4          2.0        -0.14878852495177514
5          2.0        -0.1419115303517937
6          2.0        -0.14042245797010455
7          2.0        -0.1392604024605996
8          2.0        0.0346515801410208
9          2.0        0.03504174692288898
10         2.0        0.035563815096308835
11         2.0        0.03587083570426646
12         2.0        0.03624789457885307
13         2.0        0.03665966248100101
14         2.0        0.14123829626486636
15         2.0        0.1413088716885266
16         2.0        0.1418838835519497
17         0.0        0.16294669050206279
18         0.0        0.1638349214857144
19         0.0        0.1643308396998974
20         0.0        0.16555232788589516


* 2 th kpt (=[0.5 0.  0. ])
num        occ        value
1          6.0        -0.25830866271087777
2          6.0        -0.2577878951172618
3          6.0        -0.14408736211304032
4          6.0        -0.14286725097169609
5          6.0        -0.134172752168126
6          6.0        -0.13392663023648946
7          6.0        -0.0027808980916279704
8          6.0        -0.002030507910240406
9          6.0        -0.001790369721215141
10         6.0        -0.0016018550097620158
11         6.0        0.013261048567764496
12         6.0        0.013461076746040287
13         6.0        0.07092125131531223
14         6.0        0.07100194975070048
15         6.0        0.071489648122821
16         6.0        0.07162711825611351
17         0.0        0.180496942485177
18         0.0        0.18076750240909967
19         0.0        0.25337856049082286
20         0.0        0.25371858849098533


* 3 th kpt (=[0.5 0.5 0. ])
num        occ        value
1          6.0        -0.2242270370166706
2          6.0        -0.22289218119363122
3          6.0        -0.22166122557729764
4          6.0        -0.22121784689130972
5          6.0        -0.05988618342416153
6          6.0        -0.05945342246193686
7          6.0        -0.059167261252840095
8          6.0        -0.05853483984377638
9          6.0        0.0014096670826676306
10         6.0        0.00178295519269811
11         6.0        0.0021907808559076002
12         6.0        0.0023635916894157788
13         6.0        0.09060532256903304
14         6.0        0.09215069104894005
15         6.0        0.09270537495138013
16         6.0        0.09357105436677966
17         0.0        0.22775350520692494
18         0.0        0.2291543366389473
19         0.0        0.2297042637727243
20         0.0        0.23031833527444168


* 4 th kpt (=[0.5 0.5 0.5])
num        occ        value
1          2.0        -0.2135450826315774
2          2.0        -0.2116255352424709
3          2.0        -0.21109068382017532
4          2.0        -0.21017344031340462
5          2.0        -0.11585502809638575
6          2.0        -0.11556089486466979
7          2.0        -0.11510575757063488
8          2.0        -0.11482480496751644
9          2.0        0.09499517617237786
10         2.0        0.0960688862856945
11         2.0        0.09689334692822461
12         2.0        0.09697156162099652
13         2.0        0.09729229506526031
14         2.0        0.09776170824719148
15         2.0        0.0981848299390713
16         2.0        0.0986511651937918
17         0.0        0.19727547527441622
18         0.0        0.19804289868857958
19         0.0        0.19830961868863645
20         0.0        0.198537580126203


Integral of density (=31.999999999999957) is normalized to 32.00000000000001
Orbital energy difference = 0.4488408002411566
Density difference (relative) = 0.016465928985935328
Elapsed time[calc_external_energy]: 4.7206878662109375e-05 sec
Debug: sparse nonlocal_op@@@@@@@@@@@@@@@@@@@@@@@@@@@@@@@@@@
Debug: sparse nonlocal_op@@@@@@@@@@@@@@@@@@@@@@@@@@@@@@@@@@
Debug: sparse nonlocal_op@@@@@@@@@@@@@@@@@@@@@@@@@@@@@@@@@@
Debug: sparse nonlocal_op@@@@@@@@@@@@@@@@@@@@@@@@@@@@@@@@@@
Debug: sparse nonlocal_op@@@@@@@@@@@@@@@@@@@@@@@@@@@@@@@@@@
Debug: sparse nonlocal_op@@@@@@@@@@@@@@@@@@@@@@@@@@@@@@@@@@
Debug: sparse nonlocal_op@@@@@@@@@@@@@@@@@@@@@@@@@@@@@@@@@@
Debug: sparse nonlocal_op@@@@@@@@@@@@@@@@@@@@@@@@@@@@@@@@@@
Debug: sparse nonlocal_op@@@@@@@@@@@@@@@@@@@@@@@@@@@@@@@@@@
Debug: sparse nonlocal_op@@@@@@@@@@@@@@@@@@@@@@@@@@@@@@@@@@
Debug: sparse nonlocal_op@@@@@@@@@@@@@@@@@@@@@@@@@@@@@@@@@@
Debug: sparse nonlocal_op@@@@@@@@@@@@@@@@@@@@@@@@@@@@@@@@@@
Debug: sparse nonlocal_op@@@@@@@@@@@@@@@@@@@@@@@@@@@@@@@@@@
Debug: sparse nonlocal_op@@@@@@@@@@@@@@@@@@@@@@@@@@@@@@@@@@
Debug: sparse nonlocal_op@@@@@@@@@@@@@@@@@@@@@@@@@@@@@@@@@@
Debug: sparse nonlocal_op@@@@@@@@@@@@@@@@@@@@@@@@@@@@@@@@@@
Debug: sparse nonlocal_op@@@@@@@@@@@@@@@@@@@@@@@@@@@@@@@@@@
Debug: sparse nonlocal_op@@@@@@@@@@@@@@@@@@@@@@@@@@@@@@@@@@
Debug: sparse nonlocal_op@@@@@@@@@@@@@@@@@@@@@@@@@@@@@@@@@@
Debug: sparse nonlocal_op@@@@@@@@@@@@@@@@@@@@@@@@@@@@@@@@@@
Debug: sparse nonlocal_op@@@@@@@@@@@@@@@@@@@@@@@@@@@@@@@@@@
Debug: sparse nonlocal_op@@@@@@@@@@@@@@@@@@@@@@@@@@@@@@@@@@
Debug: sparse nonlocal_op@@@@@@@@@@@@@@@@@@@@@@@@@@@@@@@@@@
Debug: sparse nonlocal_op@@@@@@@@@@@@@@@@@@@@@@@@@@@@@@@@@@
Debug: sparse nonlocal_op@@@@@@@@@@@@@@@@@@@@@@@@@@@@@@@@@@
Debug: sparse nonlocal_op@@@@@@@@@@@@@@@@@@@@@@@@@@@@@@@@@@
Debug: sparse nonlocal_op@@@@@@@@@@@@@@@@@@@@@@@@@@@@@@@@@@
Debug: sparse nonlocal_op@@@@@@@@@@@@@@@@@@@@@@@@@@@@@@@@@@
Debug: sparse nonlocal_op@@@@@@@@@@@@@@@@@@@@@@@@@@@@@@@@@@
Debug: sparse nonlocal_op@@@@@@@@@@@@@@@@@@@@@@@@@@@@@@@@@@
Debug: sparse nonlocal_op@@@@@@@@@@@@@@@@@@@@@@@@@@@@@@@@@@
Debug: sparse nonlocal_op@@@@@@@@@@@@@@@@@@@@@@@@@@@@@@@@@@
Debug: sparse nonlocal_op@@@@@@@@@@@@@@@@@@@@@@@@@@@@@@@@@@
Debug: sparse nonlocal_op@@@@@@@@@@@@@@@@@@@@@@@@@@@@@@@@@@
Debug: sparse nonlocal_op@@@@@@@@@@@@@@@@@@@@@@@@@@@@@@@@@@
Debug: sparse nonlocal_op@@@@@@@@@@@@@@@@@@@@@@@@@@@@@@@@@@
Debug: sparse nonlocal_op@@@@@@@@@@@@@@@@@@@@@@@@@@@@@@@@@@
Debug: sparse nonlocal_op@@@@@@@@@@@@@@@@@@@@@@@@@@@@@@@@@@
Debug: sparse nonlocal_op@@@@@@@@@@@@@@@@@@@@@@@@@@@@@@@@@@
Debug: sparse nonlocal_op@@@@@@@@@@@@@@@@@@@@@@@@@@@@@@@@@@
Debug: sparse nonlocal_op@@@@@@@@@@@@@@@@@@@@@@@@@@@@@@@@@@
Debug: sparse nonlocal_op@@@@@@@@@@@@@@@@@@@@@@@@@@@@@@@@@@
Debug: sparse nonlocal_op@@@@@@@@@@@@@@@@@@@@@@@@@@@@@@@@@@
Debug: sparse nonlocal_op@@@@@@@@@@@@@@@@@@@@@@@@@@@@@@@@@@
Debug: sparse nonlocal_op@@@@@@@@@@@@@@@@@@@@@@@@@@@@@@@@@@
Debug: sparse nonlocal_op@@@@@@@@@@@@@@@@@@@@@@@@@@@@@@@@@@
Debug: sparse nonlocal_op@@@@@@@@@@@@@@@@@@@@@@@@@@@@@@@@@@
Debug: sparse nonlocal_op@@@@@@@@@@@@@@@@@@@@@@@@@@@@@@@@@@
Debug: sparse nonlocal_op@@@@@@@@@@@@@@@@@@@@@@@@@@@@@@@@@@
Debug: sparse nonlocal_op@@@@@@@@@@@@@@@@@@@@@@@@@@@@@@@@@@
Debug: sparse nonlocal_op@@@@@@@@@@@@@@@@@@@@@@@@@@@@@@@@@@
Debug: sparse nonlocal_op@@@@@@@@@@@@@@@@@@@@@@@@@@@@@@@@@@
Debug: sparse nonlocal_op@@@@@@@@@@@@@@@@@@@@@@@@@@@@@@@@@@
Debug: sparse nonlocal_op@@@@@@@@@@@@@@@@@@@@@@@@@@@@@@@@@@
Debug: sparse nonlocal_op@@@@@@@@@@@@@@@@@@@@@@@@@@@@@@@@@@
Debug: sparse nonlocal_op@@@@@@@@@@@@@@@@@@@@@@@@@@@@@@@@@@
Debug: sparse nonlocal_op@@@@@@@@@@@@@@@@@@@@@@@@@@@@@@@@@@
Debug: sparse nonlocal_op@@@@@@@@@@@@@@@@@@@@@@@@@@@@@@@@@@
Debug: sparse nonlocal_op@@@@@@@@@@@@@@@@@@@@@@@@@@@@@@@@@@
Debug: sparse nonlocal_op@@@@@@@@@@@@@@@@@@@@@@@@@@@@@@@@@@
Debug: sparse nonlocal_op@@@@@@@@@@@@@@@@@@@@@@@@@@@@@@@@@@
Debug: sparse nonlocal_op@@@@@@@@@@@@@@@@@@@@@@@@@@@@@@@@@@
Debug: sparse nonlocal_op@@@@@@@@@@@@@@@@@@@@@@@@@@@@@@@@@@
Debug: sparse nonlocal_op@@@@@@@@@@@@@@@@@@@@@@@@@@@@@@@@@@
Elapsed time[calc_nonlocal_energy]: 0.04354596138000488 sec

============ Energy (Hartree) ============
|   Total Energy        : -33.8797255635 |
------------------------------------------
| * Ion-ion Energy      : 0.0            |
| * Eigenvals sum for 0 : -1.4036264928  |
| * Hartree Energy      : 13.8444401397  |
| * XC Energy           : -12.4222651927 |
| * Kinetic Energy      : 12.3484456706  |
| * External Energy     : -52.2672864785 |
| * Non-local Energy    : 4.6169402974   |
==========================================
Elapsed time[calc_and_print_energies]: 0.08828568458557129 sec
Total energy difference = -0.38387737685476964 Hartree
Elapsed time for 4 th cycle: 6.350435733795166 sec

==================== [ END CYCLE 4 ] ====================
Elapsed time[_get_mixed_var]: 0.00035834312438964844 sec
Elapsed time[compute_potential]: 0.006830453872680664 sec
Elapsed time[compute]: 0.019924640655517578 sec

==================== [ SCF CYCLE 5 ] ====================
Debug: sparse nonlocal_op@@@@@@@@@@@@@@@@@@@@@@@@@@@@@@@@@@
Debug: sparse nonlocal_op@@@@@@@@@@@@@@@@@@@@@@@@@@@@@@@@@@
Debug: sparse nonlocal_op@@@@@@@@@@@@@@@@@@@@@@@@@@@@@@@@@@
Debug: sparse nonlocal_op@@@@@@@@@@@@@@@@@@@@@@@@@@@@@@@@@@
Elapsed time[diagonalize]: 6.190833568572998 sec

[ PRINT EIGENVALUES ]
( spin alpha )
* 1 th kpt (=[0. 0. 0.])
num        occ        value
1          2.0        -0.2992050419998672
2          2.0        -0.151339931093773
3          2.0        -0.1511762554769371
4          2.0        -0.1509824791830009
5          2.0        -0.14219569854189235
6          2.0        -0.1420060759440474
7          2.0        -0.14196006863584554
8          2.0        0.034106725753065975
9          2.0        0.03418245721816825
10         2.0        0.03430996935921752
11         2.0        0.034384463226648704
12         2.0        0.03443487681552397
13         2.0        0.03457009891089952
14         2.0        0.13953446870507896
15         2.0        0.13960648027607922
16         2.0        0.13998284225168264
17         0.0        0.16263232451662993
18         0.0        0.16300586981090429
19         0.0        0.1634142716269929
20         0.0        0.16471261669166187


* 2 th kpt (=[0.5 0.  0. ])
num        occ        value
1          6.0        -0.2594329234067682
2          6.0        -0.2593684720795197
3          6.0        -0.14520715203898957
4          6.0        -0.1449210402151657
5          6.0        -0.13568152474376532
6          6.0        -0.13557391894791135
7          6.0        -0.003470012217570538
8          6.0        -0.0031452886505074487
9          6.0        -0.0028967756740943453
10         6.0        -0.002823269385680192
11         6.0        0.011556804746470431
12         6.0        0.011604637631395152
13         6.0        0.06973998610657557
14         6.0        0.06974168645292525
15         6.0        0.06987825889972503
16         6.0        0.06995072180452609
17         0.0        0.17974951755290733
18         0.0        0.17979106047487928
19         0.0        0.25261361446711245
20         0.0        0.25268009858663704


* 3 th kpt (=[0.5 0.5 0. ])
num        occ        value
1          6.0        -0.22409762761300892
2          6.0        -0.22396873029831205
3          6.0        -0.22384345161358254
4          6.0        -0.22381022950334437
5          6.0        -0.06099442277636528
6          6.0        -0.06083751285896954
7          6.0        -0.06079771546560868
8          6.0        -0.060561796426952016
9          6.0        0.0006958537530150897
10         6.0        0.0007631635900557002
11         6.0        0.0008519112115943552
12         6.0        0.0008992721892776886
13         6.0        0.09051118531646049
14         6.0        0.09074605268102268
15         6.0        0.09077955666688906
16         6.0        0.09082912151414249
17         0.0        0.22809457290492263
18         0.0        0.2282721947549712
19         0.0        0.22833437855010083
20         0.0        0.22842049735677103


* 4 th kpt (=[0.5 0.5 0.5])
num        occ        value
1          2.0        -0.2133006461663339
2          2.0        -0.21311444939399823
3          2.0        -0.2130408942313411
4          2.0        -0.2129890073294204
5          2.0        -0.11670577370983559
6          2.0        -0.11664766502274691
7          2.0        -0.11650985850224319
8          2.0        -0.11634746612660969
9          2.0        0.09520921993520295
10         2.0        0.09531120034776781
11         2.0        0.09535827104235917
12         2.0        0.09549195087402666
13         2.0        0.09559597506327004
14         2.0        0.09568180888171017
15         2.0        0.09571056001702086
16         2.0        0.09574867209610424
17         0.0        0.19662319110946574
18         0.0        0.19670223707387466
19         0.0        0.19675217682440518
20         0.0        0.1968094155620367


Integral of density (=32.000000000000036) is normalized to 32.00000000000001
Orbital energy difference = -0.045611563358104235
Density difference (relative) = 0.008117487934936182
Elapsed time[calc_external_energy]: 7.796287536621094e-05 sec
Debug: sparse nonlocal_op@@@@@@@@@@@@@@@@@@@@@@@@@@@@@@@@@@
Debug: sparse nonlocal_op@@@@@@@@@@@@@@@@@@@@@@@@@@@@@@@@@@
Debug: sparse nonlocal_op@@@@@@@@@@@@@@@@@@@@@@@@@@@@@@@@@@
Debug: sparse nonlocal_op@@@@@@@@@@@@@@@@@@@@@@@@@@@@@@@@@@
Debug: sparse nonlocal_op@@@@@@@@@@@@@@@@@@@@@@@@@@@@@@@@@@
Debug: sparse nonlocal_op@@@@@@@@@@@@@@@@@@@@@@@@@@@@@@@@@@
Debug: sparse nonlocal_op@@@@@@@@@@@@@@@@@@@@@@@@@@@@@@@@@@
Debug: sparse nonlocal_op@@@@@@@@@@@@@@@@@@@@@@@@@@@@@@@@@@
Debug: sparse nonlocal_op@@@@@@@@@@@@@@@@@@@@@@@@@@@@@@@@@@
Debug: sparse nonlocal_op@@@@@@@@@@@@@@@@@@@@@@@@@@@@@@@@@@
Debug: sparse nonlocal_op@@@@@@@@@@@@@@@@@@@@@@@@@@@@@@@@@@
Debug: sparse nonlocal_op@@@@@@@@@@@@@@@@@@@@@@@@@@@@@@@@@@
Debug: sparse nonlocal_op@@@@@@@@@@@@@@@@@@@@@@@@@@@@@@@@@@
Debug: sparse nonlocal_op@@@@@@@@@@@@@@@@@@@@@@@@@@@@@@@@@@
Debug: sparse nonlocal_op@@@@@@@@@@@@@@@@@@@@@@@@@@@@@@@@@@
Debug: sparse nonlocal_op@@@@@@@@@@@@@@@@@@@@@@@@@@@@@@@@@@
Debug: sparse nonlocal_op@@@@@@@@@@@@@@@@@@@@@@@@@@@@@@@@@@
Debug: sparse nonlocal_op@@@@@@@@@@@@@@@@@@@@@@@@@@@@@@@@@@
Debug: sparse nonlocal_op@@@@@@@@@@@@@@@@@@@@@@@@@@@@@@@@@@
Debug: sparse nonlocal_op@@@@@@@@@@@@@@@@@@@@@@@@@@@@@@@@@@
Debug: sparse nonlocal_op@@@@@@@@@@@@@@@@@@@@@@@@@@@@@@@@@@
Debug: sparse nonlocal_op@@@@@@@@@@@@@@@@@@@@@@@@@@@@@@@@@@
Debug: sparse nonlocal_op@@@@@@@@@@@@@@@@@@@@@@@@@@@@@@@@@@
Debug: sparse nonlocal_op@@@@@@@@@@@@@@@@@@@@@@@@@@@@@@@@@@
Debug: sparse nonlocal_op@@@@@@@@@@@@@@@@@@@@@@@@@@@@@@@@@@
Debug: sparse nonlocal_op@@@@@@@@@@@@@@@@@@@@@@@@@@@@@@@@@@
Debug: sparse nonlocal_op@@@@@@@@@@@@@@@@@@@@@@@@@@@@@@@@@@
Debug: sparse nonlocal_op@@@@@@@@@@@@@@@@@@@@@@@@@@@@@@@@@@
Debug: sparse nonlocal_op@@@@@@@@@@@@@@@@@@@@@@@@@@@@@@@@@@
Debug: sparse nonlocal_op@@@@@@@@@@@@@@@@@@@@@@@@@@@@@@@@@@
Debug: sparse nonlocal_op@@@@@@@@@@@@@@@@@@@@@@@@@@@@@@@@@@
Debug: sparse nonlocal_op@@@@@@@@@@@@@@@@@@@@@@@@@@@@@@@@@@
Debug: sparse nonlocal_op@@@@@@@@@@@@@@@@@@@@@@@@@@@@@@@@@@
Debug: sparse nonlocal_op@@@@@@@@@@@@@@@@@@@@@@@@@@@@@@@@@@
Debug: sparse nonlocal_op@@@@@@@@@@@@@@@@@@@@@@@@@@@@@@@@@@
Debug: sparse nonlocal_op@@@@@@@@@@@@@@@@@@@@@@@@@@@@@@@@@@
Debug: sparse nonlocal_op@@@@@@@@@@@@@@@@@@@@@@@@@@@@@@@@@@
Debug: sparse nonlocal_op@@@@@@@@@@@@@@@@@@@@@@@@@@@@@@@@@@
Debug: sparse nonlocal_op@@@@@@@@@@@@@@@@@@@@@@@@@@@@@@@@@@
Debug: sparse nonlocal_op@@@@@@@@@@@@@@@@@@@@@@@@@@@@@@@@@@
Debug: sparse nonlocal_op@@@@@@@@@@@@@@@@@@@@@@@@@@@@@@@@@@
Debug: sparse nonlocal_op@@@@@@@@@@@@@@@@@@@@@@@@@@@@@@@@@@
Debug: sparse nonlocal_op@@@@@@@@@@@@@@@@@@@@@@@@@@@@@@@@@@
Debug: sparse nonlocal_op@@@@@@@@@@@@@@@@@@@@@@@@@@@@@@@@@@
Debug: sparse nonlocal_op@@@@@@@@@@@@@@@@@@@@@@@@@@@@@@@@@@
Debug: sparse nonlocal_op@@@@@@@@@@@@@@@@@@@@@@@@@@@@@@@@@@
Debug: sparse nonlocal_op@@@@@@@@@@@@@@@@@@@@@@@@@@@@@@@@@@
Debug: sparse nonlocal_op@@@@@@@@@@@@@@@@@@@@@@@@@@@@@@@@@@
Debug: sparse nonlocal_op@@@@@@@@@@@@@@@@@@@@@@@@@@@@@@@@@@
Debug: sparse nonlocal_op@@@@@@@@@@@@@@@@@@@@@@@@@@@@@@@@@@
Debug: sparse nonlocal_op@@@@@@@@@@@@@@@@@@@@@@@@@@@@@@@@@@
Debug: sparse nonlocal_op@@@@@@@@@@@@@@@@@@@@@@@@@@@@@@@@@@
Debug: sparse nonlocal_op@@@@@@@@@@@@@@@@@@@@@@@@@@@@@@@@@@
Debug: sparse nonlocal_op@@@@@@@@@@@@@@@@@@@@@@@@@@@@@@@@@@
Debug: sparse nonlocal_op@@@@@@@@@@@@@@@@@@@@@@@@@@@@@@@@@@
Debug: sparse nonlocal_op@@@@@@@@@@@@@@@@@@@@@@@@@@@@@@@@@@
Debug: sparse nonlocal_op@@@@@@@@@@@@@@@@@@@@@@@@@@@@@@@@@@
Debug: sparse nonlocal_op@@@@@@@@@@@@@@@@@@@@@@@@@@@@@@@@@@
Debug: sparse nonlocal_op@@@@@@@@@@@@@@@@@@@@@@@@@@@@@@@@@@
Debug: sparse nonlocal_op@@@@@@@@@@@@@@@@@@@@@@@@@@@@@@@@@@
Debug: sparse nonlocal_op@@@@@@@@@@@@@@@@@@@@@@@@@@@@@@@@@@
Debug: sparse nonlocal_op@@@@@@@@@@@@@@@@@@@@@@@@@@@@@@@@@@
Debug: sparse nonlocal_op@@@@@@@@@@@@@@@@@@@@@@@@@@@@@@@@@@
Debug: sparse nonlocal_op@@@@@@@@@@@@@@@@@@@@@@@@@@@@@@@@@@
Elapsed time[calc_nonlocal_energy]: 0.04228401184082031 sec

============ Energy (Hartree) ============
|   Total Energy        : -33.8134912504 |
------------------------------------------
| * Ion-ion Energy      : 0.0            |
| * Eigenvals sum for 0 : -1.4492380562  |
| * Hartree Energy      : 13.8588611017  |
| * XC Energy           : -12.3989041437 |
| * Kinetic Energy      : 12.3674712875  |
| * External Energy     : -52.2700942579 |
| * Non-local Energy    : 4.6291747619   |
==========================================
Elapsed time[calc_and_print_energies]: 0.08788061141967773 sec
Total energy difference = 0.06623431308518946 Hartree
Elapsed time for 5 th cycle: 6.289679050445557 sec

==================== [ END CYCLE 5 ] ====================
Elapsed time[_get_mixed_var]: 0.0004849433898925781 sec
Elapsed time[compute_potential]: 0.006987810134887695 sec
Elapsed time[compute]: 0.02013850212097168 sec

==================== [ SCF CYCLE 6 ] ====================
Debug: sparse nonlocal_op@@@@@@@@@@@@@@@@@@@@@@@@@@@@@@@@@@
Debug: sparse nonlocal_op@@@@@@@@@@@@@@@@@@@@@@@@@@@@@@@@@@
Debug: sparse nonlocal_op@@@@@@@@@@@@@@@@@@@@@@@@@@@@@@@@@@
Debug: sparse nonlocal_op@@@@@@@@@@@@@@@@@@@@@@@@@@@@@@@@@@
Elapsed time[diagonalize]: 6.226800203323364 sec

[ PRINT EIGENVALUES ]
( spin alpha )
* 1 th kpt (=[0. 0. 0.])
num        occ        value
1          2.0        -0.29955350718915696
2          2.0        -0.1516563112473436
3          2.0        -0.15161942098583128
4          2.0        -0.15155932399044572
5          2.0        -0.14255417534930456
6          2.0        -0.14251197463933132
7          2.0        -0.1424382671065599
8          2.0        0.033834356398823706
9          2.0        0.03387546770085309
10         2.0        0.03392555260084619
11         2.0        0.03399263503146691
12         2.0        0.03401417345833889
13         2.0        0.03405574825684464
14         2.0        0.1390266713943318
15         2.0        0.13910801731915676
16         2.0        0.13943335802329399
17         0.0        0.16277053922086518
18         0.0        0.1629817317008768
19         0.0        0.16324650107865957
20         0.0        0.16472366795559143


* 2 th kpt (=[0.5 0.  0. ])
num        occ        value
1          6.0        -0.25977828753865195
2          6.0        -0.2597673211769233
3          6.0        -0.14555265420758964
4          6.0        -0.14553709715144303
5          6.0        -0.13611857549641793
6          6.0        -0.1360907879274519
7          6.0        -0.003543137582792744
8          6.0        -0.0035285935000625578
9          6.0        -0.0030947165919789662
10         6.0        -0.003066665680104638
11         6.0        0.01104287801126767
12         6.0        0.011065687003374968
13         6.0        0.06933822462581195
14         6.0        0.069357951510672
15         6.0        0.06948429828147207
16         6.0        0.069498203193564
17         0.0        0.1796747929124399
18         0.0        0.17969095922035025
19         0.0        0.25256473806009955
20         0.0        0.25260509768418893


* 3 th kpt (=[0.5 0.5 0. ])
num        occ        value
1          6.0        -0.22439737078668018
2          6.0        -0.22437257068611283
3          6.0        -0.22430295131259406
4          6.0        -0.22427445122455464
5          6.0        -0.06129719376822415
6          6.0        -0.061270438738658124
7          6.0        -0.06123190017403731
8          6.0        -0.06121801980473763
9          6.0        0.0005383131565559592
10         6.0        0.0005520316737520543
11         6.0        0.0005628911237698914
12         6.0        0.0005795688473777981
13         6.0        0.09019485108323982
14         6.0        0.09025063393946918
15         6.0        0.09028334738486131
16         6.0        0.09032300364714328
17         0.0        0.2280451968535243
18         0.0        0.2281055881939056
19         0.0        0.22813777434150134
20         0.0        0.22815231566988087


* 4 th kpt (=[0.5 0.5 0.5])
num        occ        value
1          2.0        -0.21362498346981693
2          2.0        -0.21357164523631283
3          2.0        -0.21355240185435656
4          2.0        -0.21348904871512805
5          2.0        -0.11685916530196634
6          2.0        -0.11684612213550861
7          2.0        -0.11682918843990106
8          2.0        -0.11680031034759396
9          2.0        0.09486474365308155
10         2.0        0.09491413773780977
11         2.0        0.09491713367939703
12         2.0        0.09496527088259954
13         2.0        0.09510678951707806
14         2.0        0.09515055327808138
15         2.0        0.0951811323431052
16         2.0        0.09520599906860558
17         0.0        0.19640309155467345
18         0.0        0.1964243774050935
19         0.0        0.1964327843230094
20         0.0        0.19645775525140205


Integral of density (=32.000000000000036) is normalized to 32.0
Orbital energy difference = -0.01276360765617679
Density difference (relative) = 0.0027735588166685502
Elapsed time[calc_external_energy]: 4.6253204345703125e-05 sec
Debug: sparse nonlocal_op@@@@@@@@@@@@@@@@@@@@@@@@@@@@@@@@@@
Debug: sparse nonlocal_op@@@@@@@@@@@@@@@@@@@@@@@@@@@@@@@@@@
Debug: sparse nonlocal_op@@@@@@@@@@@@@@@@@@@@@@@@@@@@@@@@@@
Debug: sparse nonlocal_op@@@@@@@@@@@@@@@@@@@@@@@@@@@@@@@@@@
Debug: sparse nonlocal_op@@@@@@@@@@@@@@@@@@@@@@@@@@@@@@@@@@
Debug: sparse nonlocal_op@@@@@@@@@@@@@@@@@@@@@@@@@@@@@@@@@@
Debug: sparse nonlocal_op@@@@@@@@@@@@@@@@@@@@@@@@@@@@@@@@@@
Debug: sparse nonlocal_op@@@@@@@@@@@@@@@@@@@@@@@@@@@@@@@@@@
Debug: sparse nonlocal_op@@@@@@@@@@@@@@@@@@@@@@@@@@@@@@@@@@
Debug: sparse nonlocal_op@@@@@@@@@@@@@@@@@@@@@@@@@@@@@@@@@@
Debug: sparse nonlocal_op@@@@@@@@@@@@@@@@@@@@@@@@@@@@@@@@@@
Debug: sparse nonlocal_op@@@@@@@@@@@@@@@@@@@@@@@@@@@@@@@@@@
Debug: sparse nonlocal_op@@@@@@@@@@@@@@@@@@@@@@@@@@@@@@@@@@
Debug: sparse nonlocal_op@@@@@@@@@@@@@@@@@@@@@@@@@@@@@@@@@@
Debug: sparse nonlocal_op@@@@@@@@@@@@@@@@@@@@@@@@@@@@@@@@@@
Debug: sparse nonlocal_op@@@@@@@@@@@@@@@@@@@@@@@@@@@@@@@@@@
Debug: sparse nonlocal_op@@@@@@@@@@@@@@@@@@@@@@@@@@@@@@@@@@
Debug: sparse nonlocal_op@@@@@@@@@@@@@@@@@@@@@@@@@@@@@@@@@@
Debug: sparse nonlocal_op@@@@@@@@@@@@@@@@@@@@@@@@@@@@@@@@@@
Debug: sparse nonlocal_op@@@@@@@@@@@@@@@@@@@@@@@@@@@@@@@@@@
Debug: sparse nonlocal_op@@@@@@@@@@@@@@@@@@@@@@@@@@@@@@@@@@
Debug: sparse nonlocal_op@@@@@@@@@@@@@@@@@@@@@@@@@@@@@@@@@@
Debug: sparse nonlocal_op@@@@@@@@@@@@@@@@@@@@@@@@@@@@@@@@@@
Debug: sparse nonlocal_op@@@@@@@@@@@@@@@@@@@@@@@@@@@@@@@@@@
Debug: sparse nonlocal_op@@@@@@@@@@@@@@@@@@@@@@@@@@@@@@@@@@
Debug: sparse nonlocal_op@@@@@@@@@@@@@@@@@@@@@@@@@@@@@@@@@@
Debug: sparse nonlocal_op@@@@@@@@@@@@@@@@@@@@@@@@@@@@@@@@@@
Debug: sparse nonlocal_op@@@@@@@@@@@@@@@@@@@@@@@@@@@@@@@@@@
Debug: sparse nonlocal_op@@@@@@@@@@@@@@@@@@@@@@@@@@@@@@@@@@
Debug: sparse nonlocal_op@@@@@@@@@@@@@@@@@@@@@@@@@@@@@@@@@@
Debug: sparse nonlocal_op@@@@@@@@@@@@@@@@@@@@@@@@@@@@@@@@@@
Debug: sparse nonlocal_op@@@@@@@@@@@@@@@@@@@@@@@@@@@@@@@@@@
Debug: sparse nonlocal_op@@@@@@@@@@@@@@@@@@@@@@@@@@@@@@@@@@
Debug: sparse nonlocal_op@@@@@@@@@@@@@@@@@@@@@@@@@@@@@@@@@@
Debug: sparse nonlocal_op@@@@@@@@@@@@@@@@@@@@@@@@@@@@@@@@@@
Debug: sparse nonlocal_op@@@@@@@@@@@@@@@@@@@@@@@@@@@@@@@@@@
Debug: sparse nonlocal_op@@@@@@@@@@@@@@@@@@@@@@@@@@@@@@@@@@
Debug: sparse nonlocal_op@@@@@@@@@@@@@@@@@@@@@@@@@@@@@@@@@@
Debug: sparse nonlocal_op@@@@@@@@@@@@@@@@@@@@@@@@@@@@@@@@@@
Debug: sparse nonlocal_op@@@@@@@@@@@@@@@@@@@@@@@@@@@@@@@@@@
Debug: sparse nonlocal_op@@@@@@@@@@@@@@@@@@@@@@@@@@@@@@@@@@
Debug: sparse nonlocal_op@@@@@@@@@@@@@@@@@@@@@@@@@@@@@@@@@@
Debug: sparse nonlocal_op@@@@@@@@@@@@@@@@@@@@@@@@@@@@@@@@@@
Debug: sparse nonlocal_op@@@@@@@@@@@@@@@@@@@@@@@@@@@@@@@@@@
Debug: sparse nonlocal_op@@@@@@@@@@@@@@@@@@@@@@@@@@@@@@@@@@
Debug: sparse nonlocal_op@@@@@@@@@@@@@@@@@@@@@@@@@@@@@@@@@@
Debug: sparse nonlocal_op@@@@@@@@@@@@@@@@@@@@@@@@@@@@@@@@@@
Debug: sparse nonlocal_op@@@@@@@@@@@@@@@@@@@@@@@@@@@@@@@@@@
Debug: sparse nonlocal_op@@@@@@@@@@@@@@@@@@@@@@@@@@@@@@@@@@
Debug: sparse nonlocal_op@@@@@@@@@@@@@@@@@@@@@@@@@@@@@@@@@@
Debug: sparse nonlocal_op@@@@@@@@@@@@@@@@@@@@@@@@@@@@@@@@@@
Debug: sparse nonlocal_op@@@@@@@@@@@@@@@@@@@@@@@@@@@@@@@@@@
Debug: sparse nonlocal_op@@@@@@@@@@@@@@@@@@@@@@@@@@@@@@@@@@
Debug: sparse nonlocal_op@@@@@@@@@@@@@@@@@@@@@@@@@@@@@@@@@@
Debug: sparse nonlocal_op@@@@@@@@@@@@@@@@@@@@@@@@@@@@@@@@@@
Debug: sparse nonlocal_op@@@@@@@@@@@@@@@@@@@@@@@@@@@@@@@@@@
Debug: sparse nonlocal_op@@@@@@@@@@@@@@@@@@@@@@@@@@@@@@@@@@
Debug: sparse nonlocal_op@@@@@@@@@@@@@@@@@@@@@@@@@@@@@@@@@@
Debug: sparse nonlocal_op@@@@@@@@@@@@@@@@@@@@@@@@@@@@@@@@@@
Debug: sparse nonlocal_op@@@@@@@@@@@@@@@@@@@@@@@@@@@@@@@@@@
Debug: sparse nonlocal_op@@@@@@@@@@@@@@@@@@@@@@@@@@@@@@@@@@
Debug: sparse nonlocal_op@@@@@@@@@@@@@@@@@@@@@@@@@@@@@@@@@@
Debug: sparse nonlocal_op@@@@@@@@@@@@@@@@@@@@@@@@@@@@@@@@@@
Debug: sparse nonlocal_op@@@@@@@@@@@@@@@@@@@@@@@@@@@@@@@@@@
Elapsed time[calc_nonlocal_energy]: 0.04214072227478027 sec

============ Energy (Hartree) ============
|   Total Energy        : -33.7700071944 |
------------------------------------------
| * Ion-ion Energy      : 0.0            |
| * Eigenvals sum for 0 : -1.4620016638  |
| * Hartree Energy      : 13.8820670283  |
| * XC Energy           : -12.3920324007 |
| * Kinetic Energy      : 12.3755685518  |
| * External Energy     : -52.2714565588 |
| * Non-local Energy    : 4.6358461851   |
==========================================
Elapsed time[calc_and_print_energies]: 0.0866706371307373 sec
Total energy difference = 0.04348405600552496 Hartree
Elapsed time for 6 th cycle: 6.32317328453064 sec

==================== [ END CYCLE 6 ] ====================
Elapsed time[_get_mixed_var]: 0.00031185150146484375 sec
Elapsed time[compute_potential]: 0.006761789321899414 sec
Elapsed time[compute]: 0.01958632469177246 sec

==================== [ SCF CYCLE 7 ] ====================
Debug: sparse nonlocal_op@@@@@@@@@@@@@@@@@@@@@@@@@@@@@@@@@@
Debug: sparse nonlocal_op@@@@@@@@@@@@@@@@@@@@@@@@@@@@@@@@@@
Debug: sparse nonlocal_op@@@@@@@@@@@@@@@@@@@@@@@@@@@@@@@@@@
Debug: sparse nonlocal_op@@@@@@@@@@@@@@@@@@@@@@@@@@@@@@@@@@
Elapsed time[diagonalize]: 6.253361701965332 sec

[ PRINT EIGENVALUES ]
( spin alpha )
* 1 th kpt (=[0. 0. 0.])
num        occ        value
1          2.0        -0.299707309551728
2          2.0        -0.15185382453759602
3          2.0        -0.15180970368748356
4          2.0        -0.1517598474003514
5          2.0        -0.14272012625484254
6          2.0        -0.142707507520484
7          2.0        -0.14268179198226752
8          2.0        0.033658565914809035
9          2.0        0.033710771353986375
10         2.0        0.03374510238884641
11         2.0        0.033828246759566784
12         2.0        0.033846749224693384
13         2.0        0.03388070963757667
14         2.0        0.138793256421135
15         2.0        0.1388750151495726
16         2.0        0.13920420742286493
17         0.0        0.1627792394796397
18         0.0        0.16296114751282986
19         0.0        0.16316229235200005
20         0.0        0.16475063505289844


* 2 th kpt (=[0.5 0.  0. ])
num        occ        value
1          6.0        -0.25994413768158564
2          6.0        -0.25993085808205896
3          6.0        -0.1457867325546428
4          6.0        -0.14572638992923903
5          6.0        -0.13633253098381712
6          6.0        -0.13630878855214884
7          6.0        -0.0036689991288916704
8          6.0        -0.0036054570735097836
9          6.0        -0.00318833181616816
10         6.0        -0.003160727698613813
11         6.0        0.010811159345086519
12         6.0        0.010827440682112867
13         6.0        0.06915955482083817
14         6.0        0.06916836756352249
15         6.0        0.06930499075711007
16         6.0        0.06931321463418716
17         0.0        0.17964629298493762
18         0.0        0.17965728658446356
19         0.0        0.2525520123858866
20         0.0        0.25259017436491177


* 3 th kpt (=[0.5 0.5 0. ])
num        occ        value
1          6.0        -0.2245414478360827
2          6.0        -0.22453540531262434
3          6.0        -0.2245024933438662
4          6.0        -0.22449062709702483
5          6.0        -0.06150434233496315
6          6.0        -0.06146918090451484
7          6.0        -0.06144190680616494
8          6.0        -0.061416054136201916
9          6.0        0.0004272224944692504
10         6.0        0.00044762206786153443
11         6.0        0.00045972409467301715
12         6.0        0.0004724185739710938
13         6.0        0.09003685735673747
14         6.0        0.09004463661273275
15         6.0        0.09005745987262931
16         6.0        0.09009759060125615
17         0.0        0.22801959815371958
18         0.0        0.2280318991599068
19         0.0        0.22804087632328254
20         0.0        0.22806752783731488


* 4 th kpt (=[0.5 0.5 0.5])
num        occ        value
1          2.0        -0.21378576183110237
2          2.0        -0.2137662147485243
3          2.0        -0.21375229314990135
4          2.0        -0.21373265865520874
5          2.0        -0.11699895006651741
6          2.0        -0.11695848493629324
7          2.0        -0.11694366001124155
8          2.0        -0.11692518786364088
9          2.0        0.09468400512450817
10         2.0        0.09469841578041381
11         2.0        0.0947076873346489
12         2.0        0.0947159085815298
13         2.0        0.09492725368919931
14         2.0        0.09494039189564274
15         2.0        0.09495516454730679
16         2.0        0.09496982932651964
17         0.0        0.19628786538837006
18         0.0        0.1963045575977442
19         0.0        0.19631248933844744
20         0.0        0.19632398567509854


/home/jhwoo/programs/gospel/gospel/Eigensolver/Scipy.py:60: UserWarning: Exited at iteration 20 with accuracies 
[1.15150176e-04+0.j 9.70735917e-05+0.j 1.23248816e-04+0.j
 9.95550315e-05+0.j 2.24216835e-04+0.j 2.18654231e-04+0.j
 1.94786197e-04+0.j 2.26667451e-04+0.j 8.88242966e-04+0.j
 6.88105998e-04+0.j 1.64156622e-03+0.j 1.20087441e-03+0.j
 1.15868971e-03+0.j 1.13648049e-03+0.j 8.39067626e-04+0.j
 8.69353983e-04+0.j 6.20895252e-03+0.j 7.44742407e-03+0.j
 1.05328077e-02+0.j 8.43416868e-03+0.j]
not reaching the requested tolerance 1e-07.
  val, vec = lobpcg(
/home/jhwoo/programs/gospel/gospel/Eigensolver/Scipy.py:60: UserWarning: Exited at iteration 20 with accuracies 
[6.47388792e-06 2.49051922e-05 2.96807443e-05 2.33161378e-05
 2.80820443e-05 4.24748060e-05 4.83409273e-05 1.31288052e-04
 1.67447231e-04 1.07779684e-04 1.82788723e-04 9.07985094e-05
 1.45081856e-04 3.78494187e-04 1.85187854e-03 3.30771186e-03
 4.24392500e-03 1.52799298e-02 1.48072474e-02 1.19240634e-03]
not reaching the requested tolerance 1e-07.
  val, vec = lobpcg(
/home/jhwoo/programs/gospel/gospel/Eigensolver/Scipy.py:60: UserWarning: Exited at iteration 20 with accuracies 
[8.29050540e-06+0.j 9.26167080e-06+0.j 1.92965601e-05+0.j
 2.05587798e-05+0.j 2.30973264e-05+0.j 2.31108736e-05+0.j
 5.57448416e-05+0.j 9.32535156e-05+0.j 8.73431652e-05+0.j
 1.00312301e-04+0.j 8.67593036e-05+0.j 8.88819871e-05+0.j
 1.18265666e-04+0.j 1.29080870e-04+0.j 1.25981543e-04+0.j
 1.18145962e-04+0.j 1.56116337e-04+0.j 2.00373050e-04+0.j
 4.57272321e-03+0.j 7.02901286e-03+0.j]
not reaching the requested tolerance 1e-07.
  val, vec = lobpcg(
/home/jhwoo/programs/gospel/gospel/Eigensolver/Scipy.py:60: UserWarning: Exited at iteration 20 with accuracies 
[1.18053552e-05+0.j 1.32073548e-05+0.j 1.20049769e-05+0.j
 1.46876316e-05+0.j 3.94711583e-05+0.j 3.15204711e-05+0.j
 3.84813606e-05+0.j 4.39501123e-05+0.j 5.68878133e-05+0.j
 6.58023551e-05+0.j 6.21694741e-05+0.j 6.39567257e-05+0.j
 1.29396243e-04+0.j 1.58012420e-04+0.j 1.39721627e-04+0.j
 1.72052344e-04+0.j 1.70918931e-03+0.j 1.05930806e-03+0.j
 1.19536278e-03+0.j 7.59369619e-04+0.j]
not reaching the requested tolerance 1e-07.
  val, vec = lobpcg(
/home/jhwoo/programs/gospel/gospel/Eigensolver/Scipy.py:60: UserWarning: Exited at iteration 20 with accuracies 
[1.30952955e-05+0.j 2.21504990e-05+0.j 1.85594400e-05+0.j
 1.79243269e-05+0.j 3.28485481e-05+0.j 3.00417036e-05+0.j
 3.10970441e-05+0.j 3.81445945e-05+0.j 2.57442882e-04+0.j
 2.84918940e-04+0.j 1.76416886e-04+0.j 1.61809382e-04+0.j
 1.80004076e-04+0.j 2.88233646e-04+0.j 1.53277993e-04+0.j
 2.42892522e-04+0.j 1.59885089e-03+0.j 1.44362869e-03+0.j
 2.84335945e-03+0.j 1.86643872e-03+0.j]
not reaching the requested tolerance 1e-07.
  val, vec = lobpcg(
/home/jhwoo/programs/gospel/gospel/Eigensolver/Scipy.py:60: UserWarning: Exited at iteration 20 with accuracies 
[6.89275120e-06 1.66948088e-05 1.40730719e-05 1.38671402e-05
 2.60282674e-05 2.49928695e-05 1.71941941e-05 9.19902784e-05
 3.48147985e-05 2.49804376e-05 2.97403368e-05 9.52766898e-05
 3.51205049e-05 1.29754282e-04 4.17762716e-04 6.45425752e-04
 1.59984812e-03 7.20740121e-03 9.01988451e-03 4.16912967e-04]
not reaching the requested tolerance 1e-07.
  val, vec = lobpcg(
/home/jhwoo/programs/gospel/gospel/Eigensolver/Scipy.py:60: UserWarning: Exited at iteration 20 with accuracies 
[5.00477096e-06+0.j 4.26866291e-06+0.j 1.05299622e-05+0.j
 1.14290234e-05+0.j 1.27116529e-05+0.j 1.22705976e-05+0.j
 3.66440603e-05+0.j 4.34815598e-05+0.j 4.88263105e-05+0.j
 3.58237551e-05+0.j 2.90472934e-05+0.j 2.52619800e-05+0.j
 4.22977495e-05+0.j 3.32123630e-05+0.j 4.47687226e-05+0.j
 3.79044494e-05+0.j 1.22121824e-04+0.j 1.11465041e-04+0.j
 1.10067582e-03+0.j 1.66090947e-03+0.j]
not reaching the requested tolerance 1e-07.
  val, vec = lobpcg(
/home/jhwoo/programs/gospel/gospel/Eigensolver/Scipy.py:60: UserWarning: Exited at iteration 20 with accuracies 
[6.88346849e-06+0.j 8.02439740e-06+0.j 7.38875463e-06+0.j
 7.54705021e-06+0.j 2.00704584e-05+0.j 2.26432906e-05+0.j
 1.70268902e-05+0.j 1.99933649e-05+0.j 3.52364472e-05+0.j
 3.30827358e-05+0.j 2.69970177e-05+0.j 2.74535324e-05+0.j
 4.08724725e-05+0.j 4.58630393e-05+0.j 4.79467802e-05+0.j
 4.45492640e-05+0.j 3.12426957e-04+0.j 2.91918943e-04+0.j
 3.57216062e-04+0.j 3.58747984e-04+0.j]
not reaching the requested tolerance 1e-07.
  val, vec = lobpcg(
/home/jhwoo/programs/gospel/gospel/Eigensolver/Scipy.py:60: UserWarning: Exited at iteration 20 with accuracies 
[1.01315695e-05+0.j 1.18998370e-05+0.j 8.18165567e-06+0.j
 9.49038435e-06+0.j 1.51792511e-05+0.j 1.84892058e-05+0.j
 2.23568457e-05+0.j 2.31943340e-05+0.j 4.27284968e-05+0.j
 5.87987743e-05+0.j 1.13771076e-04+0.j 7.17213144e-05+0.j
 7.55298818e-05+0.j 7.90226914e-05+0.j 8.74268704e-05+0.j
 5.84355737e-05+0.j 4.44572666e-04+0.j 5.87039533e-04+0.j
 6.30170865e-04+0.j 4.56792166e-04+0.j]
not reaching the requested tolerance 1e-07.
  val, vec = lobpcg(
/home/jhwoo/programs/gospel/gospel/Eigensolver/Scipy.py:60: UserWarning: Exited at iteration 20 with accuracies 
[2.38425651e-06 5.40007989e-06 2.98191894e-06 4.54262607e-06
 5.97564357e-06 7.80223632e-06 8.07823648e-06 1.84598091e-05
 1.44998456e-05 9.48950827e-06 1.84772190e-05 1.47538777e-05
 1.56951794e-05 7.02042863e-05 1.94053551e-04 1.90880778e-04
 2.58676122e-03 9.19568452e-03 1.23991757e-02 4.56728397e-04]
not reaching the requested tolerance 1e-07.
  val, vec = lobpcg(
/home/jhwoo/programs/gospel/gospel/Eigensolver/Scipy.py:60: UserWarning: Exited at iteration 20 with accuracies 
[1.18905539e-06+0.j 1.19617929e-06+0.j 4.06476020e-06+0.j
 3.78470629e-06+0.j 5.13627298e-06+0.j 4.74970745e-06+0.j
 1.89407235e-05+0.j 1.78195106e-05+0.j 2.20487112e-05+0.j
 1.62588601e-05+0.j 6.72171263e-06+0.j 6.80903807e-06+0.j
 1.42495477e-05+0.j 1.45375052e-05+0.j 1.33052188e-05+0.j
 1.53187939e-05+0.j 2.04308747e-05+0.j 1.94655081e-05+0.j
 3.81470353e-04+0.j 5.06088681e-04+0.j]
not reaching the requested tolerance 1e-07.
  val, vec = lobpcg(
/home/jhwoo/programs/gospel/gospel/Eigensolver/Scipy.py:60: UserWarning: Exited at iteration 20 with accuracies 
[2.94591181e-06+0.j 3.28909080e-06+0.j 2.78798083e-06+0.j
 2.83983898e-06+0.j 4.36360647e-06+0.j 4.74826641e-06+0.j
 5.09629344e-06+0.j 4.62251344e-06+0.j 1.36708190e-05+0.j
 1.18971963e-05+0.j 1.24678444e-05+0.j 1.34676089e-05+0.j
 1.51098681e-05+0.j 1.31844751e-05+0.j 1.40644762e-05+0.j
 1.22314846e-05+0.j 8.03541246e-05+0.j 8.76759619e-05+0.j
 8.56702905e-05+0.j 9.27847290e-05+0.j]
not reaching the requested tolerance 1e-07.
  val, vec = lobpcg(
/home/jhwoo/programs/gospel/gospel/Eigensolver/Scipy.py:60: UserWarning: Exited at iteration 20 with accuracies 
[3.97082948e-06+0.j 3.29203807e-06+0.j 3.13553532e-06+0.j
 3.06449176e-06+0.j 6.12626619e-06+0.j 6.15317520e-06+0.j
 3.12267000e-06+0.j 3.01382735e-06+0.j 2.17825515e-05+0.j
 2.96390072e-05+0.j 1.07936628e-05+0.j 2.45077384e-05+0.j
 2.50819490e-05+0.j 3.25095836e-05+0.j 2.12855738e-05+0.j
 1.40713371e-05+0.j 1.22887364e-04+0.j 2.12094957e-04+0.j
 9.98592000e-05+0.j 1.09119619e-04+0.j]
not reaching the requested tolerance 1e-07.
  val, vec = lobpcg(
/home/jhwoo/programs/gospel/gospel/Eigensolver/Scipy.py:60: UserWarning: Exited at iteration 20 with accuracies 
[8.21191855e-07 1.76215672e-06 1.79513488e-06 1.68562987e-06
 1.72541052e-06 2.03681763e-06 2.20955903e-06 9.73198841e-06
 5.01283857e-06 7.32808186e-06 4.92687731e-06 1.24506659e-05
 8.19937863e-06 2.70155355e-05 4.12379792e-05 4.62810136e-05
 4.00351678e-03 7.15622015e-03 1.27391469e-02 4.85019101e-04]
not reaching the requested tolerance 1e-07.
  val, vec = lobpcg(
/home/jhwoo/programs/gospel/gospel/Eigensolver/Scipy.py:60: UserWarning: Exited at iteration 20 with accuracies 
[5.54463453e-07+0.j 6.25072897e-07+0.j 7.68102294e-07+0.j
 1.06655884e-06+0.j 1.02719856e-06+0.j 1.13047455e-06+0.j
 2.47181860e-06+0.j 4.16481972e-06+0.j 4.47987437e-06+0.j
 4.24646410e-06+0.j 2.80439000e-06+0.j 2.82358772e-06+0.j
 5.41675323e-06+0.j 4.91198679e-06+0.j 5.52144481e-06+0.j
 5.73343376e-06+0.j 1.72119188e-05+0.j 1.65379431e-05+0.j
 1.04415607e-04+0.j 1.92168691e-04+0.j]
not reaching the requested tolerance 1e-07.
  val, vec = lobpcg(
Integral of density (=32.00000000000005) is normalized to 32.00000000000001
Orbital energy difference = -0.00568346044106538
Density difference (relative) = 0.0006597838109449844
Elapsed time[calc_external_energy]: 5.078315734863281e-05 sec
Debug: sparse nonlocal_op@@@@@@@@@@@@@@@@@@@@@@@@@@@@@@@@@@
Debug: sparse nonlocal_op@@@@@@@@@@@@@@@@@@@@@@@@@@@@@@@@@@
Debug: sparse nonlocal_op@@@@@@@@@@@@@@@@@@@@@@@@@@@@@@@@@@
Debug: sparse nonlocal_op@@@@@@@@@@@@@@@@@@@@@@@@@@@@@@@@@@
Debug: sparse nonlocal_op@@@@@@@@@@@@@@@@@@@@@@@@@@@@@@@@@@
Debug: sparse nonlocal_op@@@@@@@@@@@@@@@@@@@@@@@@@@@@@@@@@@
Debug: sparse nonlocal_op@@@@@@@@@@@@@@@@@@@@@@@@@@@@@@@@@@
Debug: sparse nonlocal_op@@@@@@@@@@@@@@@@@@@@@@@@@@@@@@@@@@
Debug: sparse nonlocal_op@@@@@@@@@@@@@@@@@@@@@@@@@@@@@@@@@@
Debug: sparse nonlocal_op@@@@@@@@@@@@@@@@@@@@@@@@@@@@@@@@@@
Debug: sparse nonlocal_op@@@@@@@@@@@@@@@@@@@@@@@@@@@@@@@@@@
Debug: sparse nonlocal_op@@@@@@@@@@@@@@@@@@@@@@@@@@@@@@@@@@
Debug: sparse nonlocal_op@@@@@@@@@@@@@@@@@@@@@@@@@@@@@@@@@@
Debug: sparse nonlocal_op@@@@@@@@@@@@@@@@@@@@@@@@@@@@@@@@@@
Debug: sparse nonlocal_op@@@@@@@@@@@@@@@@@@@@@@@@@@@@@@@@@@
Debug: sparse nonlocal_op@@@@@@@@@@@@@@@@@@@@@@@@@@@@@@@@@@
Debug: sparse nonlocal_op@@@@@@@@@@@@@@@@@@@@@@@@@@@@@@@@@@
Debug: sparse nonlocal_op@@@@@@@@@@@@@@@@@@@@@@@@@@@@@@@@@@
Debug: sparse nonlocal_op@@@@@@@@@@@@@@@@@@@@@@@@@@@@@@@@@@
Debug: sparse nonlocal_op@@@@@@@@@@@@@@@@@@@@@@@@@@@@@@@@@@
Debug: sparse nonlocal_op@@@@@@@@@@@@@@@@@@@@@@@@@@@@@@@@@@
Debug: sparse nonlocal_op@@@@@@@@@@@@@@@@@@@@@@@@@@@@@@@@@@
Debug: sparse nonlocal_op@@@@@@@@@@@@@@@@@@@@@@@@@@@@@@@@@@
Debug: sparse nonlocal_op@@@@@@@@@@@@@@@@@@@@@@@@@@@@@@@@@@
Debug: sparse nonlocal_op@@@@@@@@@@@@@@@@@@@@@@@@@@@@@@@@@@
Debug: sparse nonlocal_op@@@@@@@@@@@@@@@@@@@@@@@@@@@@@@@@@@
Debug: sparse nonlocal_op@@@@@@@@@@@@@@@@@@@@@@@@@@@@@@@@@@
Debug: sparse nonlocal_op@@@@@@@@@@@@@@@@@@@@@@@@@@@@@@@@@@
Debug: sparse nonlocal_op@@@@@@@@@@@@@@@@@@@@@@@@@@@@@@@@@@
Debug: sparse nonlocal_op@@@@@@@@@@@@@@@@@@@@@@@@@@@@@@@@@@
Debug: sparse nonlocal_op@@@@@@@@@@@@@@@@@@@@@@@@@@@@@@@@@@
Debug: sparse nonlocal_op@@@@@@@@@@@@@@@@@@@@@@@@@@@@@@@@@@
Debug: sparse nonlocal_op@@@@@@@@@@@@@@@@@@@@@@@@@@@@@@@@@@
Debug: sparse nonlocal_op@@@@@@@@@@@@@@@@@@@@@@@@@@@@@@@@@@
Debug: sparse nonlocal_op@@@@@@@@@@@@@@@@@@@@@@@@@@@@@@@@@@
Debug: sparse nonlocal_op@@@@@@@@@@@@@@@@@@@@@@@@@@@@@@@@@@
Debug: sparse nonlocal_op@@@@@@@@@@@@@@@@@@@@@@@@@@@@@@@@@@
Debug: sparse nonlocal_op@@@@@@@@@@@@@@@@@@@@@@@@@@@@@@@@@@
Debug: sparse nonlocal_op@@@@@@@@@@@@@@@@@@@@@@@@@@@@@@@@@@
Debug: sparse nonlocal_op@@@@@@@@@@@@@@@@@@@@@@@@@@@@@@@@@@
Debug: sparse nonlocal_op@@@@@@@@@@@@@@@@@@@@@@@@@@@@@@@@@@
Debug: sparse nonlocal_op@@@@@@@@@@@@@@@@@@@@@@@@@@@@@@@@@@
Debug: sparse nonlocal_op@@@@@@@@@@@@@@@@@@@@@@@@@@@@@@@@@@
Debug: sparse nonlocal_op@@@@@@@@@@@@@@@@@@@@@@@@@@@@@@@@@@
Debug: sparse nonlocal_op@@@@@@@@@@@@@@@@@@@@@@@@@@@@@@@@@@
Debug: sparse nonlocal_op@@@@@@@@@@@@@@@@@@@@@@@@@@@@@@@@@@
Debug: sparse nonlocal_op@@@@@@@@@@@@@@@@@@@@@@@@@@@@@@@@@@
Debug: sparse nonlocal_op@@@@@@@@@@@@@@@@@@@@@@@@@@@@@@@@@@
Debug: sparse nonlocal_op@@@@@@@@@@@@@@@@@@@@@@@@@@@@@@@@@@
Debug: sparse nonlocal_op@@@@@@@@@@@@@@@@@@@@@@@@@@@@@@@@@@
Debug: sparse nonlocal_op@@@@@@@@@@@@@@@@@@@@@@@@@@@@@@@@@@
Debug: sparse nonlocal_op@@@@@@@@@@@@@@@@@@@@@@@@@@@@@@@@@@
Debug: sparse nonlocal_op@@@@@@@@@@@@@@@@@@@@@@@@@@@@@@@@@@
Debug: sparse nonlocal_op@@@@@@@@@@@@@@@@@@@@@@@@@@@@@@@@@@
Debug: sparse nonlocal_op@@@@@@@@@@@@@@@@@@@@@@@@@@@@@@@@@@
Debug: sparse nonlocal_op@@@@@@@@@@@@@@@@@@@@@@@@@@@@@@@@@@
Debug: sparse nonlocal_op@@@@@@@@@@@@@@@@@@@@@@@@@@@@@@@@@@
Debug: sparse nonlocal_op@@@@@@@@@@@@@@@@@@@@@@@@@@@@@@@@@@
Debug: sparse nonlocal_op@@@@@@@@@@@@@@@@@@@@@@@@@@@@@@@@@@
Debug: sparse nonlocal_op@@@@@@@@@@@@@@@@@@@@@@@@@@@@@@@@@@
Debug: sparse nonlocal_op@@@@@@@@@@@@@@@@@@@@@@@@@@@@@@@@@@
Debug: sparse nonlocal_op@@@@@@@@@@@@@@@@@@@@@@@@@@@@@@@@@@
Debug: sparse nonlocal_op@@@@@@@@@@@@@@@@@@@@@@@@@@@@@@@@@@
Debug: sparse nonlocal_op@@@@@@@@@@@@@@@@@@@@@@@@@@@@@@@@@@
Elapsed time[calc_nonlocal_energy]: 0.04439997673034668 sec

============ Energy (Hartree) ============
|   Total Energy        : -33.7511717769 |
------------------------------------------
| * Ion-ion Energy      : 0.0            |
| * Eigenvals sum for 0 : -1.4676851243  |
| * Hartree Energy      : 13.8919088584  |
| * XC Energy           : -12.3890444317 |
| * Kinetic Energy      : 12.3792276989  |
| * External Energy     : -52.2720591055 |
| * Non-local Energy    : 4.6387952029   |
==========================================
Elapsed time[calc_and_print_energies]: 0.08909273147583008 sec
Total energy difference = 0.018835417479529326 Hartree
Elapsed time for 7 th cycle: 6.352642297744751 sec

==================== [ END CYCLE 7 ] ====================
Elapsed time[_get_mixed_var]: 0.0003223419189453125 sec
Elapsed time[compute_potential]: 0.006903171539306641 sec
Elapsed time[compute]: 0.020392656326293945 sec

==================== [ SCF CYCLE 8 ] ====================
Debug: sparse nonlocal_op@@@@@@@@@@@@@@@@@@@@@@@@@@@@@@@@@@
Debug: sparse nonlocal_op@@@@@@@@@@@@@@@@@@@@@@@@@@@@@@@@@@
Debug: sparse nonlocal_op@@@@@@@@@@@@@@@@@@@@@@@@@@@@@@@@@@
Debug: sparse nonlocal_op@@@@@@@@@@@@@@@@@@@@@@@@@@@@@@@@@@
Elapsed time[diagonalize]: 6.26589035987854 sec

[ PRINT EIGENVALUES ]
( spin alpha )
* 1 th kpt (=[0. 0. 0.])
num        occ        value
1          2.0        -0.29972602922645675
2          2.0        -0.1518609421559733
3          2.0        -0.1518342089028614
4          2.0        -0.15179970703195614
5          2.0        -0.14273743102164793
6          2.0        -0.14273397159730675
7          2.0        -0.1427248965025059
8          2.0        0.033642077301107624
9          2.0        0.03369126396699635
10         2.0        0.0337211027403923
11         2.0        0.033801944832602716
12         2.0        0.033818275494947016
13         2.0        0.03384992516317427
14         2.0        0.13876190287740744
15         2.0        0.1388433878259332
16         2.0        0.1391712471850396
17         0.0        0.16276969086791557
18         0.0        0.16290755272691498
19         0.0        0.16307399649149246
20         0.0        0.1647658553732635


* 2 th kpt (=[0.5 0.  0. ])
num        occ        value
1          6.0        -0.259958775391741
2          6.0        -0.2599573974720527
3          6.0        -0.1457855268694411
4          6.0        -0.14577989845179867
5          6.0        -0.13635438797643712
6          6.0        -0.13635076668928486
7          6.0        -0.0036506392685472754
8          6.0        -0.0036439503241170773
9          6.0        -0.0031860206863713798
10         6.0        -0.003183125446720412
11         6.0        0.010780115127814838
12         6.0        0.010795393539198927
13         6.0        0.06913790384084889
14         6.0        0.06914007945754863
15         6.0        0.06928054255547504
16         6.0        0.06928318649631524
17         0.0        0.17965234891165247
18         0.0        0.17966128156480884
19         0.0        0.25255977416267955
20         0.0        0.252597848603862


* 3 th kpt (=[0.5 0.5 0. ])
num        occ        value
1          6.0        -0.22454516953210346
2          6.0        -0.22454269670064875
3          6.0        -0.2245387838850563
4          6.0        -0.22453664879491436
5          6.0        -0.06149131074781312
6          6.0        -0.061487019465265386
7          6.0        -0.061481837418004226
8          6.0        -0.06147973778836996
9          6.0        0.0004369935507445842
10         6.0        0.00043983584861122867
11         6.0        0.00044144666499462524
12         6.0        0.00044376148159623027
13         6.0        0.09001679242922585
14         6.0        0.09002496975652859
15         6.0        0.0900291835738652
16         6.0        0.09004875236525926
17         0.0        0.22802964832660846
18         0.0        0.22803218419848215
19         0.0        0.2280356738460823
20         0.0        0.22805022830712093


* 4 th kpt (=[0.5 0.5 0.5])
num        occ        value
1          2.0        -0.21379077295942578
2          2.0        -0.21378735115652564
3          2.0        -0.2137854260559294
4          2.0        -0.2137799665712729
5          2.0        -0.11697706408456111
6          2.0        -0.11697079382455562
7          2.0        -0.1169668250441903
8          2.0        -0.11696516599863752
9          2.0        0.0946699589691599
10         2.0        0.0946710483952438
11         2.0        0.09467410980355581
12         2.0        0.09467931637131144
13         2.0        0.09491085375182406
14         2.0        0.0949143462987322
15         2.0        0.09491638120080984
16         2.0        0.09492031593685267
17         0.0        0.19629633387405226
18         0.0        0.19629907371975733
19         0.0        0.1963001780736591
20         0.0        0.1963015829165099


Integral of density (=32.00000000000005) is normalized to 32.00000000000001
Orbital energy difference = -0.000751701412885053
Density difference (relative) = 0.00023929478637236762
Elapsed time[calc_external_energy]: 7.581710815429688e-05 sec
Debug: sparse nonlocal_op@@@@@@@@@@@@@@@@@@@@@@@@@@@@@@@@@@
Debug: sparse nonlocal_op@@@@@@@@@@@@@@@@@@@@@@@@@@@@@@@@@@
Debug: sparse nonlocal_op@@@@@@@@@@@@@@@@@@@@@@@@@@@@@@@@@@
Debug: sparse nonlocal_op@@@@@@@@@@@@@@@@@@@@@@@@@@@@@@@@@@
Debug: sparse nonlocal_op@@@@@@@@@@@@@@@@@@@@@@@@@@@@@@@@@@
Debug: sparse nonlocal_op@@@@@@@@@@@@@@@@@@@@@@@@@@@@@@@@@@
Debug: sparse nonlocal_op@@@@@@@@@@@@@@@@@@@@@@@@@@@@@@@@@@
Debug: sparse nonlocal_op@@@@@@@@@@@@@@@@@@@@@@@@@@@@@@@@@@
Debug: sparse nonlocal_op@@@@@@@@@@@@@@@@@@@@@@@@@@@@@@@@@@
Debug: sparse nonlocal_op@@@@@@@@@@@@@@@@@@@@@@@@@@@@@@@@@@
Debug: sparse nonlocal_op@@@@@@@@@@@@@@@@@@@@@@@@@@@@@@@@@@
Debug: sparse nonlocal_op@@@@@@@@@@@@@@@@@@@@@@@@@@@@@@@@@@
Debug: sparse nonlocal_op@@@@@@@@@@@@@@@@@@@@@@@@@@@@@@@@@@
Debug: sparse nonlocal_op@@@@@@@@@@@@@@@@@@@@@@@@@@@@@@@@@@
Debug: sparse nonlocal_op@@@@@@@@@@@@@@@@@@@@@@@@@@@@@@@@@@
Debug: sparse nonlocal_op@@@@@@@@@@@@@@@@@@@@@@@@@@@@@@@@@@
Debug: sparse nonlocal_op@@@@@@@@@@@@@@@@@@@@@@@@@@@@@@@@@@
Debug: sparse nonlocal_op@@@@@@@@@@@@@@@@@@@@@@@@@@@@@@@@@@
Debug: sparse nonlocal_op@@@@@@@@@@@@@@@@@@@@@@@@@@@@@@@@@@
Debug: sparse nonlocal_op@@@@@@@@@@@@@@@@@@@@@@@@@@@@@@@@@@
Debug: sparse nonlocal_op@@@@@@@@@@@@@@@@@@@@@@@@@@@@@@@@@@
Debug: sparse nonlocal_op@@@@@@@@@@@@@@@@@@@@@@@@@@@@@@@@@@
Debug: sparse nonlocal_op@@@@@@@@@@@@@@@@@@@@@@@@@@@@@@@@@@
Debug: sparse nonlocal_op@@@@@@@@@@@@@@@@@@@@@@@@@@@@@@@@@@
Debug: sparse nonlocal_op@@@@@@@@@@@@@@@@@@@@@@@@@@@@@@@@@@
Debug: sparse nonlocal_op@@@@@@@@@@@@@@@@@@@@@@@@@@@@@@@@@@
Debug: sparse nonlocal_op@@@@@@@@@@@@@@@@@@@@@@@@@@@@@@@@@@
Debug: sparse nonlocal_op@@@@@@@@@@@@@@@@@@@@@@@@@@@@@@@@@@
Debug: sparse nonlocal_op@@@@@@@@@@@@@@@@@@@@@@@@@@@@@@@@@@
Debug: sparse nonlocal_op@@@@@@@@@@@@@@@@@@@@@@@@@@@@@@@@@@
Debug: sparse nonlocal_op@@@@@@@@@@@@@@@@@@@@@@@@@@@@@@@@@@
Debug: sparse nonlocal_op@@@@@@@@@@@@@@@@@@@@@@@@@@@@@@@@@@
Debug: sparse nonlocal_op@@@@@@@@@@@@@@@@@@@@@@@@@@@@@@@@@@
Debug: sparse nonlocal_op@@@@@@@@@@@@@@@@@@@@@@@@@@@@@@@@@@
Debug: sparse nonlocal_op@@@@@@@@@@@@@@@@@@@@@@@@@@@@@@@@@@
Debug: sparse nonlocal_op@@@@@@@@@@@@@@@@@@@@@@@@@@@@@@@@@@
Debug: sparse nonlocal_op@@@@@@@@@@@@@@@@@@@@@@@@@@@@@@@@@@
Debug: sparse nonlocal_op@@@@@@@@@@@@@@@@@@@@@@@@@@@@@@@@@@
Debug: sparse nonlocal_op@@@@@@@@@@@@@@@@@@@@@@@@@@@@@@@@@@
Debug: sparse nonlocal_op@@@@@@@@@@@@@@@@@@@@@@@@@@@@@@@@@@
Debug: sparse nonlocal_op@@@@@@@@@@@@@@@@@@@@@@@@@@@@@@@@@@
Debug: sparse nonlocal_op@@@@@@@@@@@@@@@@@@@@@@@@@@@@@@@@@@
Debug: sparse nonlocal_op@@@@@@@@@@@@@@@@@@@@@@@@@@@@@@@@@@
Debug: sparse nonlocal_op@@@@@@@@@@@@@@@@@@@@@@@@@@@@@@@@@@
Debug: sparse nonlocal_op@@@@@@@@@@@@@@@@@@@@@@@@@@@@@@@@@@
Debug: sparse nonlocal_op@@@@@@@@@@@@@@@@@@@@@@@@@@@@@@@@@@
Debug: sparse nonlocal_op@@@@@@@@@@@@@@@@@@@@@@@@@@@@@@@@@@
Debug: sparse nonlocal_op@@@@@@@@@@@@@@@@@@@@@@@@@@@@@@@@@@
Debug: sparse nonlocal_op@@@@@@@@@@@@@@@@@@@@@@@@@@@@@@@@@@
Debug: sparse nonlocal_op@@@@@@@@@@@@@@@@@@@@@@@@@@@@@@@@@@
Debug: sparse nonlocal_op@@@@@@@@@@@@@@@@@@@@@@@@@@@@@@@@@@
Debug: sparse nonlocal_op@@@@@@@@@@@@@@@@@@@@@@@@@@@@@@@@@@
Debug: sparse nonlocal_op@@@@@@@@@@@@@@@@@@@@@@@@@@@@@@@@@@
Debug: sparse nonlocal_op@@@@@@@@@@@@@@@@@@@@@@@@@@@@@@@@@@
Debug: sparse nonlocal_op@@@@@@@@@@@@@@@@@@@@@@@@@@@@@@@@@@
Debug: sparse nonlocal_op@@@@@@@@@@@@@@@@@@@@@@@@@@@@@@@@@@
Debug: sparse nonlocal_op@@@@@@@@@@@@@@@@@@@@@@@@@@@@@@@@@@
Debug: sparse nonlocal_op@@@@@@@@@@@@@@@@@@@@@@@@@@@@@@@@@@
Debug: sparse nonlocal_op@@@@@@@@@@@@@@@@@@@@@@@@@@@@@@@@@@
Debug: sparse nonlocal_op@@@@@@@@@@@@@@@@@@@@@@@@@@@@@@@@@@
Debug: sparse nonlocal_op@@@@@@@@@@@@@@@@@@@@@@@@@@@@@@@@@@
Debug: sparse nonlocal_op@@@@@@@@@@@@@@@@@@@@@@@@@@@@@@@@@@
Debug: sparse nonlocal_op@@@@@@@@@@@@@@@@@@@@@@@@@@@@@@@@@@
Debug: sparse nonlocal_op@@@@@@@@@@@@@@@@@@@@@@@@@@@@@@@@@@
Elapsed time[calc_nonlocal_energy]: 0.043210744857788086 sec

============ Energy (Hartree) ============
|   Total Energy        : -33.7490813051 |
------------------------------------------
| * Ion-ion Energy      : 0.0            |
| * Eigenvals sum for 0 : -1.4684368257  |
| * Hartree Energy      : 13.892826087   |
| * XC Energy           : -12.38869262   |
| * Kinetic Energy      : 12.3797731512  |
| * External Energy     : -52.2721340743 |
| * Non-local Energy    : 4.639146151    |
==========================================
Elapsed time[calc_and_print_energies]: 0.08891558647155762 sec
Total energy difference = 0.0020904718670990974 Hartree
Elapsed time for 8 th cycle: 6.366841793060303 sec

==================== [ END CYCLE 8 ] ====================
Elapsed time[_get_mixed_var]: 0.0004487037658691406 sec
Elapsed time[compute_potential]: 0.00687718391418457 sec
Elapsed time[compute]: 0.020009279251098633 sec

==================== [ SCF CYCLE 9 ] ====================
Debug: sparse nonlocal_op@@@@@@@@@@@@@@@@@@@@@@@@@@@@@@@@@@
Debug: sparse nonlocal_op@@@@@@@@@@@@@@@@@@@@@@@@@@@@@@@@@@
Debug: sparse nonlocal_op@@@@@@@@@@@@@@@@@@@@@@@@@@@@@@@@@@
Debug: sparse nonlocal_op@@@@@@@@@@@@@@@@@@@@@@@@@@@@@@@@@@
Elapsed time[diagonalize]: 6.243478775024414 sec

[ PRINT EIGENVALUES ]
( spin alpha )
* 1 th kpt (=[0. 0. 0.])
num        occ        value
1          2.0        -0.2997258658874111
2          2.0        -0.15186115154001495
3          2.0        -0.15183611364255137
4          2.0        -0.15180092647057883
5          2.0        -0.14273789443739715
6          2.0        -0.14273640318484776
7          2.0        -0.14272738566232737
8          2.0        0.03364078354506977
9          2.0        0.033689042707699034
10         2.0        0.033719166807486226
11         2.0        0.03379941378871925
12         2.0        0.03381573292867795
13         2.0        0.03384771073512534
14         2.0        0.13875977820092017
15         2.0        0.1388411195621239
16         2.0        0.13916833806823656
17         0.0        0.1627663042382011
18         0.0        0.16288140987854968
19         0.0        0.16297313250038264
20         0.0        0.1647744567243433


* 2 th kpt (=[0.5 0.  0. ])
num        occ        value
1          6.0        -0.2599589374126734
2          6.0        -0.2599577472776403
3          6.0        -0.1457864255345072
4          6.0        -0.14578219780250887
5          6.0        -0.13635608964048848
6          6.0        -0.13635411623724003
7          6.0        -0.003647751014091485
8          6.0        -0.003643066626669589
9          6.0        -0.0031841282638769533
10         6.0        -0.003182112465643096
11         6.0        0.010778070547971745
12         6.0        0.01079330783021482
13         6.0        0.06913571607370969
14         6.0        0.06913785480233771
15         6.0        0.06927828101403391
16         6.0        0.0692802704032983
17         0.0        0.17965884153447137
18         0.0        0.17966772934384215
19         0.0        0.25256666832702096
20         0.0        0.2526047374031282


* 3 th kpt (=[0.5 0.5 0. ])
num        occ        value
1          6.0        -0.2245439912999088
2          6.0        -0.22454357571453643
3          6.0        -0.22453978547205775
4          6.0        -0.2245394652827835
5          6.0        -0.06149005699939335
6          6.0        -0.06148914022357146
7          6.0        -0.0614842366868786
8          6.0        -0.061482527633138453
9          6.0        0.000440185027454222
10         6.0        0.00044100129666859583
11         6.0        0.0004427942335358672
12         6.0        0.0004442906321987015
13         6.0        0.09001167689758381
14         6.0        0.09002561826402596
15         6.0        0.0900277565772573
16         6.0        0.09004337797018057
17         0.0        0.22803125033906632
18         0.0        0.2280392745586997
19         0.0        0.2280421825068601
20         0.0        0.22805107394160537


* 4 th kpt (=[0.5 0.5 0.5])
num        occ        value
1          2.0        -0.2137892023268543
2          2.0        -0.21378803812351646
3          2.0        -0.2137871620207528
4          2.0        -0.21378571377777716
5          2.0        -0.11697037790393994
6          2.0        -0.11696964185313571
7          2.0        -0.11696827726402188
8          2.0        -0.11696576277018686
9          2.0        0.09466964597926465
10         2.0        0.09467112135959375
11         2.0        0.09467144143967436
12         2.0        0.0946720753912154
13         2.0        0.09491164856899187
14         2.0        0.0949117723302949
15         2.0        0.09491239836554602
16         2.0        0.09491361881357624
17         0.0        0.19630314257772594
18         0.0        0.19630377789678657
19         0.0        0.19630447430179537
20         0.0        0.1963051894117868


Integral of density (=32.00000000000006) is normalized to 32.0
Orbital energy difference = -3.581391095308639e-05
Density difference (relative) = 0.00013136502219716697
Elapsed time[calc_external_energy]: 4.7206878662109375e-05 sec
Debug: sparse nonlocal_op@@@@@@@@@@@@@@@@@@@@@@@@@@@@@@@@@@
Debug: sparse nonlocal_op@@@@@@@@@@@@@@@@@@@@@@@@@@@@@@@@@@
Debug: sparse nonlocal_op@@@@@@@@@@@@@@@@@@@@@@@@@@@@@@@@@@
Debug: sparse nonlocal_op@@@@@@@@@@@@@@@@@@@@@@@@@@@@@@@@@@
Debug: sparse nonlocal_op@@@@@@@@@@@@@@@@@@@@@@@@@@@@@@@@@@
Debug: sparse nonlocal_op@@@@@@@@@@@@@@@@@@@@@@@@@@@@@@@@@@
Debug: sparse nonlocal_op@@@@@@@@@@@@@@@@@@@@@@@@@@@@@@@@@@
Debug: sparse nonlocal_op@@@@@@@@@@@@@@@@@@@@@@@@@@@@@@@@@@
Debug: sparse nonlocal_op@@@@@@@@@@@@@@@@@@@@@@@@@@@@@@@@@@
Debug: sparse nonlocal_op@@@@@@@@@@@@@@@@@@@@@@@@@@@@@@@@@@
Debug: sparse nonlocal_op@@@@@@@@@@@@@@@@@@@@@@@@@@@@@@@@@@
Debug: sparse nonlocal_op@@@@@@@@@@@@@@@@@@@@@@@@@@@@@@@@@@
Debug: sparse nonlocal_op@@@@@@@@@@@@@@@@@@@@@@@@@@@@@@@@@@
Debug: sparse nonlocal_op@@@@@@@@@@@@@@@@@@@@@@@@@@@@@@@@@@
Debug: sparse nonlocal_op@@@@@@@@@@@@@@@@@@@@@@@@@@@@@@@@@@
Debug: sparse nonlocal_op@@@@@@@@@@@@@@@@@@@@@@@@@@@@@@@@@@
Debug: sparse nonlocal_op@@@@@@@@@@@@@@@@@@@@@@@@@@@@@@@@@@
Debug: sparse nonlocal_op@@@@@@@@@@@@@@@@@@@@@@@@@@@@@@@@@@
Debug: sparse nonlocal_op@@@@@@@@@@@@@@@@@@@@@@@@@@@@@@@@@@
Debug: sparse nonlocal_op@@@@@@@@@@@@@@@@@@@@@@@@@@@@@@@@@@
Debug: sparse nonlocal_op@@@@@@@@@@@@@@@@@@@@@@@@@@@@@@@@@@
Debug: sparse nonlocal_op@@@@@@@@@@@@@@@@@@@@@@@@@@@@@@@@@@
Debug: sparse nonlocal_op@@@@@@@@@@@@@@@@@@@@@@@@@@@@@@@@@@
Debug: sparse nonlocal_op@@@@@@@@@@@@@@@@@@@@@@@@@@@@@@@@@@
Debug: sparse nonlocal_op@@@@@@@@@@@@@@@@@@@@@@@@@@@@@@@@@@
Debug: sparse nonlocal_op@@@@@@@@@@@@@@@@@@@@@@@@@@@@@@@@@@
Debug: sparse nonlocal_op@@@@@@@@@@@@@@@@@@@@@@@@@@@@@@@@@@
Debug: sparse nonlocal_op@@@@@@@@@@@@@@@@@@@@@@@@@@@@@@@@@@
Debug: sparse nonlocal_op@@@@@@@@@@@@@@@@@@@@@@@@@@@@@@@@@@
Debug: sparse nonlocal_op@@@@@@@@@@@@@@@@@@@@@@@@@@@@@@@@@@
Debug: sparse nonlocal_op@@@@@@@@@@@@@@@@@@@@@@@@@@@@@@@@@@
Debug: sparse nonlocal_op@@@@@@@@@@@@@@@@@@@@@@@@@@@@@@@@@@
Debug: sparse nonlocal_op@@@@@@@@@@@@@@@@@@@@@@@@@@@@@@@@@@
Debug: sparse nonlocal_op@@@@@@@@@@@@@@@@@@@@@@@@@@@@@@@@@@
Debug: sparse nonlocal_op@@@@@@@@@@@@@@@@@@@@@@@@@@@@@@@@@@
Debug: sparse nonlocal_op@@@@@@@@@@@@@@@@@@@@@@@@@@@@@@@@@@
Debug: sparse nonlocal_op@@@@@@@@@@@@@@@@@@@@@@@@@@@@@@@@@@
Debug: sparse nonlocal_op@@@@@@@@@@@@@@@@@@@@@@@@@@@@@@@@@@
Debug: sparse nonlocal_op@@@@@@@@@@@@@@@@@@@@@@@@@@@@@@@@@@
Debug: sparse nonlocal_op@@@@@@@@@@@@@@@@@@@@@@@@@@@@@@@@@@
Debug: sparse nonlocal_op@@@@@@@@@@@@@@@@@@@@@@@@@@@@@@@@@@
Debug: sparse nonlocal_op@@@@@@@@@@@@@@@@@@@@@@@@@@@@@@@@@@
Debug: sparse nonlocal_op@@@@@@@@@@@@@@@@@@@@@@@@@@@@@@@@@@
Debug: sparse nonlocal_op@@@@@@@@@@@@@@@@@@@@@@@@@@@@@@@@@@
Debug: sparse nonlocal_op@@@@@@@@@@@@@@@@@@@@@@@@@@@@@@@@@@
Debug: sparse nonlocal_op@@@@@@@@@@@@@@@@@@@@@@@@@@@@@@@@@@
Debug: sparse nonlocal_op@@@@@@@@@@@@@@@@@@@@@@@@@@@@@@@@@@
Debug: sparse nonlocal_op@@@@@@@@@@@@@@@@@@@@@@@@@@@@@@@@@@
Debug: sparse nonlocal_op@@@@@@@@@@@@@@@@@@@@@@@@@@@@@@@@@@
Debug: sparse nonlocal_op@@@@@@@@@@@@@@@@@@@@@@@@@@@@@@@@@@
Debug: sparse nonlocal_op@@@@@@@@@@@@@@@@@@@@@@@@@@@@@@@@@@
Debug: sparse nonlocal_op@@@@@@@@@@@@@@@@@@@@@@@@@@@@@@@@@@
Debug: sparse nonlocal_op@@@@@@@@@@@@@@@@@@@@@@@@@@@@@@@@@@
Debug: sparse nonlocal_op@@@@@@@@@@@@@@@@@@@@@@@@@@@@@@@@@@
Debug: sparse nonlocal_op@@@@@@@@@@@@@@@@@@@@@@@@@@@@@@@@@@
Debug: sparse nonlocal_op@@@@@@@@@@@@@@@@@@@@@@@@@@@@@@@@@@
Debug: sparse nonlocal_op@@@@@@@@@@@@@@@@@@@@@@@@@@@@@@@@@@
Debug: sparse nonlocal_op@@@@@@@@@@@@@@@@@@@@@@@@@@@@@@@@@@
Debug: sparse nonlocal_op@@@@@@@@@@@@@@@@@@@@@@@@@@@@@@@@@@
Debug: sparse nonlocal_op@@@@@@@@@@@@@@@@@@@@@@@@@@@@@@@@@@
Debug: sparse nonlocal_op@@@@@@@@@@@@@@@@@@@@@@@@@@@@@@@@@@
Debug: sparse nonlocal_op@@@@@@@@@@@@@@@@@@@@@@@@@@@@@@@@@@
Debug: sparse nonlocal_op@@@@@@@@@@@@@@@@@@@@@@@@@@@@@@@@@@
Debug: sparse nonlocal_op@@@@@@@@@@@@@@@@@@@@@@@@@@@@@@@@@@
Elapsed time[calc_nonlocal_energy]: 0.0420222282409668 sec

============ Energy (Hartree) ============
|   Total Energy        : -33.7490572182 |
------------------------------------------
| * Ion-ion Energy      : 0.0            |
| * Eigenvals sum for 0 : -1.4684726396  |
| * Hartree Energy      : 13.8927655261  |
| * XC Energy           : -12.3886981977 |
| * Kinetic Energy      : 12.3798536736  |
| * External Energy     : -52.2721388829 |
| * Non-local Energy    : 4.6391606627   |
==========================================
Elapsed time[calc_and_print_energies]: 0.08658337593078613 sec
Total energy difference = 2.4086908801734808e-05 Hartree
Elapsed time for 9 th cycle: 6.340025186538696 sec

==================== [ END CYCLE 9 ] ====================
Elapsed time[_get_mixed_var]: 0.0003097057342529297 sec
Elapsed time[compute_potential]: 0.0066487789154052734 sec
Elapsed time[compute]: 0.019536495208740234 sec

==================== [ SCF CYCLE 10 ] ====================
Debug: sparse nonlocal_op@@@@@@@@@@@@@@@@@@@@@@@@@@@@@@@@@@
Debug: sparse nonlocal_op@@@@@@@@@@@@@@@@@@@@@@@@@@@@@@@@@@
Debug: sparse nonlocal_op@@@@@@@@@@@@@@@@@@@@@@@@@@@@@@@@@@
Debug: sparse nonlocal_op@@@@@@@@@@@@@@@@@@@@@@@@@@@@@@@@@@
Elapsed time[diagonalize]: 6.198351144790649 sec

[ PRINT EIGENVALUES ]
( spin alpha )
* 1 th kpt (=[0. 0. 0.])
num        occ        value
1          2.0        -0.29972171544175513
2          2.0        -0.15185773728976884
3          2.0        -0.1518329233422361
4          2.0        -0.15179776931040778
5          2.0        -0.1427339356667061
6          2.0        -0.14273305385513202
7          2.0        -0.1427240123884082
8          2.0        0.03364359443227354
9          2.0        0.033691164978891686
10         2.0        0.03372120980340103
11         2.0        0.03380112311625065
12         2.0        0.03381747294080385
13         2.0        0.03384979428443149
14         2.0        0.13876328860605416
15         2.0        0.13884450002354362
16         2.0        0.1391711344411406
17         0.0        0.16276996785103617
18         0.0        0.16286185234520675
19         0.0        0.16292955297281614
20         0.0        0.16478441487620013


* 2 th kpt (=[0.5 0.  0. ])
num        occ        value
1          6.0        -0.2599549034539751
2          6.0        -0.25995391610397756
3          6.0        -0.14578295196116167
4          6.0        -0.14577971934917966
5          6.0        -0.1363524999713743
6          6.0        -0.136351343689732
7          6.0        -0.003642300035749255
8          6.0        -0.00363889561569229
9          6.0        -0.0031794314843742702
10         6.0        -0.003178177384199971
11         6.0        0.01078164031664896
12         6.0        0.01079687809663787
13         6.0        0.06913807339121825
14         6.0        0.06913994199903976
15         6.0        0.0692802560889136
16         6.0        0.06928217145453892
17         0.0        0.17966705113821888
18         0.0        0.1796759399393828
19         0.0        0.2525749306658943
20         0.0        0.25261298842984936


* 3 th kpt (=[0.5 0.5 0. ])
num        occ        value
1          6.0        -0.22453925175728323
2          6.0        -0.22453846532968494
3          6.0        -0.22453792586570606
4          6.0        -0.22453678171876293
5          6.0        -0.061484572900190416
6          6.0        -0.061484142300255694
7          6.0        -0.06148310407405572
8          6.0        -0.06148026946357962
9          6.0        0.0004454528191065176
10         6.0        0.00044652037421006517
11         6.0        0.000446692792812251
12         6.0        0.0004481635082641857
13         6.0        0.09001269506087861
14         6.0        0.09002976114421347
15         6.0        0.09003024545367476
16         6.0        0.09004424526337465
17         0.0        0.22803633444070756
18         0.0        0.2280481319325336
19         0.0        0.22804856006097615
20         0.0        0.22805607988248677


* 4 th kpt (=[0.5 0.5 0.5])
num        occ        value
1          2.0        -0.2137854808566938
2          2.0        -0.213785214766529
3          2.0        -0.21378408009774735
4          2.0        -0.21378264780379794
5          2.0        -0.11696544250257834
6          2.0        -0.11696465527849405
7          2.0        -0.11696325097522292
8          2.0        -0.11696108526679859
9          2.0        0.09467221479324373
10         2.0        0.09467363956483019
11         2.0        0.09467404058051532
12         2.0        0.09467478878121392
13         2.0        0.09491340795148473
14         2.0        0.09491372912154576
15         2.0        0.09491484274374457
16         2.0        0.09491559119507331
17         0.0        0.19631196779045057
18         0.0        0.19631202407104542
19         0.0        0.19631279052047967
20         0.0        0.19631367924572074


Integral of density (=32.000000000000014) is normalized to 32.00000000000001
Orbital energy difference = 0.00010633668861648182
Density difference (relative) = 3.908459634827223e-05
Elapsed time[calc_external_energy]: 4.744529724121094e-05 sec
Debug: sparse nonlocal_op@@@@@@@@@@@@@@@@@@@@@@@@@@@@@@@@@@
Debug: sparse nonlocal_op@@@@@@@@@@@@@@@@@@@@@@@@@@@@@@@@@@
Debug: sparse nonlocal_op@@@@@@@@@@@@@@@@@@@@@@@@@@@@@@@@@@
Debug: sparse nonlocal_op@@@@@@@@@@@@@@@@@@@@@@@@@@@@@@@@@@
Debug: sparse nonlocal_op@@@@@@@@@@@@@@@@@@@@@@@@@@@@@@@@@@
Debug: sparse nonlocal_op@@@@@@@@@@@@@@@@@@@@@@@@@@@@@@@@@@
Debug: sparse nonlocal_op@@@@@@@@@@@@@@@@@@@@@@@@@@@@@@@@@@
Debug: sparse nonlocal_op@@@@@@@@@@@@@@@@@@@@@@@@@@@@@@@@@@
Debug: sparse nonlocal_op@@@@@@@@@@@@@@@@@@@@@@@@@@@@@@@@@@
Debug: sparse nonlocal_op@@@@@@@@@@@@@@@@@@@@@@@@@@@@@@@@@@
Debug: sparse nonlocal_op@@@@@@@@@@@@@@@@@@@@@@@@@@@@@@@@@@
Debug: sparse nonlocal_op@@@@@@@@@@@@@@@@@@@@@@@@@@@@@@@@@@
Debug: sparse nonlocal_op@@@@@@@@@@@@@@@@@@@@@@@@@@@@@@@@@@
Debug: sparse nonlocal_op@@@@@@@@@@@@@@@@@@@@@@@@@@@@@@@@@@
Debug: sparse nonlocal_op@@@@@@@@@@@@@@@@@@@@@@@@@@@@@@@@@@
Debug: sparse nonlocal_op@@@@@@@@@@@@@@@@@@@@@@@@@@@@@@@@@@
Debug: sparse nonlocal_op@@@@@@@@@@@@@@@@@@@@@@@@@@@@@@@@@@
Debug: sparse nonlocal_op@@@@@@@@@@@@@@@@@@@@@@@@@@@@@@@@@@
Debug: sparse nonlocal_op@@@@@@@@@@@@@@@@@@@@@@@@@@@@@@@@@@
Debug: sparse nonlocal_op@@@@@@@@@@@@@@@@@@@@@@@@@@@@@@@@@@
Debug: sparse nonlocal_op@@@@@@@@@@@@@@@@@@@@@@@@@@@@@@@@@@
Debug: sparse nonlocal_op@@@@@@@@@@@@@@@@@@@@@@@@@@@@@@@@@@
Debug: sparse nonlocal_op@@@@@@@@@@@@@@@@@@@@@@@@@@@@@@@@@@
Debug: sparse nonlocal_op@@@@@@@@@@@@@@@@@@@@@@@@@@@@@@@@@@
Debug: sparse nonlocal_op@@@@@@@@@@@@@@@@@@@@@@@@@@@@@@@@@@
Debug: sparse nonlocal_op@@@@@@@@@@@@@@@@@@@@@@@@@@@@@@@@@@
Debug: sparse nonlocal_op@@@@@@@@@@@@@@@@@@@@@@@@@@@@@@@@@@
Debug: sparse nonlocal_op@@@@@@@@@@@@@@@@@@@@@@@@@@@@@@@@@@
Debug: sparse nonlocal_op@@@@@@@@@@@@@@@@@@@@@@@@@@@@@@@@@@
Debug: sparse nonlocal_op@@@@@@@@@@@@@@@@@@@@@@@@@@@@@@@@@@
Debug: sparse nonlocal_op@@@@@@@@@@@@@@@@@@@@@@@@@@@@@@@@@@
Debug: sparse nonlocal_op@@@@@@@@@@@@@@@@@@@@@@@@@@@@@@@@@@
Debug: sparse nonlocal_op@@@@@@@@@@@@@@@@@@@@@@@@@@@@@@@@@@
Debug: sparse nonlocal_op@@@@@@@@@@@@@@@@@@@@@@@@@@@@@@@@@@
Debug: sparse nonlocal_op@@@@@@@@@@@@@@@@@@@@@@@@@@@@@@@@@@
Debug: sparse nonlocal_op@@@@@@@@@@@@@@@@@@@@@@@@@@@@@@@@@@
Debug: sparse nonlocal_op@@@@@@@@@@@@@@@@@@@@@@@@@@@@@@@@@@
Debug: sparse nonlocal_op@@@@@@@@@@@@@@@@@@@@@@@@@@@@@@@@@@
Debug: sparse nonlocal_op@@@@@@@@@@@@@@@@@@@@@@@@@@@@@@@@@@
Debug: sparse nonlocal_op@@@@@@@@@@@@@@@@@@@@@@@@@@@@@@@@@@
Debug: sparse nonlocal_op@@@@@@@@@@@@@@@@@@@@@@@@@@@@@@@@@@
Debug: sparse nonlocal_op@@@@@@@@@@@@@@@@@@@@@@@@@@@@@@@@@@
Debug: sparse nonlocal_op@@@@@@@@@@@@@@@@@@@@@@@@@@@@@@@@@@
Debug: sparse nonlocal_op@@@@@@@@@@@@@@@@@@@@@@@@@@@@@@@@@@
Debug: sparse nonlocal_op@@@@@@@@@@@@@@@@@@@@@@@@@@@@@@@@@@
Debug: sparse nonlocal_op@@@@@@@@@@@@@@@@@@@@@@@@@@@@@@@@@@
Debug: sparse nonlocal_op@@@@@@@@@@@@@@@@@@@@@@@@@@@@@@@@@@
Debug: sparse nonlocal_op@@@@@@@@@@@@@@@@@@@@@@@@@@@@@@@@@@
Debug: sparse nonlocal_op@@@@@@@@@@@@@@@@@@@@@@@@@@@@@@@@@@
Debug: sparse nonlocal_op@@@@@@@@@@@@@@@@@@@@@@@@@@@@@@@@@@
Debug: sparse nonlocal_op@@@@@@@@@@@@@@@@@@@@@@@@@@@@@@@@@@
Debug: sparse nonlocal_op@@@@@@@@@@@@@@@@@@@@@@@@@@@@@@@@@@
Debug: sparse nonlocal_op@@@@@@@@@@@@@@@@@@@@@@@@@@@@@@@@@@
Debug: sparse nonlocal_op@@@@@@@@@@@@@@@@@@@@@@@@@@@@@@@@@@
Debug: sparse nonlocal_op@@@@@@@@@@@@@@@@@@@@@@@@@@@@@@@@@@
Debug: sparse nonlocal_op@@@@@@@@@@@@@@@@@@@@@@@@@@@@@@@@@@
Debug: sparse nonlocal_op@@@@@@@@@@@@@@@@@@@@@@@@@@@@@@@@@@
Debug: sparse nonlocal_op@@@@@@@@@@@@@@@@@@@@@@@@@@@@@@@@@@
Debug: sparse nonlocal_op@@@@@@@@@@@@@@@@@@@@@@@@@@@@@@@@@@
Debug: sparse nonlocal_op@@@@@@@@@@@@@@@@@@@@@@@@@@@@@@@@@@
Debug: sparse nonlocal_op@@@@@@@@@@@@@@@@@@@@@@@@@@@@@@@@@@
Debug: sparse nonlocal_op@@@@@@@@@@@@@@@@@@@@@@@@@@@@@@@@@@
Debug: sparse nonlocal_op@@@@@@@@@@@@@@@@@@@@@@@@@@@@@@@@@@
Debug: sparse nonlocal_op@@@@@@@@@@@@@@@@@@@@@@@@@@@@@@@@@@
Elapsed time[calc_nonlocal_energy]: 0.04230999946594238 sec

============ Energy (Hartree) ============
|   Total Energy        : -33.7494011797 |
------------------------------------------
| * Ion-ion Energy      : 0.0            |
| * Eigenvals sum for 0 : -1.4683663029  |
| * Hartree Energy      : 13.8925356513  |
| * XC Energy           : -12.3887777704 |
| * Kinetic Energy      : 12.3798571775  |
| * External Energy     : -52.2721311173 |
| * Non-local Energy    : 4.6391148792   |
==========================================
Elapsed time[calc_and_print_energies]: 0.08706355094909668 sec
Total energy difference = -0.0003439615185456546 Hartree
Elapsed time for 10 th cycle: 6.295094013214111 sec

==================== [ END CYCLE 10 ] ====================
Elapsed time[_get_mixed_var]: 0.0003304481506347656 sec
Elapsed time[compute_potential]: 0.0066716670989990234 sec
Elapsed time[compute]: 0.0197598934173584 sec

==================== [ SCF CYCLE 11 ] ====================
Debug: sparse nonlocal_op@@@@@@@@@@@@@@@@@@@@@@@@@@@@@@@@@@
Debug: sparse nonlocal_op@@@@@@@@@@@@@@@@@@@@@@@@@@@@@@@@@@
Debug: sparse nonlocal_op@@@@@@@@@@@@@@@@@@@@@@@@@@@@@@@@@@
Debug: sparse nonlocal_op@@@@@@@@@@@@@@@@@@@@@@@@@@@@@@@@@@
Elapsed time[diagonalize]: 6.074265003204346 sec

[ PRINT EIGENVALUES ]
( spin alpha )
* 1 th kpt (=[0. 0. 0.])
num        occ        value
1          2.0        -0.299720777651926
2          2.0        -0.151856987020517
3          2.0        -0.1518322467565708
4          2.0        -0.15179716122481382
5          2.0        -0.14273298862631562
6          2.0        -0.142732345354724
7          2.0        -0.14272322434261225
8          2.0        0.03364415161235104
9          2.0        0.03369175960652195
10         2.0        0.033721693704827006
11         2.0        0.03380161868878299
12         2.0        0.03381794466082211
13         2.0        0.03385024146869317
14         2.0        0.1387640733233855
15         2.0        0.13884527105236896
16         2.0        0.13917182759522037
17         0.0        0.1627615297531605
18         0.0        0.16284332251626904
19         0.0        0.16289678623337817
20         0.0        0.16478669450763495


* 2 th kpt (=[0.5 0.  0. ])
num        occ        value
1          6.0        -0.25995387574770196
2          6.0        -0.2599531778164847
3          6.0        -0.1457812376747211
4          6.0        -0.14578025774359074
5          6.0        -0.13635135207862722
6          6.0        -0.13635100382637463
7          6.0        -0.0036400477798580835
8          6.0        -0.0036389894460065017
9          6.0        -0.0031778877351936693
10         6.0        -0.0031775633136061038
11         6.0        0.010782396995332824
12         6.0        0.01079763265877556
13         6.0        0.06913860387730206
14         6.0        0.06914044333804821
15         6.0        0.06928078647227796
16         6.0        0.06928265293225123
17         0.0        0.17966889824707805
18         0.0        0.17967778344658059
19         0.0        0.25257679738224964
20         0.0        0.25261485410753654


* 3 th kpt (=[0.5 0.5 0. ])
num        occ        value
1          6.0        -0.22453807325441139
2          6.0        -0.2245372987063291
3          6.0        -0.22453711999454926
4          6.0        -0.2245367371442158
5          6.0        -0.061483151057022824
6          6.0        -0.06148286852305525
7          6.0        -0.06148254579912883
8          6.0        -0.06148049144252683
9          6.0        0.00044694159499485955
10         6.0        0.000447738214279657
11         6.0        0.0004479261675009143
12         6.0        0.00044857063647389894
13         6.0        0.09001356160072954
14         6.0        0.09003009535625496
15         6.0        0.09003031623733128
16         6.0        0.09004506334747125
17         0.0        0.22803818581487073
18         0.0        0.22804923177959108
19         0.0        0.2280493274979484
20         0.0        0.22805791783522836


* 4 th kpt (=[0.5 0.5 0.5])
num        occ        value
1          2.0        -0.21378418372397487
2          2.0        -0.2137838889262673
3          2.0        -0.21378348515500634
4          2.0        -0.21378309483269642
5          2.0        -0.11696319075342317
6          2.0        -0.11696302576425376
7          2.0        -0.11696229696475395
8          2.0        -0.11696141027182194
9          2.0        0.09467378384506088
10         2.0        0.09467417290151366
11         2.0        0.09467432441643457
12         2.0        0.09467474672090417
13         2.0        0.09491437632470727
14         2.0        0.09491460306316292
15         2.0        0.09491513179310292
16         2.0        0.0949154772937339
17         0.0        0.19631411265661244
18         0.0        0.1963142775644873
19         0.0        0.19631452757693
20         0.0        0.19631477938536598


/home/jhwoo/programs/gospel/gospel/Eigensolver/Scipy.py:60: UserWarning: Exited at iteration 20 with accuracies 
[7.61004050e-07+0.j 7.47536517e-07+0.j 7.15795061e-07+0.j
 7.31596922e-07+0.j 2.20228266e-06+0.j 2.33384818e-06+0.j
 2.18600734e-06+0.j 2.18488826e-06+0.j 3.85674966e-06+0.j
 3.22642856e-06+0.j 3.66435353e-06+0.j 3.44417070e-06+0.j
 5.26687243e-06+0.j 4.02858204e-06+0.j 6.18325421e-06+0.j
 5.38334443e-06+0.j 2.53385087e-05+0.j 1.69255065e-05+0.j
 2.67525079e-05+0.j 2.76417478e-05+0.j]
not reaching the requested tolerance 1e-07.
  val, vec = lobpcg(
/home/jhwoo/programs/gospel/gospel/Eigensolver/Scipy.py:60: UserWarning: Exited at iteration 20 with accuracies 
[7.86290704e-07+0.j 1.22751947e-06+0.j 1.09113752e-06+0.j
 1.09304401e-06+0.j 2.55197355e-06+0.j 2.37918128e-06+0.j
 2.67799199e-06+0.j 2.15341900e-06+0.j 7.94256344e-06+0.j
 7.56813447e-06+0.j 1.08799555e-05+0.j 5.75404490e-06+0.j
 7.86905835e-06+0.j 1.07544767e-05+0.j 6.81460397e-06+0.j
 8.61402776e-06+0.j 3.68363577e-05+0.j 4.71769680e-05+0.j
 2.77863891e-05+0.j 3.61943521e-05+0.j]
not reaching the requested tolerance 1e-07.
  val, vec = lobpcg(
/home/jhwoo/programs/gospel/gospel/Eigensolver/Scipy.py:60: UserWarning: Exited at iteration 20 with accuracies 
[2.11457048e-07 4.09104739e-07 4.58835712e-07 5.67632349e-07
 4.61393056e-07 5.09852366e-07 6.11312733e-07 1.41463331e-06
 7.36785548e-07 8.01730225e-07 9.41703958e-07 1.72691251e-06
 1.40998923e-06 2.00277294e-05 1.10232459e-05 1.30003835e-05
 2.92583190e-03 6.08679437e-03 1.17093983e-02 6.41814822e-04]
not reaching the requested tolerance 1e-07.
  val, vec = lobpcg(
/home/jhwoo/programs/gospel/gospel/Eigensolver/Scipy.py:60: UserWarning: Exited at iteration 20 with accuracies 
[1.49162275e-07+0.j 1.47240006e-07+0.j 3.11547304e-07+0.j
 3.02345275e-07+0.j 2.94944643e-07+0.j 3.23988895e-07+0.j
 1.12345957e-06+0.j 1.17507105e-06+0.j 1.30769754e-06+0.j
 1.39674860e-06+0.j 6.17591272e-07+0.j 6.08261194e-07+0.j
 1.21019934e-06+0.j 1.11104709e-06+0.j 9.54141414e-07+0.j
 1.00040564e-06+0.j 3.89937384e-06+0.j 3.86007328e-06+0.j
 3.95556918e-05+0.j 4.97251790e-05+0.j]
not reaching the requested tolerance 1e-07.
  val, vec = lobpcg(
/home/jhwoo/programs/gospel/gospel/Eigensolver/Scipy.py:60: UserWarning: Exited at iteration 20 with accuracies 
[2.21340502e-07+0.j 2.19426597e-07+0.j 2.19960644e-07+0.j
 2.15930939e-07+0.j 5.00296037e-07+0.j 4.23314016e-07+0.j
 4.59561264e-07+0.j 5.01320376e-07+0.j 9.42252561e-07+0.j
 1.05474809e-06+0.j 9.59838551e-07+0.j 9.27557886e-07+0.j
 1.26630792e-06+0.j 1.32050510e-06+0.j 1.40351296e-06+0.j
 1.28690492e-06+0.j 7.74410591e-06+0.j 8.25440445e-06+0.j
 7.54238336e-06+0.j 8.41833854e-06+0.j]
not reaching the requested tolerance 1e-07.
  val, vec = lobpcg(
/home/jhwoo/programs/gospel/gospel/Eigensolver/Scipy.py:60: UserWarning: Exited at iteration 20 with accuracies 
[2.68384729e-07+0.j 2.98371545e-07+0.j 3.18365912e-07+0.j
 3.22237358e-07+0.j 3.97756453e-07+0.j 5.17578711e-07+0.j
 3.70704182e-07+0.j 5.61005574e-07+0.j 1.98451585e-06+0.j
 1.66385781e-06+0.j 1.97715424e-06+0.j 2.25416198e-06+0.j
 2.21946213e-06+0.j 2.00778687e-06+0.j 2.19915933e-06+0.j
 2.88637442e-06+0.j 1.30731238e-05+0.j 1.20630778e-05+0.j
 1.10309923e-05+0.j 9.51926194e-06+0.j]
not reaching the requested tolerance 1e-07.
  val, vec = lobpcg(
/home/jhwoo/programs/gospel/gospel/Eigensolver/Scipy.py:60: UserWarning: Exited at iteration 20 with accuracies 
[1.01984277e-07 3.44913666e-07 2.84080565e-07 3.12650380e-07
 2.45525554e-07 3.34795780e-07 3.50542425e-07 1.63166252e-06
 7.48195645e-07 1.57667292e-06 2.65705847e-07 2.46847483e-06
 1.55575761e-06 4.95450819e-06 3.20427674e-06 2.41552864e-06
 2.70485319e-03 5.28640689e-03 5.02365569e-03 3.47687255e-04]
not reaching the requested tolerance 1e-07.
  val, vec = lobpcg(
/home/jhwoo/programs/gospel/gospel/Eigensolver/Scipy.py:60: UserWarning: Exited at iteration 20 with accuracies 
[1.24407268e-07+0.j 1.06088969e-07+0.j 2.10021457e-07+0.j
 1.84677549e-07+0.j 2.26301450e-07+0.j 2.08700954e-07+0.j
 9.06284203e-07+0.j 8.09784349e-07+0.j 7.34410227e-07+0.j
 1.00487254e-06+0.j 4.59660668e-07+0.j 4.57354648e-07+0.j
 8.39071400e-07+0.j 8.02771705e-07+0.j 8.21368525e-07+0.j
 8.51045487e-07+0.j 1.71649269e-06+0.j 1.82222323e-06+0.j
 1.16652267e-05+0.j 1.89645186e-05+0.j]
not reaching the requested tolerance 1e-07.
  val, vec = lobpcg(
/home/jhwoo/programs/gospel/gospel/Eigensolver/Scipy.py:60: UserWarning: Exited at iteration 20 with accuracies 
[1.41528255e-07+0.j 1.29269877e-07+0.j 1.82023477e-07+0.j
 1.50350440e-07+0.j 3.46509521e-07+0.j 3.53627318e-07+0.j
 3.82442813e-07+0.j 3.50125363e-07+0.j 7.64748044e-07+0.j
 7.71837894e-07+0.j 7.70894908e-07+0.j 6.57616280e-07+0.j
 8.59728095e-07+0.j 8.76258720e-07+0.j 7.12894313e-07+0.j
 8.49363681e-07+0.j 4.24620282e-06+0.j 4.84294470e-06+0.j
 2.58337302e-06+0.j 3.97895380e-06+0.j]
not reaching the requested tolerance 1e-07.
  val, vec = lobpcg(
/home/jhwoo/programs/gospel/gospel/Eigensolver/Scipy.py:60: UserWarning: Exited at iteration 20 with accuracies 
[1.30474094e-07+0.j 1.80668409e-07+0.j 1.49872850e-07+0.j
 1.47071932e-07+0.j 3.97626169e-07+0.j 6.24927408e-07+0.j
 4.98611718e-07+0.j 4.45474691e-07+0.j 7.36414621e-07+0.j
 1.23609396e-06+0.j 1.64290780e-06+0.j 1.17499459e-06+0.j
 1.42111575e-06+0.j 8.25587397e-07+0.j 8.97976319e-07+0.j
 1.45078794e-06+0.j 2.12333716e-06+0.j 4.19206748e-06+0.j
 4.04846266e-06+0.j 3.29275224e-06+0.j]
not reaching the requested tolerance 1e-07.
  val, vec = lobpcg(
/home/jhwoo/programs/gospel/gospel/Eigensolver/Scipy.py:60: UserWarning: Exited at iteration 20 with accuracies 
[4.93614253e-08 8.02867414e-08 8.32968778e-08 1.08848974e-07
 1.09941429e-07 8.91727704e-08 1.00634293e-07 2.68556642e-07
 1.12697818e-07 1.61789251e-07 1.70851503e-07 4.12955304e-07
 2.83917416e-07 8.80164257e-07 3.96955087e-07 1.34293730e-06
 4.90032528e-03 6.59912164e-03 6.95157769e-03 6.49248903e-04]
not reaching the requested tolerance 1e-07.
  val, vec = lobpcg(
/home/jhwoo/programs/gospel/gospel/Eigensolver/Scipy.py:60: UserWarning: Exited at iteration 20 with accuracies 
[6.15326009e-08+0.j 5.87371500e-08+0.j 6.60035746e-08+0.j
 7.74563065e-08+0.j 7.75335867e-08+0.j 7.58260024e-08+0.j
 2.39135236e-07+0.j 2.20403854e-07+0.j 2.42072635e-07+0.j
 2.31324233e-07+0.j 1.18168902e-07+0.j 1.14290864e-07+0.j
 2.07860442e-07+0.j 2.08170830e-07+0.j 2.24563881e-07+0.j
 2.23244292e-07+0.j 5.73953557e-07+0.j 5.81189346e-07+0.j
 4.75045692e-06+0.j 5.92018952e-06+0.j]
not reaching the requested tolerance 1e-07.
  val, vec = lobpcg(
/home/jhwoo/programs/gospel/gospel/Eigensolver/Scipy.py:60: UserWarning: Exited at iteration 20 with accuracies 
[7.12837058e-08+0.j 7.05486229e-08+0.j 7.94974213e-08+0.j
 6.63373514e-08+0.j 7.81870801e-08+0.j 9.50767124e-08+0.j
 8.93952028e-08+0.j 9.68736522e-08+0.j 1.84716725e-07+0.j
 1.65606177e-07+0.j 1.95307621e-07+0.j 1.93133068e-07+0.j
 2.28741801e-07+0.j 2.45925725e-07+0.j 1.98148213e-07+0.j
 2.33564718e-07+0.j 1.33580689e-06+0.j 1.13910903e-06+0.j
 1.37721434e-06+0.j 1.25156260e-06+0.j]
not reaching the requested tolerance 1e-07.
  val, vec = lobpcg(
/home/jhwoo/programs/gospel/gospel/Eigensolver/Scipy.py:60: UserWarning: Exited at iteration 20 with accuracies 
[7.20800150e-08+0.j 7.49368810e-08+0.j 7.78730060e-08+0.j
 6.60137271e-08+0.j 7.72768324e-08+0.j 1.07020284e-07+0.j
 8.57082928e-08+0.j 1.05366213e-07+0.j 3.39509550e-07+0.j
 2.29595572e-07+0.j 4.38436264e-07+0.j 3.43010427e-07+0.j
 2.59833948e-07+0.j 4.39987587e-07+0.j 3.87093296e-07+0.j
 2.52081906e-07+0.j 7.43793280e-07+0.j 6.63581823e-07+0.j
 1.41595889e-06+0.j 9.44150563e-07+0.j]
not reaching the requested tolerance 1e-07.
  val, vec = lobpcg(
/home/jhwoo/programs/gospel/gospel/Eigensolver/Scipy.py:60: UserWarning: Exited at iteration 20 with accuracies 
[5.09238066e-08 6.59031800e-08 7.40009321e-08 9.10557343e-08
 8.03404955e-08 6.35373829e-08 7.69121135e-08 9.74456298e-08
 9.50082474e-08 1.06286402e-07 9.39260575e-08 1.20193514e-07
 1.78376587e-07 2.06651993e-06 9.02395239e-07 1.54678517e-06
 3.05967587e-03 5.30000861e-03 2.65180676e-03 4.41159746e-04]
not reaching the requested tolerance 1e-07.
  val, vec = lobpcg(
Integral of density (=32.000000000000036) is normalized to 32.0
Orbital energy difference = 2.4313327204872337e-05
Density difference (relative) = 2.2359329735749986e-05
Elapsed time[calc_external_energy]: 4.8160552978515625e-05 sec
Debug: sparse nonlocal_op@@@@@@@@@@@@@@@@@@@@@@@@@@@@@@@@@@
Debug: sparse nonlocal_op@@@@@@@@@@@@@@@@@@@@@@@@@@@@@@@@@@
Debug: sparse nonlocal_op@@@@@@@@@@@@@@@@@@@@@@@@@@@@@@@@@@
Debug: sparse nonlocal_op@@@@@@@@@@@@@@@@@@@@@@@@@@@@@@@@@@
Debug: sparse nonlocal_op@@@@@@@@@@@@@@@@@@@@@@@@@@@@@@@@@@
Debug: sparse nonlocal_op@@@@@@@@@@@@@@@@@@@@@@@@@@@@@@@@@@
Debug: sparse nonlocal_op@@@@@@@@@@@@@@@@@@@@@@@@@@@@@@@@@@
Debug: sparse nonlocal_op@@@@@@@@@@@@@@@@@@@@@@@@@@@@@@@@@@
Debug: sparse nonlocal_op@@@@@@@@@@@@@@@@@@@@@@@@@@@@@@@@@@
Debug: sparse nonlocal_op@@@@@@@@@@@@@@@@@@@@@@@@@@@@@@@@@@
Debug: sparse nonlocal_op@@@@@@@@@@@@@@@@@@@@@@@@@@@@@@@@@@
Debug: sparse nonlocal_op@@@@@@@@@@@@@@@@@@@@@@@@@@@@@@@@@@
Debug: sparse nonlocal_op@@@@@@@@@@@@@@@@@@@@@@@@@@@@@@@@@@
Debug: sparse nonlocal_op@@@@@@@@@@@@@@@@@@@@@@@@@@@@@@@@@@
Debug: sparse nonlocal_op@@@@@@@@@@@@@@@@@@@@@@@@@@@@@@@@@@
Debug: sparse nonlocal_op@@@@@@@@@@@@@@@@@@@@@@@@@@@@@@@@@@
Debug: sparse nonlocal_op@@@@@@@@@@@@@@@@@@@@@@@@@@@@@@@@@@
Debug: sparse nonlocal_op@@@@@@@@@@@@@@@@@@@@@@@@@@@@@@@@@@
Debug: sparse nonlocal_op@@@@@@@@@@@@@@@@@@@@@@@@@@@@@@@@@@
Debug: sparse nonlocal_op@@@@@@@@@@@@@@@@@@@@@@@@@@@@@@@@@@
Debug: sparse nonlocal_op@@@@@@@@@@@@@@@@@@@@@@@@@@@@@@@@@@
Debug: sparse nonlocal_op@@@@@@@@@@@@@@@@@@@@@@@@@@@@@@@@@@
Debug: sparse nonlocal_op@@@@@@@@@@@@@@@@@@@@@@@@@@@@@@@@@@
Debug: sparse nonlocal_op@@@@@@@@@@@@@@@@@@@@@@@@@@@@@@@@@@
Debug: sparse nonlocal_op@@@@@@@@@@@@@@@@@@@@@@@@@@@@@@@@@@
Debug: sparse nonlocal_op@@@@@@@@@@@@@@@@@@@@@@@@@@@@@@@@@@
Debug: sparse nonlocal_op@@@@@@@@@@@@@@@@@@@@@@@@@@@@@@@@@@
Debug: sparse nonlocal_op@@@@@@@@@@@@@@@@@@@@@@@@@@@@@@@@@@
Debug: sparse nonlocal_op@@@@@@@@@@@@@@@@@@@@@@@@@@@@@@@@@@
Debug: sparse nonlocal_op@@@@@@@@@@@@@@@@@@@@@@@@@@@@@@@@@@
Debug: sparse nonlocal_op@@@@@@@@@@@@@@@@@@@@@@@@@@@@@@@@@@
Debug: sparse nonlocal_op@@@@@@@@@@@@@@@@@@@@@@@@@@@@@@@@@@
Debug: sparse nonlocal_op@@@@@@@@@@@@@@@@@@@@@@@@@@@@@@@@@@
Debug: sparse nonlocal_op@@@@@@@@@@@@@@@@@@@@@@@@@@@@@@@@@@
Debug: sparse nonlocal_op@@@@@@@@@@@@@@@@@@@@@@@@@@@@@@@@@@
Debug: sparse nonlocal_op@@@@@@@@@@@@@@@@@@@@@@@@@@@@@@@@@@
Debug: sparse nonlocal_op@@@@@@@@@@@@@@@@@@@@@@@@@@@@@@@@@@
Debug: sparse nonlocal_op@@@@@@@@@@@@@@@@@@@@@@@@@@@@@@@@@@
Debug: sparse nonlocal_op@@@@@@@@@@@@@@@@@@@@@@@@@@@@@@@@@@
Debug: sparse nonlocal_op@@@@@@@@@@@@@@@@@@@@@@@@@@@@@@@@@@
Debug: sparse nonlocal_op@@@@@@@@@@@@@@@@@@@@@@@@@@@@@@@@@@
Debug: sparse nonlocal_op@@@@@@@@@@@@@@@@@@@@@@@@@@@@@@@@@@
Debug: sparse nonlocal_op@@@@@@@@@@@@@@@@@@@@@@@@@@@@@@@@@@
Debug: sparse nonlocal_op@@@@@@@@@@@@@@@@@@@@@@@@@@@@@@@@@@
Debug: sparse nonlocal_op@@@@@@@@@@@@@@@@@@@@@@@@@@@@@@@@@@
Debug: sparse nonlocal_op@@@@@@@@@@@@@@@@@@@@@@@@@@@@@@@@@@
Debug: sparse nonlocal_op@@@@@@@@@@@@@@@@@@@@@@@@@@@@@@@@@@
Debug: sparse nonlocal_op@@@@@@@@@@@@@@@@@@@@@@@@@@@@@@@@@@
Debug: sparse nonlocal_op@@@@@@@@@@@@@@@@@@@@@@@@@@@@@@@@@@
Debug: sparse nonlocal_op@@@@@@@@@@@@@@@@@@@@@@@@@@@@@@@@@@
Debug: sparse nonlocal_op@@@@@@@@@@@@@@@@@@@@@@@@@@@@@@@@@@
Debug: sparse nonlocal_op@@@@@@@@@@@@@@@@@@@@@@@@@@@@@@@@@@
Debug: sparse nonlocal_op@@@@@@@@@@@@@@@@@@@@@@@@@@@@@@@@@@
Debug: sparse nonlocal_op@@@@@@@@@@@@@@@@@@@@@@@@@@@@@@@@@@
Debug: sparse nonlocal_op@@@@@@@@@@@@@@@@@@@@@@@@@@@@@@@@@@
Debug: sparse nonlocal_op@@@@@@@@@@@@@@@@@@@@@@@@@@@@@@@@@@
Debug: sparse nonlocal_op@@@@@@@@@@@@@@@@@@@@@@@@@@@@@@@@@@
Debug: sparse nonlocal_op@@@@@@@@@@@@@@@@@@@@@@@@@@@@@@@@@@
Debug: sparse nonlocal_op@@@@@@@@@@@@@@@@@@@@@@@@@@@@@@@@@@
Debug: sparse nonlocal_op@@@@@@@@@@@@@@@@@@@@@@@@@@@@@@@@@@
Debug: sparse nonlocal_op@@@@@@@@@@@@@@@@@@@@@@@@@@@@@@@@@@
Debug: sparse nonlocal_op@@@@@@@@@@@@@@@@@@@@@@@@@@@@@@@@@@
Debug: sparse nonlocal_op@@@@@@@@@@@@@@@@@@@@@@@@@@@@@@@@@@
Debug: sparse nonlocal_op@@@@@@@@@@@@@@@@@@@@@@@@@@@@@@@@@@
Elapsed time[calc_nonlocal_energy]: 0.04133415222167969 sec

============ Energy (Hartree) ============
|   Total Energy        : -33.7494373698 |
------------------------------------------
| * Ion-ion Energy      : 0.0            |
| * Eigenvals sum for 0 : -1.4683419896  |
| * Hartree Energy      : 13.8925175451  |
| * XC Energy           : -12.3887943545 |
| * Kinetic Energy      : 12.3798599955  |
| * External Energy     : -52.2721302231 |
| * Non-local Energy    : 4.6391096671   |
==========================================
Elapsed time[calc_and_print_energies]: 0.08597183227539062 sec
Total energy difference = -3.6190154929727214e-05 Hartree
Elapsed time for 11 th cycle: 6.17076301574707 sec

==================== [ END CYCLE 11 ] ====================
Elapsed time[_get_mixed_var]: 0.0003509521484375 sec
Elapsed time[compute_potential]: 0.008001327514648438 sec
Elapsed time[compute]: 0.021779537200927734 sec

==================== [ SCF CYCLE 12 ] ====================
Debug: sparse nonlocal_op@@@@@@@@@@@@@@@@@@@@@@@@@@@@@@@@@@
Debug: sparse nonlocal_op@@@@@@@@@@@@@@@@@@@@@@@@@@@@@@@@@@
Debug: sparse nonlocal_op@@@@@@@@@@@@@@@@@@@@@@@@@@@@@@@@@@
Debug: sparse nonlocal_op@@@@@@@@@@@@@@@@@@@@@@@@@@@@@@@@@@
Elapsed time[diagonalize]: 5.979273319244385 sec

[ PRINT EIGENVALUES ]
( spin alpha )
* 1 th kpt (=[0. 0. 0.])
num        occ        value
1          2.0        -0.29972024575665246
2          2.0        -0.15185667157067284
3          2.0        -0.15183187748310506
4          2.0        -0.15179684279335393
5          2.0        -0.14273260728907794
6          2.0        -0.14273199210049692
7          2.0        -0.14272282352048568
8          2.0        0.0336443509775854
9          2.0        0.033692119094762656
10         2.0        0.033721919894886807
11         2.0        0.03380193816978189
12         2.0        0.03381821855823806
13         2.0        0.033850444648571044
14         2.0        0.13876444461639073
15         2.0        0.13884564572292338
16         2.0        0.13917220285762805
17         0.0        0.16275116241727075
18         0.0        0.1628204776723412
19         0.0        0.162883111399779
20         0.0        0.1647881622473602


* 2 th kpt (=[0.5 0.  0. ])
num        occ        value
1          6.0        -0.25995337987592143
2          6.0        -0.2599527046242725
3          6.0        -0.14578073801883662
4          6.0        -0.14578025627857177
5          6.0        -0.13635095472381753
6          6.0        -0.13635074922322768
7          6.0        -0.0036391318490773604
8          6.0        -0.0036385964625146876
9          6.0        -0.0031771131544280854
10         6.0        -0.0031768542876274212
11         6.0        0.010782714313068029
12         6.0        0.01079794922423622
13         6.0        0.06913884621039706
14         6.0        0.06914068741544346
15         6.0        0.0692810695013109
16         6.0        0.0692829279983227
17         0.0        0.17967010179611392
18         0.0        0.1796789870094744
19         0.0        0.25257803408515594
20         0.0        0.25261609088134773


* 3 th kpt (=[0.5 0.5 0. ])
num        occ        value
1          6.0        -0.22453745948464146
2          6.0        -0.224536943173063
3          6.0        -0.22453685449304597
4          6.0        -0.22453632101129736
5          6.0        -0.06148301113639917
6          6.0        -0.06148193252830117
7          6.0        -0.061481803768322046
8          6.0        -0.0614808798872093
9          6.0        0.00044772792837173385
10         6.0        0.0004484338511209968
11         6.0        0.0004485089488228777
12         6.0        0.00044926497859410186
13         6.0        0.09001429211966389
14         6.0        0.09002994852847013
15         6.0        0.09003003330470288
16         6.0        0.09004578866540902
17         0.0        0.2280396619648915
18         0.0        0.22804947768326156
19         0.0        0.22804952506816328
20         0.0        0.22805939233298797


* 4 th kpt (=[0.5 0.5 0.5])
num        occ        value
1          2.0        -0.2137835875335059
2          2.0        -0.21378333542292072
3          2.0        -0.2137832507395764
4          2.0        -0.21378318706922636
5          2.0        -0.11696214315635738
6          2.0        -0.11696177542609879
7          2.0        -0.11696171725429937
8          2.0        -0.11696153346320845
9          2.0        0.09467439335284866
10         2.0        0.09467443867233234
11         2.0        0.09467449729181474
12         2.0        0.09467471325338012
13         2.0        0.09491500116389213
14         2.0        0.09491512179464416
15         2.0        0.09491520574488614
16         2.0        0.09491524688279553
17         0.0        0.1963152960333528
18         0.0        0.1963154712237937
19         0.0        0.1963155152102431
20         0.0        0.19631559215793384


Integral of density (=32.000000000000085) is normalized to 32.0
Orbital energy difference = 1.2949350406188387e-05
Density difference (relative) = 9.7938975754816e-06
Elapsed time[calc_external_energy]: 7.939338684082031e-05 sec
Debug: sparse nonlocal_op@@@@@@@@@@@@@@@@@@@@@@@@@@@@@@@@@@
Debug: sparse nonlocal_op@@@@@@@@@@@@@@@@@@@@@@@@@@@@@@@@@@
Debug: sparse nonlocal_op@@@@@@@@@@@@@@@@@@@@@@@@@@@@@@@@@@
Debug: sparse nonlocal_op@@@@@@@@@@@@@@@@@@@@@@@@@@@@@@@@@@
Debug: sparse nonlocal_op@@@@@@@@@@@@@@@@@@@@@@@@@@@@@@@@@@
Debug: sparse nonlocal_op@@@@@@@@@@@@@@@@@@@@@@@@@@@@@@@@@@
Debug: sparse nonlocal_op@@@@@@@@@@@@@@@@@@@@@@@@@@@@@@@@@@
Debug: sparse nonlocal_op@@@@@@@@@@@@@@@@@@@@@@@@@@@@@@@@@@
Debug: sparse nonlocal_op@@@@@@@@@@@@@@@@@@@@@@@@@@@@@@@@@@
Debug: sparse nonlocal_op@@@@@@@@@@@@@@@@@@@@@@@@@@@@@@@@@@
Debug: sparse nonlocal_op@@@@@@@@@@@@@@@@@@@@@@@@@@@@@@@@@@
Debug: sparse nonlocal_op@@@@@@@@@@@@@@@@@@@@@@@@@@@@@@@@@@
Debug: sparse nonlocal_op@@@@@@@@@@@@@@@@@@@@@@@@@@@@@@@@@@
Debug: sparse nonlocal_op@@@@@@@@@@@@@@@@@@@@@@@@@@@@@@@@@@
Debug: sparse nonlocal_op@@@@@@@@@@@@@@@@@@@@@@@@@@@@@@@@@@
Debug: sparse nonlocal_op@@@@@@@@@@@@@@@@@@@@@@@@@@@@@@@@@@
Debug: sparse nonlocal_op@@@@@@@@@@@@@@@@@@@@@@@@@@@@@@@@@@
Debug: sparse nonlocal_op@@@@@@@@@@@@@@@@@@@@@@@@@@@@@@@@@@
Debug: sparse nonlocal_op@@@@@@@@@@@@@@@@@@@@@@@@@@@@@@@@@@
Debug: sparse nonlocal_op@@@@@@@@@@@@@@@@@@@@@@@@@@@@@@@@@@
Debug: sparse nonlocal_op@@@@@@@@@@@@@@@@@@@@@@@@@@@@@@@@@@
Debug: sparse nonlocal_op@@@@@@@@@@@@@@@@@@@@@@@@@@@@@@@@@@
Debug: sparse nonlocal_op@@@@@@@@@@@@@@@@@@@@@@@@@@@@@@@@@@
Debug: sparse nonlocal_op@@@@@@@@@@@@@@@@@@@@@@@@@@@@@@@@@@
Debug: sparse nonlocal_op@@@@@@@@@@@@@@@@@@@@@@@@@@@@@@@@@@
Debug: sparse nonlocal_op@@@@@@@@@@@@@@@@@@@@@@@@@@@@@@@@@@
Debug: sparse nonlocal_op@@@@@@@@@@@@@@@@@@@@@@@@@@@@@@@@@@
Debug: sparse nonlocal_op@@@@@@@@@@@@@@@@@@@@@@@@@@@@@@@@@@
Debug: sparse nonlocal_op@@@@@@@@@@@@@@@@@@@@@@@@@@@@@@@@@@
Debug: sparse nonlocal_op@@@@@@@@@@@@@@@@@@@@@@@@@@@@@@@@@@
Debug: sparse nonlocal_op@@@@@@@@@@@@@@@@@@@@@@@@@@@@@@@@@@
Debug: sparse nonlocal_op@@@@@@@@@@@@@@@@@@@@@@@@@@@@@@@@@@
Debug: sparse nonlocal_op@@@@@@@@@@@@@@@@@@@@@@@@@@@@@@@@@@
Debug: sparse nonlocal_op@@@@@@@@@@@@@@@@@@@@@@@@@@@@@@@@@@
Debug: sparse nonlocal_op@@@@@@@@@@@@@@@@@@@@@@@@@@@@@@@@@@
Debug: sparse nonlocal_op@@@@@@@@@@@@@@@@@@@@@@@@@@@@@@@@@@
Debug: sparse nonlocal_op@@@@@@@@@@@@@@@@@@@@@@@@@@@@@@@@@@
Debug: sparse nonlocal_op@@@@@@@@@@@@@@@@@@@@@@@@@@@@@@@@@@
Debug: sparse nonlocal_op@@@@@@@@@@@@@@@@@@@@@@@@@@@@@@@@@@
Debug: sparse nonlocal_op@@@@@@@@@@@@@@@@@@@@@@@@@@@@@@@@@@
Debug: sparse nonlocal_op@@@@@@@@@@@@@@@@@@@@@@@@@@@@@@@@@@
Debug: sparse nonlocal_op@@@@@@@@@@@@@@@@@@@@@@@@@@@@@@@@@@
Debug: sparse nonlocal_op@@@@@@@@@@@@@@@@@@@@@@@@@@@@@@@@@@
Debug: sparse nonlocal_op@@@@@@@@@@@@@@@@@@@@@@@@@@@@@@@@@@
Debug: sparse nonlocal_op@@@@@@@@@@@@@@@@@@@@@@@@@@@@@@@@@@
Debug: sparse nonlocal_op@@@@@@@@@@@@@@@@@@@@@@@@@@@@@@@@@@
Debug: sparse nonlocal_op@@@@@@@@@@@@@@@@@@@@@@@@@@@@@@@@@@
Debug: sparse nonlocal_op@@@@@@@@@@@@@@@@@@@@@@@@@@@@@@@@@@
Debug: sparse nonlocal_op@@@@@@@@@@@@@@@@@@@@@@@@@@@@@@@@@@
Debug: sparse nonlocal_op@@@@@@@@@@@@@@@@@@@@@@@@@@@@@@@@@@
Debug: sparse nonlocal_op@@@@@@@@@@@@@@@@@@@@@@@@@@@@@@@@@@
Debug: sparse nonlocal_op@@@@@@@@@@@@@@@@@@@@@@@@@@@@@@@@@@
Debug: sparse nonlocal_op@@@@@@@@@@@@@@@@@@@@@@@@@@@@@@@@@@
Debug: sparse nonlocal_op@@@@@@@@@@@@@@@@@@@@@@@@@@@@@@@@@@
Debug: sparse nonlocal_op@@@@@@@@@@@@@@@@@@@@@@@@@@@@@@@@@@
Debug: sparse nonlocal_op@@@@@@@@@@@@@@@@@@@@@@@@@@@@@@@@@@
Debug: sparse nonlocal_op@@@@@@@@@@@@@@@@@@@@@@@@@@@@@@@@@@
Debug: sparse nonlocal_op@@@@@@@@@@@@@@@@@@@@@@@@@@@@@@@@@@
Debug: sparse nonlocal_op@@@@@@@@@@@@@@@@@@@@@@@@@@@@@@@@@@
Debug: sparse nonlocal_op@@@@@@@@@@@@@@@@@@@@@@@@@@@@@@@@@@
Debug: sparse nonlocal_op@@@@@@@@@@@@@@@@@@@@@@@@@@@@@@@@@@
Debug: sparse nonlocal_op@@@@@@@@@@@@@@@@@@@@@@@@@@@@@@@@@@
Debug: sparse nonlocal_op@@@@@@@@@@@@@@@@@@@@@@@@@@@@@@@@@@
Debug: sparse nonlocal_op@@@@@@@@@@@@@@@@@@@@@@@@@@@@@@@@@@
Elapsed time[calc_nonlocal_energy]: 0.04234719276428223 sec

============ Energy (Hartree) ============
|   Total Energy        : -33.7494161698 |
------------------------------------------
| * Ion-ion Energy      : 0.0            |
| * Eigenvals sum for 0 : -1.4683290402  |
| * Hartree Energy      : 13.8925386387  |
| * XC Energy           : -12.3888024481 |
| * Kinetic Energy      : 12.3798658952  |
| * External Energy     : -52.2721307208 |
| * Non-local Energy    : 4.6391124652   |
==========================================
Elapsed time[calc_and_print_energies]: 0.08836197853088379 sec
Total energy difference = 2.120005707695327e-05 Hartree
Elapsed time for 12 th cycle: 6.08061146736145 sec

==================== [ END CYCLE 12 ] ====================
Elapsed time[_get_mixed_var]: 0.0004787445068359375 sec
Elapsed time[compute_potential]: 0.007145881652832031 sec
Elapsed time[compute]: 0.01991581916809082 sec

==================== [ SCF CYCLE 13 ] ====================
Debug: sparse nonlocal_op@@@@@@@@@@@@@@@@@@@@@@@@@@@@@@@@@@
Debug: sparse nonlocal_op@@@@@@@@@@@@@@@@@@@@@@@@@@@@@@@@@@
Debug: sparse nonlocal_op@@@@@@@@@@@@@@@@@@@@@@@@@@@@@@@@@@
Debug: sparse nonlocal_op@@@@@@@@@@@@@@@@@@@@@@@@@@@@@@@@@@
Elapsed time[diagonalize]: 4.96467399597168 sec

[ PRINT EIGENVALUES ]
( spin alpha )
* 1 th kpt (=[0. 0. 0.])
num        occ        value
1          2.0        -0.29972011952987454
2          2.0        -0.1518566069497834
3          2.0        -0.15183179694195875
4          2.0        -0.15179677557963814
5          2.0        -0.14273257893988106
6          2.0        -0.14273195267869732
7          2.0        -0.14272278102077618
8          2.0        0.033644371349128926
9          2.0        0.03369218637728973
10         2.0        0.033721955454832996
11         2.0        0.033802002224306
12         2.0        0.03381826631037233
13         2.0        0.03385047434206986
14         2.0        0.13876449654807718
15         2.0        0.13884570089557616
16         2.0        0.13917227228180326
17         0.0        0.16274467713818985
18         0.0        0.16280678031740659
19         0.0        0.16287865500930626
20         0.0        0.16478855758888536


* 2 th kpt (=[0.5 0.  0. ])
num        occ        value
1          6.0        -0.2599532703837006
2          6.0        -0.25995259905108115
3          6.0        -0.14578061150441554
4          6.0        -0.14578029898028158
5          6.0        -0.13635090415368376
6          6.0        -0.13635077551220812
7          6.0        -0.0036388495761994636
8          6.0        -0.0036385084756723786
9          6.0        -0.003176838142266299
10         6.0        -0.0031766913540761123
11         6.0        0.010782739876773764
12         6.0        0.010797974769874008
13         6.0        0.06913888204292193
14         6.0        0.06914072127077184
15         6.0        0.06928111680897328
16         6.0        0.06928297477930792
17         0.0        0.17967046887625848
18         0.0        0.179679353929869
19         0.0        0.25257841794474695
20         0.0        0.2526164748134674


* 3 th kpt (=[0.5 0.5 0. ])
num        occ        value
1          6.0        -0.22453734418725918
2          6.0        -0.22453686806072476
3          6.0        -0.22453681683466298
4          6.0        -0.22453623013112523
5          6.0        -0.06148303737807949
6          6.0        -0.0614817645330969
7          6.0        -0.061481693804415094
8          6.0        -0.0614809267721279
9          6.0        0.00044794534574389667
10         6.0        0.0004486307748260604
11         6.0        0.000448689326753027
12         6.0        0.000449449545775747
13         6.0        0.09001439170708148
14         6.0        0.0900299367630757
15         6.0        0.09002998229678744
16         6.0        0.0900458874024175
17         0.0        0.22803998931303657
18         0.0        0.22804962463573544
19         0.0        0.2280496778814811
20         0.0        0.22805971911174006


* 4 th kpt (=[0.5 0.5 0.5])
num        occ        value
1          2.0        -0.2137834604348271
2          2.0        -0.21378332790824275
3          2.0        -0.21378322306783662
4          2.0        -0.21378316895173047
5          2.0        -0.11696188852647077
6          2.0        -0.11696163419961257
7          2.0        -0.11696149308166613
8          2.0        -0.11696141451508434
9          2.0        0.09467441470203336
10         2.0        0.09467451126310839
11         2.0        0.09467454425072769
12         2.0        0.09467465799918001
13         2.0        0.09491503999562148
14         2.0        0.09491512223368441
15         2.0        0.09491523357978413
16         2.0        0.0949152999274266
17         0.0        0.19631562362931393
18         0.0        0.19631572450837845
19         0.0        0.19631578017746693
20         0.0        0.19631583538167013


Integral of density (=32.000000000000064) is normalized to 32.0
Orbital energy difference = 2.5924741404725893e-06
Density difference (relative) = 5.095405138333218e-06
Elapsed time[calc_external_energy]: 4.696846008300781e-05 sec
Debug: sparse nonlocal_op@@@@@@@@@@@@@@@@@@@@@@@@@@@@@@@@@@
Debug: sparse nonlocal_op@@@@@@@@@@@@@@@@@@@@@@@@@@@@@@@@@@
Debug: sparse nonlocal_op@@@@@@@@@@@@@@@@@@@@@@@@@@@@@@@@@@
Debug: sparse nonlocal_op@@@@@@@@@@@@@@@@@@@@@@@@@@@@@@@@@@
Debug: sparse nonlocal_op@@@@@@@@@@@@@@@@@@@@@@@@@@@@@@@@@@
Debug: sparse nonlocal_op@@@@@@@@@@@@@@@@@@@@@@@@@@@@@@@@@@
Debug: sparse nonlocal_op@@@@@@@@@@@@@@@@@@@@@@@@@@@@@@@@@@
Debug: sparse nonlocal_op@@@@@@@@@@@@@@@@@@@@@@@@@@@@@@@@@@
Debug: sparse nonlocal_op@@@@@@@@@@@@@@@@@@@@@@@@@@@@@@@@@@
Debug: sparse nonlocal_op@@@@@@@@@@@@@@@@@@@@@@@@@@@@@@@@@@
Debug: sparse nonlocal_op@@@@@@@@@@@@@@@@@@@@@@@@@@@@@@@@@@
Debug: sparse nonlocal_op@@@@@@@@@@@@@@@@@@@@@@@@@@@@@@@@@@
Debug: sparse nonlocal_op@@@@@@@@@@@@@@@@@@@@@@@@@@@@@@@@@@
Debug: sparse nonlocal_op@@@@@@@@@@@@@@@@@@@@@@@@@@@@@@@@@@
Debug: sparse nonlocal_op@@@@@@@@@@@@@@@@@@@@@@@@@@@@@@@@@@
Debug: sparse nonlocal_op@@@@@@@@@@@@@@@@@@@@@@@@@@@@@@@@@@
Debug: sparse nonlocal_op@@@@@@@@@@@@@@@@@@@@@@@@@@@@@@@@@@
Debug: sparse nonlocal_op@@@@@@@@@@@@@@@@@@@@@@@@@@@@@@@@@@
Debug: sparse nonlocal_op@@@@@@@@@@@@@@@@@@@@@@@@@@@@@@@@@@
Debug: sparse nonlocal_op@@@@@@@@@@@@@@@@@@@@@@@@@@@@@@@@@@
Debug: sparse nonlocal_op@@@@@@@@@@@@@@@@@@@@@@@@@@@@@@@@@@
Debug: sparse nonlocal_op@@@@@@@@@@@@@@@@@@@@@@@@@@@@@@@@@@
Debug: sparse nonlocal_op@@@@@@@@@@@@@@@@@@@@@@@@@@@@@@@@@@
Debug: sparse nonlocal_op@@@@@@@@@@@@@@@@@@@@@@@@@@@@@@@@@@
Debug: sparse nonlocal_op@@@@@@@@@@@@@@@@@@@@@@@@@@@@@@@@@@
Debug: sparse nonlocal_op@@@@@@@@@@@@@@@@@@@@@@@@@@@@@@@@@@
Debug: sparse nonlocal_op@@@@@@@@@@@@@@@@@@@@@@@@@@@@@@@@@@
Debug: sparse nonlocal_op@@@@@@@@@@@@@@@@@@@@@@@@@@@@@@@@@@
Debug: sparse nonlocal_op@@@@@@@@@@@@@@@@@@@@@@@@@@@@@@@@@@
Debug: sparse nonlocal_op@@@@@@@@@@@@@@@@@@@@@@@@@@@@@@@@@@
Debug: sparse nonlocal_op@@@@@@@@@@@@@@@@@@@@@@@@@@@@@@@@@@
Debug: sparse nonlocal_op@@@@@@@@@@@@@@@@@@@@@@@@@@@@@@@@@@
Debug: sparse nonlocal_op@@@@@@@@@@@@@@@@@@@@@@@@@@@@@@@@@@
Debug: sparse nonlocal_op@@@@@@@@@@@@@@@@@@@@@@@@@@@@@@@@@@
Debug: sparse nonlocal_op@@@@@@@@@@@@@@@@@@@@@@@@@@@@@@@@@@
Debug: sparse nonlocal_op@@@@@@@@@@@@@@@@@@@@@@@@@@@@@@@@@@
Debug: sparse nonlocal_op@@@@@@@@@@@@@@@@@@@@@@@@@@@@@@@@@@
Debug: sparse nonlocal_op@@@@@@@@@@@@@@@@@@@@@@@@@@@@@@@@@@
Debug: sparse nonlocal_op@@@@@@@@@@@@@@@@@@@@@@@@@@@@@@@@@@
Debug: sparse nonlocal_op@@@@@@@@@@@@@@@@@@@@@@@@@@@@@@@@@@
Debug: sparse nonlocal_op@@@@@@@@@@@@@@@@@@@@@@@@@@@@@@@@@@
Debug: sparse nonlocal_op@@@@@@@@@@@@@@@@@@@@@@@@@@@@@@@@@@
Debug: sparse nonlocal_op@@@@@@@@@@@@@@@@@@@@@@@@@@@@@@@@@@
Debug: sparse nonlocal_op@@@@@@@@@@@@@@@@@@@@@@@@@@@@@@@@@@
Debug: sparse nonlocal_op@@@@@@@@@@@@@@@@@@@@@@@@@@@@@@@@@@
Debug: sparse nonlocal_op@@@@@@@@@@@@@@@@@@@@@@@@@@@@@@@@@@
Debug: sparse nonlocal_op@@@@@@@@@@@@@@@@@@@@@@@@@@@@@@@@@@
Debug: sparse nonlocal_op@@@@@@@@@@@@@@@@@@@@@@@@@@@@@@@@@@
Debug: sparse nonlocal_op@@@@@@@@@@@@@@@@@@@@@@@@@@@@@@@@@@
Debug: sparse nonlocal_op@@@@@@@@@@@@@@@@@@@@@@@@@@@@@@@@@@
Debug: sparse nonlocal_op@@@@@@@@@@@@@@@@@@@@@@@@@@@@@@@@@@
Debug: sparse nonlocal_op@@@@@@@@@@@@@@@@@@@@@@@@@@@@@@@@@@
Debug: sparse nonlocal_op@@@@@@@@@@@@@@@@@@@@@@@@@@@@@@@@@@
Debug: sparse nonlocal_op@@@@@@@@@@@@@@@@@@@@@@@@@@@@@@@@@@
Debug: sparse nonlocal_op@@@@@@@@@@@@@@@@@@@@@@@@@@@@@@@@@@
Debug: sparse nonlocal_op@@@@@@@@@@@@@@@@@@@@@@@@@@@@@@@@@@
Debug: sparse nonlocal_op@@@@@@@@@@@@@@@@@@@@@@@@@@@@@@@@@@
Debug: sparse nonlocal_op@@@@@@@@@@@@@@@@@@@@@@@@@@@@@@@@@@
Debug: sparse nonlocal_op@@@@@@@@@@@@@@@@@@@@@@@@@@@@@@@@@@
Debug: sparse nonlocal_op@@@@@@@@@@@@@@@@@@@@@@@@@@@@@@@@@@
Debug: sparse nonlocal_op@@@@@@@@@@@@@@@@@@@@@@@@@@@@@@@@@@
Debug: sparse nonlocal_op@@@@@@@@@@@@@@@@@@@@@@@@@@@@@@@@@@
Debug: sparse nonlocal_op@@@@@@@@@@@@@@@@@@@@@@@@@@@@@@@@@@
Debug: sparse nonlocal_op@@@@@@@@@@@@@@@@@@@@@@@@@@@@@@@@@@
Elapsed time[calc_nonlocal_energy]: 0.04175066947937012 sec

============ Energy (Hartree) ============
|   Total Energy        : -33.7493960042 |
------------------------------------------
| * Ion-ion Energy      : 0.0            |
| * Eigenvals sum for 0 : -1.4683264477  |
| * Hartree Energy      : 13.8925546285  |
| * XC Energy           : -12.3888039042 |
| * Kinetic Energy      : 12.3798692147  |
| * External Energy     : -52.2721312278 |
| * Non-local Energy    : 4.6391152846   |
==========================================
Elapsed time[calc_and_print_energies]: 0.08643841743469238 sec
Total energy difference = 2.016555573192136e-05 Hartree
Elapsed time for 13 th cycle: 5.06181263923645 sec

==================== [ END CYCLE 13 ] ====================
Elapsed time[_get_mixed_var]: 0.00032019615173339844 sec
Elapsed time[compute_potential]: 0.006733417510986328 sec
Elapsed time[compute]: 0.0195767879486084 sec

==================== [ SCF CYCLE 14 ] ====================
Debug: sparse nonlocal_op@@@@@@@@@@@@@@@@@@@@@@@@@@@@@@@@@@
Debug: sparse nonlocal_op@@@@@@@@@@@@@@@@@@@@@@@@@@@@@@@@@@
Debug: sparse nonlocal_op@@@@@@@@@@@@@@@@@@@@@@@@@@@@@@@@@@
Debug: sparse nonlocal_op@@@@@@@@@@@@@@@@@@@@@@@@@@@@@@@@@@
Elapsed time[diagonalize]: 4.841689586639404 sec

[ PRINT EIGENVALUES ]
( spin alpha )
* 1 th kpt (=[0. 0. 0.])
num        occ        value
1          2.0        -0.2997200140855889
2          2.0        -0.1518565381777009
3          2.0        -0.15183172681799822
4          2.0        -0.151796708849547
5          2.0        -0.14273253153608095
6          2.0        -0.14273191227599927
7          2.0        -0.14272273783367379
8          2.0        0.033644414509639335
9          2.0        0.03369223395570985
10         2.0        0.033721998220384145
11         2.0        0.03380205067855177
12         2.0        0.03381830765868148
13         2.0        0.03385051694615179
14         2.0        0.13876455362124046
15         2.0        0.13884575909037586
16         2.0        0.13917233797206996
17         0.0        0.16273826625968152
18         0.0        0.1627982553385387
19         0.0        0.162875567279942
20         0.0        0.1647888224954199


* 2 th kpt (=[0.5 0.  0. ])
num        occ        value
1          6.0        -0.2599531762624432
2          6.0        -0.2599525080567853
3          6.0        -0.1457804107469073
4          6.0        -0.14578039737349968
5          6.0        -0.1363508186156094
6          6.0        -0.13635081287029963
7          6.0        -0.0036385348792491393
8          6.0        -0.003638518354719858
9          6.0        -0.003176614533875065
10         6.0        -0.0031765980330982165
11         6.0        0.010782779037405339
12         6.0        0.010798013908637863
13         6.0        0.06913892407024752
14         6.0        0.06914076274945541
15         6.0        0.06928116068087556
16         6.0        0.0692830180222028
17         0.0        0.17967074438229544
18         0.0        0.17967962938327103
19         0.0        0.2525787038060433
20         0.0        0.25261676072640377


* 3 th kpt (=[0.5 0.5 0. ])
num        occ        value
1          6.0        -0.22453727278498342
2          6.0        -0.2245367737086288
3          6.0        -0.22453674095790632
4          6.0        -0.2245361776889519
5          6.0        -0.06148291594694445
6          6.0        -0.0614817555012002
7          6.0        -0.0614817067455294
8          6.0        -0.061480825038129586
9          6.0        0.0004480960569752031
10         6.0        0.00044880783728627294
11         6.0        0.0004488350200253104
12         6.0        0.0004495803047406589
13         6.0        0.09001439234912728
14         6.0        0.09003002756472861
15         6.0        0.0900300464573858
16         6.0        0.09004588724573832
17         0.0        0.22804012853544942
18         0.0        0.22804986152830356
19         0.0        0.22804990032701536
20         0.0        0.22805985782007548


* 4 th kpt (=[0.5 0.5 0.5])
num        occ        value
1          2.0        -0.21378327366162272
2          2.0        -0.2137832676677093
3          2.0        -0.21378324170614854
4          2.0        -0.21378319857925263
5          2.0        -0.11696155551650307
6          2.0        -0.11696147212293952
7          2.0        -0.11696141241971347
8          2.0        -0.11696140710028442
9          2.0        0.0946745297489403
10         2.0        0.0946745603478113
11         2.0        0.09467456665158686
12         2.0        0.09467460203553325
13         2.0        0.09491515072422109
14         2.0        0.09491518914098926
15         2.0        0.09491524489477773
16         2.0        0.09491525632334241
17         0.0        0.19631594235432226
18         0.0        0.19631594695378538
19         0.0        0.19631595399120405
20         0.0        0.19631598303722675


Integral of density (=32.000000000000036) is normalized to 32.00000000000001
Orbital energy difference = 2.3461876232921952e-06
Density difference (relative) = 2.2119597315565293e-06
Elapsed time[calc_external_energy]: 4.673004150390625e-05 sec
Debug: sparse nonlocal_op@@@@@@@@@@@@@@@@@@@@@@@@@@@@@@@@@@
Debug: sparse nonlocal_op@@@@@@@@@@@@@@@@@@@@@@@@@@@@@@@@@@
Debug: sparse nonlocal_op@@@@@@@@@@@@@@@@@@@@@@@@@@@@@@@@@@
Debug: sparse nonlocal_op@@@@@@@@@@@@@@@@@@@@@@@@@@@@@@@@@@
Debug: sparse nonlocal_op@@@@@@@@@@@@@@@@@@@@@@@@@@@@@@@@@@
Debug: sparse nonlocal_op@@@@@@@@@@@@@@@@@@@@@@@@@@@@@@@@@@
Debug: sparse nonlocal_op@@@@@@@@@@@@@@@@@@@@@@@@@@@@@@@@@@
Debug: sparse nonlocal_op@@@@@@@@@@@@@@@@@@@@@@@@@@@@@@@@@@
Debug: sparse nonlocal_op@@@@@@@@@@@@@@@@@@@@@@@@@@@@@@@@@@
Debug: sparse nonlocal_op@@@@@@@@@@@@@@@@@@@@@@@@@@@@@@@@@@
Debug: sparse nonlocal_op@@@@@@@@@@@@@@@@@@@@@@@@@@@@@@@@@@
Debug: sparse nonlocal_op@@@@@@@@@@@@@@@@@@@@@@@@@@@@@@@@@@
Debug: sparse nonlocal_op@@@@@@@@@@@@@@@@@@@@@@@@@@@@@@@@@@
Debug: sparse nonlocal_op@@@@@@@@@@@@@@@@@@@@@@@@@@@@@@@@@@
Debug: sparse nonlocal_op@@@@@@@@@@@@@@@@@@@@@@@@@@@@@@@@@@
Debug: sparse nonlocal_op@@@@@@@@@@@@@@@@@@@@@@@@@@@@@@@@@@
Debug: sparse nonlocal_op@@@@@@@@@@@@@@@@@@@@@@@@@@@@@@@@@@
Debug: sparse nonlocal_op@@@@@@@@@@@@@@@@@@@@@@@@@@@@@@@@@@
Debug: sparse nonlocal_op@@@@@@@@@@@@@@@@@@@@@@@@@@@@@@@@@@
Debug: sparse nonlocal_op@@@@@@@@@@@@@@@@@@@@@@@@@@@@@@@@@@
Debug: sparse nonlocal_op@@@@@@@@@@@@@@@@@@@@@@@@@@@@@@@@@@
Debug: sparse nonlocal_op@@@@@@@@@@@@@@@@@@@@@@@@@@@@@@@@@@
Debug: sparse nonlocal_op@@@@@@@@@@@@@@@@@@@@@@@@@@@@@@@@@@
Debug: sparse nonlocal_op@@@@@@@@@@@@@@@@@@@@@@@@@@@@@@@@@@
Debug: sparse nonlocal_op@@@@@@@@@@@@@@@@@@@@@@@@@@@@@@@@@@
Debug: sparse nonlocal_op@@@@@@@@@@@@@@@@@@@@@@@@@@@@@@@@@@
Debug: sparse nonlocal_op@@@@@@@@@@@@@@@@@@@@@@@@@@@@@@@@@@
Debug: sparse nonlocal_op@@@@@@@@@@@@@@@@@@@@@@@@@@@@@@@@@@
Debug: sparse nonlocal_op@@@@@@@@@@@@@@@@@@@@@@@@@@@@@@@@@@
Debug: sparse nonlocal_op@@@@@@@@@@@@@@@@@@@@@@@@@@@@@@@@@@
Debug: sparse nonlocal_op@@@@@@@@@@@@@@@@@@@@@@@@@@@@@@@@@@
Debug: sparse nonlocal_op@@@@@@@@@@@@@@@@@@@@@@@@@@@@@@@@@@
Debug: sparse nonlocal_op@@@@@@@@@@@@@@@@@@@@@@@@@@@@@@@@@@
Debug: sparse nonlocal_op@@@@@@@@@@@@@@@@@@@@@@@@@@@@@@@@@@
Debug: sparse nonlocal_op@@@@@@@@@@@@@@@@@@@@@@@@@@@@@@@@@@
Debug: sparse nonlocal_op@@@@@@@@@@@@@@@@@@@@@@@@@@@@@@@@@@
Debug: sparse nonlocal_op@@@@@@@@@@@@@@@@@@@@@@@@@@@@@@@@@@
Debug: sparse nonlocal_op@@@@@@@@@@@@@@@@@@@@@@@@@@@@@@@@@@
Debug: sparse nonlocal_op@@@@@@@@@@@@@@@@@@@@@@@@@@@@@@@@@@
Debug: sparse nonlocal_op@@@@@@@@@@@@@@@@@@@@@@@@@@@@@@@@@@
Debug: sparse nonlocal_op@@@@@@@@@@@@@@@@@@@@@@@@@@@@@@@@@@
Debug: sparse nonlocal_op@@@@@@@@@@@@@@@@@@@@@@@@@@@@@@@@@@
Debug: sparse nonlocal_op@@@@@@@@@@@@@@@@@@@@@@@@@@@@@@@@@@
Debug: sparse nonlocal_op@@@@@@@@@@@@@@@@@@@@@@@@@@@@@@@@@@
Debug: sparse nonlocal_op@@@@@@@@@@@@@@@@@@@@@@@@@@@@@@@@@@
Debug: sparse nonlocal_op@@@@@@@@@@@@@@@@@@@@@@@@@@@@@@@@@@
Debug: sparse nonlocal_op@@@@@@@@@@@@@@@@@@@@@@@@@@@@@@@@@@
Debug: sparse nonlocal_op@@@@@@@@@@@@@@@@@@@@@@@@@@@@@@@@@@
Debug: sparse nonlocal_op@@@@@@@@@@@@@@@@@@@@@@@@@@@@@@@@@@
Debug: sparse nonlocal_op@@@@@@@@@@@@@@@@@@@@@@@@@@@@@@@@@@
Debug: sparse nonlocal_op@@@@@@@@@@@@@@@@@@@@@@@@@@@@@@@@@@
Debug: sparse nonlocal_op@@@@@@@@@@@@@@@@@@@@@@@@@@@@@@@@@@
Debug: sparse nonlocal_op@@@@@@@@@@@@@@@@@@@@@@@@@@@@@@@@@@
Debug: sparse nonlocal_op@@@@@@@@@@@@@@@@@@@@@@@@@@@@@@@@@@
Debug: sparse nonlocal_op@@@@@@@@@@@@@@@@@@@@@@@@@@@@@@@@@@
Debug: sparse nonlocal_op@@@@@@@@@@@@@@@@@@@@@@@@@@@@@@@@@@
Debug: sparse nonlocal_op@@@@@@@@@@@@@@@@@@@@@@@@@@@@@@@@@@
Debug: sparse nonlocal_op@@@@@@@@@@@@@@@@@@@@@@@@@@@@@@@@@@
Debug: sparse nonlocal_op@@@@@@@@@@@@@@@@@@@@@@@@@@@@@@@@@@
Debug: sparse nonlocal_op@@@@@@@@@@@@@@@@@@@@@@@@@@@@@@@@@@
Debug: sparse nonlocal_op@@@@@@@@@@@@@@@@@@@@@@@@@@@@@@@@@@
Debug: sparse nonlocal_op@@@@@@@@@@@@@@@@@@@@@@@@@@@@@@@@@@
Debug: sparse nonlocal_op@@@@@@@@@@@@@@@@@@@@@@@@@@@@@@@@@@
Debug: sparse nonlocal_op@@@@@@@@@@@@@@@@@@@@@@@@@@@@@@@@@@
Elapsed time[calc_nonlocal_energy]: 0.04054546356201172 sec

============ Energy (Hartree) ============
|   Total Energy        : -33.7493840757 |
------------------------------------------
| * Ion-ion Energy      : 0.0            |
| * Eigenvals sum for 0 : -1.4683241016  |
| * Hartree Energy      : 13.8925645528  |
| * XC Energy           : -12.3888052662 |
| * Kinetic Energy      : 12.3798712383  |
| * External Energy     : -52.2721315152 |
| * Non-local Energy    : 4.6391169147   |
==========================================
Elapsed time[calc_and_print_energies]: 0.08491325378417969 sec
Total energy difference = 1.1928511433723088e-05 Hartree
Elapsed time for 14 th cycle: 4.935837030410767 sec

==================== [ END CYCLE 14 ] ====================
Elapsed time[_get_mixed_var]: 0.0003185272216796875 sec
Elapsed time[compute_potential]: 0.0066640377044677734 sec
Elapsed time[compute]: 0.019515514373779297 sec

==================== [ SCF CYCLE 15 ] ====================
Debug: sparse nonlocal_op@@@@@@@@@@@@@@@@@@@@@@@@@@@@@@@@@@
Debug: sparse nonlocal_op@@@@@@@@@@@@@@@@@@@@@@@@@@@@@@@@@@
Debug: sparse nonlocal_op@@@@@@@@@@@@@@@@@@@@@@@@@@@@@@@@@@
Debug: sparse nonlocal_op@@@@@@@@@@@@@@@@@@@@@@@@@@@@@@@@@@
Elapsed time[diagonalize]: 3.74511981010437 sec

[ PRINT EIGENVALUES ]
( spin alpha )
* 1 th kpt (=[0. 0. 0.])
num        occ        value
1          2.0        -0.29971996218610236
2          2.0        -0.15185649262314604
3          2.0        -0.15183168765220295
4          2.0        -0.15179666628075397
5          2.0        -0.1427324837009005
6          2.0        -0.14273186879713964
7          2.0        -0.14272269655402456
8          2.0        0.03364445746903608
9          2.0        0.033692258756934344
10         2.0        0.0337220316041073
11         2.0        0.033802075465220696
12         2.0        0.03381833426759788
13         2.0        0.03385055307444046
14         2.0        0.13876460034226143
15         2.0        0.1388458047830597
16         2.0        0.13917238068428323
17         0.0        0.16273333594431158
18         0.0        0.1627910412522246
19         0.0        0.16287354089843967
20         0.0        0.1647888383263323


* 2 th kpt (=[0.5 0.  0. ])
num        occ        value
1          6.0        -0.25995312693255707
2          6.0        -0.2599524586173547
3          6.0        -0.14578038780336275
4          6.0        -0.14578033961395245
5          6.0        -0.13635078793575886
6          6.0        -0.13635076572843474
7          6.0        -0.0036384889488198166
8          6.0        -0.003638436743448433
9          6.0        -0.0031765681361910236
10         6.0        -0.0031765407751412978
11         6.0        0.010782823537313184
12         6.0        0.010798058407133123
13         6.0        0.06913895830243394
14         6.0        0.06914079699504846
15         6.0        0.06928119037878583
16         6.0        0.06928304772621018
17         0.0        0.17967083782756244
18         0.0        0.17967972283648012
19         0.0        0.2525787975117946
20         0.0        0.25261685443794424


* 3 th kpt (=[0.5 0.5 0. ])
num        occ        value
1          6.0        -0.22453724246862572
2          6.0        -0.22453670022875472
3          6.0        -0.22453669248925703
4          6.0        -0.2245361473086948
5          6.0        -0.06148280578923094
6          6.0        -0.06148176179071851
7          6.0        -0.06148174487252874
8          6.0        -0.06148071489903384
9          6.0        0.00044814618723490327
10         6.0        0.00044887791571236697
11         6.0        0.00044889726802411264
12         6.0        0.00044963068141161346
13         6.0        0.09001437859112753
14         6.0        0.09003011275150231
15         6.0        0.0900301214456783
16         6.0        0.09004587348779464
17         0.0        0.22804014175792273
18         0.0        0.22804999730899458
19         0.0        0.22805002241579536
20         0.0        0.22805987101275496


* 4 th kpt (=[0.5 0.5 0.5])
num        occ        value
1          2.0        -0.21378322275396053
2          2.0        -0.21378321118606008
3          2.0        -0.21378320393046163
4          2.0        -0.21378318020445133
5          2.0        -0.11696142283497414
6          2.0        -0.11696141139470861
7          2.0        -0.11696140135238162
8          2.0        -0.11696137004367992
9          2.0        0.09467458172705019
10         2.0        0.0946746028746138
11         2.0        0.09467460508399884
12         2.0        0.09467461342204544
13         2.0        0.09491523328680249
14         2.0        0.09491523643002854
15         2.0        0.09491524424967132
16         2.0        0.09491525847390886
17         0.0        0.1963160399579686
18         0.0        0.19631604198356772
19         0.0        0.19631605110130787
20         0.0        0.19631606294322806


Integral of density (=31.999999999999975) is normalized to 32.00000000000001
Orbital energy difference = 1.4011233229194175e-06
Density difference (relative) = 1.3625333266190947e-06
Elapsed time[calc_external_energy]: 4.792213439941406e-05 sec
Debug: sparse nonlocal_op@@@@@@@@@@@@@@@@@@@@@@@@@@@@@@@@@@
Debug: sparse nonlocal_op@@@@@@@@@@@@@@@@@@@@@@@@@@@@@@@@@@
Debug: sparse nonlocal_op@@@@@@@@@@@@@@@@@@@@@@@@@@@@@@@@@@
Debug: sparse nonlocal_op@@@@@@@@@@@@@@@@@@@@@@@@@@@@@@@@@@
Debug: sparse nonlocal_op@@@@@@@@@@@@@@@@@@@@@@@@@@@@@@@@@@
Debug: sparse nonlocal_op@@@@@@@@@@@@@@@@@@@@@@@@@@@@@@@@@@
Debug: sparse nonlocal_op@@@@@@@@@@@@@@@@@@@@@@@@@@@@@@@@@@
Debug: sparse nonlocal_op@@@@@@@@@@@@@@@@@@@@@@@@@@@@@@@@@@
Debug: sparse nonlocal_op@@@@@@@@@@@@@@@@@@@@@@@@@@@@@@@@@@
Debug: sparse nonlocal_op@@@@@@@@@@@@@@@@@@@@@@@@@@@@@@@@@@
Debug: sparse nonlocal_op@@@@@@@@@@@@@@@@@@@@@@@@@@@@@@@@@@
Debug: sparse nonlocal_op@@@@@@@@@@@@@@@@@@@@@@@@@@@@@@@@@@
Debug: sparse nonlocal_op@@@@@@@@@@@@@@@@@@@@@@@@@@@@@@@@@@
Debug: sparse nonlocal_op@@@@@@@@@@@@@@@@@@@@@@@@@@@@@@@@@@
Debug: sparse nonlocal_op@@@@@@@@@@@@@@@@@@@@@@@@@@@@@@@@@@
Debug: sparse nonlocal_op@@@@@@@@@@@@@@@@@@@@@@@@@@@@@@@@@@
Debug: sparse nonlocal_op@@@@@@@@@@@@@@@@@@@@@@@@@@@@@@@@@@
Debug: sparse nonlocal_op@@@@@@@@@@@@@@@@@@@@@@@@@@@@@@@@@@
Debug: sparse nonlocal_op@@@@@@@@@@@@@@@@@@@@@@@@@@@@@@@@@@
Debug: sparse nonlocal_op@@@@@@@@@@@@@@@@@@@@@@@@@@@@@@@@@@
Debug: sparse nonlocal_op@@@@@@@@@@@@@@@@@@@@@@@@@@@@@@@@@@
Debug: sparse nonlocal_op@@@@@@@@@@@@@@@@@@@@@@@@@@@@@@@@@@
Debug: sparse nonlocal_op@@@@@@@@@@@@@@@@@@@@@@@@@@@@@@@@@@
Debug: sparse nonlocal_op@@@@@@@@@@@@@@@@@@@@@@@@@@@@@@@@@@
Debug: sparse nonlocal_op@@@@@@@@@@@@@@@@@@@@@@@@@@@@@@@@@@
Debug: sparse nonlocal_op@@@@@@@@@@@@@@@@@@@@@@@@@@@@@@@@@@
Debug: sparse nonlocal_op@@@@@@@@@@@@@@@@@@@@@@@@@@@@@@@@@@
Debug: sparse nonlocal_op@@@@@@@@@@@@@@@@@@@@@@@@@@@@@@@@@@
Debug: sparse nonlocal_op@@@@@@@@@@@@@@@@@@@@@@@@@@@@@@@@@@
Debug: sparse nonlocal_op@@@@@@@@@@@@@@@@@@@@@@@@@@@@@@@@@@
Debug: sparse nonlocal_op@@@@@@@@@@@@@@@@@@@@@@@@@@@@@@@@@@
Debug: sparse nonlocal_op@@@@@@@@@@@@@@@@@@@@@@@@@@@@@@@@@@
Debug: sparse nonlocal_op@@@@@@@@@@@@@@@@@@@@@@@@@@@@@@@@@@
Debug: sparse nonlocal_op@@@@@@@@@@@@@@@@@@@@@@@@@@@@@@@@@@
Debug: sparse nonlocal_op@@@@@@@@@@@@@@@@@@@@@@@@@@@@@@@@@@
Debug: sparse nonlocal_op@@@@@@@@@@@@@@@@@@@@@@@@@@@@@@@@@@
Debug: sparse nonlocal_op@@@@@@@@@@@@@@@@@@@@@@@@@@@@@@@@@@
Debug: sparse nonlocal_op@@@@@@@@@@@@@@@@@@@@@@@@@@@@@@@@@@
Debug: sparse nonlocal_op@@@@@@@@@@@@@@@@@@@@@@@@@@@@@@@@@@
Debug: sparse nonlocal_op@@@@@@@@@@@@@@@@@@@@@@@@@@@@@@@@@@
Debug: sparse nonlocal_op@@@@@@@@@@@@@@@@@@@@@@@@@@@@@@@@@@
Debug: sparse nonlocal_op@@@@@@@@@@@@@@@@@@@@@@@@@@@@@@@@@@
Debug: sparse nonlocal_op@@@@@@@@@@@@@@@@@@@@@@@@@@@@@@@@@@
Debug: sparse nonlocal_op@@@@@@@@@@@@@@@@@@@@@@@@@@@@@@@@@@
Debug: sparse nonlocal_op@@@@@@@@@@@@@@@@@@@@@@@@@@@@@@@@@@
Debug: sparse nonlocal_op@@@@@@@@@@@@@@@@@@@@@@@@@@@@@@@@@@
Debug: sparse nonlocal_op@@@@@@@@@@@@@@@@@@@@@@@@@@@@@@@@@@
Debug: sparse nonlocal_op@@@@@@@@@@@@@@@@@@@@@@@@@@@@@@@@@@
Debug: sparse nonlocal_op@@@@@@@@@@@@@@@@@@@@@@@@@@@@@@@@@@
Debug: sparse nonlocal_op@@@@@@@@@@@@@@@@@@@@@@@@@@@@@@@@@@
Debug: sparse nonlocal_op@@@@@@@@@@@@@@@@@@@@@@@@@@@@@@@@@@
Debug: sparse nonlocal_op@@@@@@@@@@@@@@@@@@@@@@@@@@@@@@@@@@
Debug: sparse nonlocal_op@@@@@@@@@@@@@@@@@@@@@@@@@@@@@@@@@@
Debug: sparse nonlocal_op@@@@@@@@@@@@@@@@@@@@@@@@@@@@@@@@@@
Debug: sparse nonlocal_op@@@@@@@@@@@@@@@@@@@@@@@@@@@@@@@@@@
Debug: sparse nonlocal_op@@@@@@@@@@@@@@@@@@@@@@@@@@@@@@@@@@
Debug: sparse nonlocal_op@@@@@@@@@@@@@@@@@@@@@@@@@@@@@@@@@@
Debug: sparse nonlocal_op@@@@@@@@@@@@@@@@@@@@@@@@@@@@@@@@@@
Debug: sparse nonlocal_op@@@@@@@@@@@@@@@@@@@@@@@@@@@@@@@@@@
Debug: sparse nonlocal_op@@@@@@@@@@@@@@@@@@@@@@@@@@@@@@@@@@
Debug: sparse nonlocal_op@@@@@@@@@@@@@@@@@@@@@@@@@@@@@@@@@@
Debug: sparse nonlocal_op@@@@@@@@@@@@@@@@@@@@@@@@@@@@@@@@@@
Debug: sparse nonlocal_op@@@@@@@@@@@@@@@@@@@@@@@@@@@@@@@@@@
Debug: sparse nonlocal_op@@@@@@@@@@@@@@@@@@@@@@@@@@@@@@@@@@
Elapsed time[calc_nonlocal_energy]: 0.043259620666503906 sec

============ Energy (Hartree) ============
|   Total Energy        : -33.7493857751 |
------------------------------------------
| * Ion-ion Energy      : 0.0            |
| * Eigenvals sum for 0 : -1.4683227004  |
| * Hartree Energy      : 13.8925640974  |
| * XC Energy           : -12.3888061636 |
| * Kinetic Energy      : 12.3798711925  |
| * External Energy     : -52.2721314416 |
| * Non-local Energy    : 4.6391165402   |
==========================================
Elapsed time[calc_and_print_energies]: 0.08811211585998535 sec
Total energy difference = -1.6994169982353924e-06 Hartree
Elapsed time for 15 th cycle: 3.843146324157715 sec

==================== [ END CYCLE 15 ] ====================
Elapsed time[_get_mixed_var]: 0.0003407001495361328 sec
Elapsed time[compute_potential]: 0.007306575775146484 sec
Elapsed time[compute]: 0.020671844482421875 sec

==================== [ SCF CYCLE 16 ] ====================
Debug: sparse nonlocal_op@@@@@@@@@@@@@@@@@@@@@@@@@@@@@@@@@@
Debug: sparse nonlocal_op@@@@@@@@@@@@@@@@@@@@@@@@@@@@@@@@@@
Debug: sparse nonlocal_op@@@@@@@@@@@@@@@@@@@@@@@@@@@@@@@@@@
Debug: sparse nonlocal_op@@@@@@@@@@@@@@@@@@@@@@@@@@@@@@@@@@
Elapsed time[diagonalize]: 2.4054293632507324 sec

[ PRINT EIGENVALUES ]
( spin alpha )
* 1 th kpt (=[0. 0. 0.])
num        occ        value
1          2.0        -0.2997199164771791
2          2.0        -0.15185645200141093
3          2.0        -0.15183165105307836
4          2.0        -0.15179662796344354
5          2.0        -0.1427324402696559
6          2.0        -0.14273182832557949
7          2.0        -0.14272265733867695
8          2.0        0.03364449373160418
9          2.0        0.033692283686791405
10         2.0        0.03372206053823416
11         2.0        0.03380209895897115
12         2.0        0.033818358572798315
13         2.0        0.03385058328798392
14         2.0        0.13876464320628137
15         2.0        0.13884584664891134
16         2.0        0.13917241865548413
17         0.0        0.16273049757300206
18         0.0        0.16278773253024495
19         0.0        0.16287231228397783
20         0.0        0.16478887947510593


* 2 th kpt (=[0.5 0.  0. ])
num        occ        value
1          6.0        -0.2599530829859718
2          6.0        -0.25995241474790365
3          6.0        -0.14578034225721892
4          6.0        -0.14578031169865618
5          6.0        -0.13635074515372572
6          6.0        -0.13635073368793432
7          6.0        -0.003638426889731657
8          6.0        -0.003638393799120527
9          6.0        -0.0031765183455748887
10         6.0        -0.0031765005241358173
11         6.0        0.010782865514777872
12         6.0        0.010798100386744494
13         6.0        0.0691389886239077
14         6.0        0.06914082727477994
15         6.0        0.06928121726614103
16         6.0        0.06928307460394227
17         0.0        0.17967091666224994
18         0.0        0.17967980167567002
19         0.0        0.25257887611939545
20         0.0        0.2526169330475122


* 3 th kpt (=[0.5 0.5 0. ])
num        occ        value
1          6.0        -0.22453720748264697
2          6.0        -0.22453665506591822
3          6.0        -0.2245366426239273
4          6.0        -0.22453611258686196
5          6.0        -0.06148273785278346
6          6.0        -0.061481751380762194
7          6.0        -0.061481729146821235
8          6.0        -0.061480647114158245
9          6.0        0.0004481929005677778
10         6.0        0.0004489300925072708
11         6.0        0.00044894994995992374
12         6.0        0.0004496771148035895
13         6.0        0.09001438846254911
14         6.0        0.09003016148640089
15         6.0        0.09003017295912233
16         6.0        0.09004588334383637
17         0.0        0.22804017947198782
18         0.0        0.22805008286957565
19         0.0        0.22805010667137204
20         0.0        0.22805990870809156


* 4 th kpt (=[0.5 0.5 0.5])
num        occ        value
1          2.0        -0.21378318551988695
2          2.0        -0.21378317369730146
3          2.0        -0.21378316012863852
4          2.0        -0.21378314805606172
5          2.0        -0.11696137301741769
6          2.0        -0.11696136874694778
7          2.0        -0.11696134493524114
8          2.0        -0.11696131074265467
9          2.0        0.09467461780677103
10         2.0        0.09467463050353149
11         2.0        0.09467463623029315
12         2.0        0.09467465262927913
13         2.0        0.09491525389666178
14         2.0        0.0949152615719053
15         2.0        0.09491528028367303
16         2.0        0.09491529562211208
17         0.0        0.19631611498032772
18         0.0        0.19631612773921375
19         0.0        0.19631613616194918
20         0.0        0.19631614356503355


Integral of density (=32.00000000000003) is normalized to 32.0
Orbital energy difference = 1.252296481624171e-06
Density difference (relative) = 6.871269435093568e-07
Elapsed time[calc_external_energy]: 5.698204040527344e-05 sec
Debug: sparse nonlocal_op@@@@@@@@@@@@@@@@@@@@@@@@@@@@@@@@@@
Debug: sparse nonlocal_op@@@@@@@@@@@@@@@@@@@@@@@@@@@@@@@@@@
Debug: sparse nonlocal_op@@@@@@@@@@@@@@@@@@@@@@@@@@@@@@@@@@
Debug: sparse nonlocal_op@@@@@@@@@@@@@@@@@@@@@@@@@@@@@@@@@@
Debug: sparse nonlocal_op@@@@@@@@@@@@@@@@@@@@@@@@@@@@@@@@@@
Debug: sparse nonlocal_op@@@@@@@@@@@@@@@@@@@@@@@@@@@@@@@@@@
Debug: sparse nonlocal_op@@@@@@@@@@@@@@@@@@@@@@@@@@@@@@@@@@
Debug: sparse nonlocal_op@@@@@@@@@@@@@@@@@@@@@@@@@@@@@@@@@@
Debug: sparse nonlocal_op@@@@@@@@@@@@@@@@@@@@@@@@@@@@@@@@@@
Debug: sparse nonlocal_op@@@@@@@@@@@@@@@@@@@@@@@@@@@@@@@@@@
Debug: sparse nonlocal_op@@@@@@@@@@@@@@@@@@@@@@@@@@@@@@@@@@
Debug: sparse nonlocal_op@@@@@@@@@@@@@@@@@@@@@@@@@@@@@@@@@@
Debug: sparse nonlocal_op@@@@@@@@@@@@@@@@@@@@@@@@@@@@@@@@@@
Debug: sparse nonlocal_op@@@@@@@@@@@@@@@@@@@@@@@@@@@@@@@@@@
Debug: sparse nonlocal_op@@@@@@@@@@@@@@@@@@@@@@@@@@@@@@@@@@
Debug: sparse nonlocal_op@@@@@@@@@@@@@@@@@@@@@@@@@@@@@@@@@@
Debug: sparse nonlocal_op@@@@@@@@@@@@@@@@@@@@@@@@@@@@@@@@@@
Debug: sparse nonlocal_op@@@@@@@@@@@@@@@@@@@@@@@@@@@@@@@@@@
Debug: sparse nonlocal_op@@@@@@@@@@@@@@@@@@@@@@@@@@@@@@@@@@
Debug: sparse nonlocal_op@@@@@@@@@@@@@@@@@@@@@@@@@@@@@@@@@@
Debug: sparse nonlocal_op@@@@@@@@@@@@@@@@@@@@@@@@@@@@@@@@@@
Debug: sparse nonlocal_op@@@@@@@@@@@@@@@@@@@@@@@@@@@@@@@@@@
Debug: sparse nonlocal_op@@@@@@@@@@@@@@@@@@@@@@@@@@@@@@@@@@
Debug: sparse nonlocal_op@@@@@@@@@@@@@@@@@@@@@@@@@@@@@@@@@@
Debug: sparse nonlocal_op@@@@@@@@@@@@@@@@@@@@@@@@@@@@@@@@@@
Debug: sparse nonlocal_op@@@@@@@@@@@@@@@@@@@@@@@@@@@@@@@@@@
Debug: sparse nonlocal_op@@@@@@@@@@@@@@@@@@@@@@@@@@@@@@@@@@
Debug: sparse nonlocal_op@@@@@@@@@@@@@@@@@@@@@@@@@@@@@@@@@@
Debug: sparse nonlocal_op@@@@@@@@@@@@@@@@@@@@@@@@@@@@@@@@@@
Debug: sparse nonlocal_op@@@@@@@@@@@@@@@@@@@@@@@@@@@@@@@@@@
Debug: sparse nonlocal_op@@@@@@@@@@@@@@@@@@@@@@@@@@@@@@@@@@
Debug: sparse nonlocal_op@@@@@@@@@@@@@@@@@@@@@@@@@@@@@@@@@@
Debug: sparse nonlocal_op@@@@@@@@@@@@@@@@@@@@@@@@@@@@@@@@@@
Debug: sparse nonlocal_op@@@@@@@@@@@@@@@@@@@@@@@@@@@@@@@@@@
Debug: sparse nonlocal_op@@@@@@@@@@@@@@@@@@@@@@@@@@@@@@@@@@
Debug: sparse nonlocal_op@@@@@@@@@@@@@@@@@@@@@@@@@@@@@@@@@@
Debug: sparse nonlocal_op@@@@@@@@@@@@@@@@@@@@@@@@@@@@@@@@@@
Debug: sparse nonlocal_op@@@@@@@@@@@@@@@@@@@@@@@@@@@@@@@@@@
Debug: sparse nonlocal_op@@@@@@@@@@@@@@@@@@@@@@@@@@@@@@@@@@
Debug: sparse nonlocal_op@@@@@@@@@@@@@@@@@@@@@@@@@@@@@@@@@@
Debug: sparse nonlocal_op@@@@@@@@@@@@@@@@@@@@@@@@@@@@@@@@@@
Debug: sparse nonlocal_op@@@@@@@@@@@@@@@@@@@@@@@@@@@@@@@@@@
Debug: sparse nonlocal_op@@@@@@@@@@@@@@@@@@@@@@@@@@@@@@@@@@
Debug: sparse nonlocal_op@@@@@@@@@@@@@@@@@@@@@@@@@@@@@@@@@@
Debug: sparse nonlocal_op@@@@@@@@@@@@@@@@@@@@@@@@@@@@@@@@@@
Debug: sparse nonlocal_op@@@@@@@@@@@@@@@@@@@@@@@@@@@@@@@@@@
Debug: sparse nonlocal_op@@@@@@@@@@@@@@@@@@@@@@@@@@@@@@@@@@
Debug: sparse nonlocal_op@@@@@@@@@@@@@@@@@@@@@@@@@@@@@@@@@@
Debug: sparse nonlocal_op@@@@@@@@@@@@@@@@@@@@@@@@@@@@@@@@@@
Debug: sparse nonlocal_op@@@@@@@@@@@@@@@@@@@@@@@@@@@@@@@@@@
Debug: sparse nonlocal_op@@@@@@@@@@@@@@@@@@@@@@@@@@@@@@@@@@
Debug: sparse nonlocal_op@@@@@@@@@@@@@@@@@@@@@@@@@@@@@@@@@@
Debug: sparse nonlocal_op@@@@@@@@@@@@@@@@@@@@@@@@@@@@@@@@@@
Debug: sparse nonlocal_op@@@@@@@@@@@@@@@@@@@@@@@@@@@@@@@@@@
Debug: sparse nonlocal_op@@@@@@@@@@@@@@@@@@@@@@@@@@@@@@@@@@
Debug: sparse nonlocal_op@@@@@@@@@@@@@@@@@@@@@@@@@@@@@@@@@@
Debug: sparse nonlocal_op@@@@@@@@@@@@@@@@@@@@@@@@@@@@@@@@@@
Debug: sparse nonlocal_op@@@@@@@@@@@@@@@@@@@@@@@@@@@@@@@@@@
Debug: sparse nonlocal_op@@@@@@@@@@@@@@@@@@@@@@@@@@@@@@@@@@
Debug: sparse nonlocal_op@@@@@@@@@@@@@@@@@@@@@@@@@@@@@@@@@@
Debug: sparse nonlocal_op@@@@@@@@@@@@@@@@@@@@@@@@@@@@@@@@@@
Debug: sparse nonlocal_op@@@@@@@@@@@@@@@@@@@@@@@@@@@@@@@@@@
Debug: sparse nonlocal_op@@@@@@@@@@@@@@@@@@@@@@@@@@@@@@@@@@
Debug: sparse nonlocal_op@@@@@@@@@@@@@@@@@@@@@@@@@@@@@@@@@@
Elapsed time[calc_nonlocal_energy]: 0.04141974449157715 sec

============ Energy (Hartree) ============
|   Total Energy        : -33.7493882644 |
------------------------------------------
| * Ion-ion Energy      : 0.0            |
| * Eigenvals sum for 0 : -1.4683214481  |
| * Hartree Energy      : 13.8925625819  |
| * XC Energy           : -12.3888069921 |
| * Kinetic Energy      : 12.3798712067  |
| * External Energy     : -52.272131402  |
| * Non-local Energy    : 4.639116341    |
==========================================
Elapsed time[calc_and_print_energies]: 0.08608245849609375 sec
Total energy difference = -2.4893187315910836e-06 Hartree
Elapsed time for 16 th cycle: 2.5024170875549316 sec

==================== [ END CYCLE 16 ] ====================
Elapsed time[_get_mixed_var]: 0.0003275871276855469 sec
Elapsed time[compute_potential]: 0.006676912307739258 sec
Elapsed time[compute]: 0.019593238830566406 sec

==================== [ SCF CYCLE 17 ] ====================
Debug: sparse nonlocal_op@@@@@@@@@@@@@@@@@@@@@@@@@@@@@@@@@@
Debug: sparse nonlocal_op@@@@@@@@@@@@@@@@@@@@@@@@@@@@@@@@@@
Debug: sparse nonlocal_op@@@@@@@@@@@@@@@@@@@@@@@@@@@@@@@@@@
Debug: sparse nonlocal_op@@@@@@@@@@@@@@@@@@@@@@@@@@@@@@@@@@
Elapsed time[diagonalize]: 2.1092352867126465 sec

[ PRINT EIGENVALUES ]
( spin alpha )
* 1 th kpt (=[0. 0. 0.])
num        occ        value
1          2.0        -0.29971988697271124
2          2.0        -0.15185642688867432
3          2.0        -0.15183162658925456
4          2.0        -0.15179660370754366
5          2.0        -0.14273241349555935
6          2.0        -0.14273180209826464
7          2.0        -0.1427226312836697
8          2.0        0.033644513974118016
9          2.0        0.033692302084853624
10         2.0        0.033722077839776585
11         2.0        0.03380211551721745
12         2.0        0.03381837469638524
13         2.0        0.033850600514238965
14         2.0        0.13876467062745865
15         2.0        0.13884587354764114
16         2.0        0.13917244294197414
17         0.0        0.16272829995449775
18         0.0        0.1627855936578777
19         0.0        0.16287145139695203
20         0.0        0.16478890103795027


* 2 th kpt (=[0.5 0.  0. ])
num        occ        value
1          6.0        -0.2599530546655898
2          6.0        -0.2599523864636216
3          6.0        -0.14578030965752173
4          6.0        -0.14578029853589464
5          6.0        -0.136350719151238
6          6.0        -0.13635071082883257
7          6.0        -0.00363838676455221
8          6.0        -0.003638369314864354
9          6.0        -0.003176486711366287
10         6.0        -0.003176470236671286
11         6.0        0.010782892400755197
12         6.0        0.01079812727443751
13         6.0        0.06913900717459921
14         6.0        0.06914084582894725
15         6.0        0.06928123474366718
16         6.0        0.06928309207855465
17         0.0        0.17967096846295944
18         0.0        0.17967985348035137
19         0.0        0.252578927879184
20         0.0        0.25261698480937717


* 3 th kpt (=[0.5 0.5 0. ])
num        occ        value
1          6.0        -0.22453717927948708
2          6.0        -0.22453662809138242
3          6.0        -0.22453662003436808
4          6.0        -0.22453608456840368
5          6.0        -0.06148271883848849
6          6.0        -0.06148171582650134
7          6.0        -0.06148169890005484
8          6.0        -0.061480628312388375
9          6.0        0.00044822614779423776
10         6.0        0.00044896205305776653
11         6.0        0.0004489801876462427
12         6.0        0.0004497102421798908
13         6.0        0.09001441168859906
14         6.0        0.09003017748209177
15         6.0        0.09003018635370622
16         6.0        0.09004590656622746
17         0.0        0.22804022630248177
18         0.0        0.22805011613615184
19         0.0        0.22805013981975542
20         0.0        0.2280599555280796


* 4 th kpt (=[0.5 0.5 0.5])
num        occ        value
1          2.0        -0.21378315452720367
2          2.0        -0.2137831455474065
3          2.0        -0.21378313697856333
4          2.0        -0.21378313410227417
5          2.0        -0.11696132998334942
6          2.0        -0.11696132794928753
7          2.0        -0.11696131247388097
8          2.0        -0.11696129183173874
9          2.0        0.09467464461097155
10         2.0        0.09467465520100825
11         2.0        0.094674656366884
12         2.0        0.09467466592797097
13         2.0        0.09491527952390298
14         2.0        0.09491528326961443
15         2.0        0.09491529579470719
16         2.0        0.09491530789444114
17         0.0        0.1963161723044938
18         0.0        0.19631618480085936
19         0.0        0.19631618881254395
20         0.0        0.19631619098245995


/home/jhwoo/programs/gospel/gospel/Eigensolver/Scipy.py:60: UserWarning: Exited at iteration 20 with accuracies 
[6.04926981e-08+0.j 6.21413884e-08+0.j 6.95099889e-08+0.j
 7.00880460e-08+0.j 7.13843571e-08+0.j 7.77889157e-08+0.j
 1.78318889e-07+0.j 1.95401155e-07+0.j 1.73281102e-07+0.j
 1.65647467e-07+0.j 8.14438619e-08+0.j 8.33376035e-08+0.j
 1.49820304e-07+0.j 1.48470000e-07+0.j 1.40962255e-07+0.j
 1.38896873e-07+0.j 3.98629885e-07+0.j 3.93189559e-07+0.j
 1.80747927e-06+0.j 2.17617112e-06+0.j]
not reaching the requested tolerance 1e-07.
  val, vec = lobpcg(
/home/jhwoo/programs/gospel/gospel/Eigensolver/Scipy.py:60: UserWarning: Exited at iteration 20 with accuracies 
[6.54440052e-08+0.j 6.63330585e-08+0.j 6.44892252e-08+0.j
 6.47272300e-08+0.j 7.56284359e-08+0.j 7.71220682e-08+0.j
 8.12563405e-08+0.j 7.33453957e-08+0.j 1.35987516e-07+0.j
 1.21243698e-07+0.j 1.15081154e-07+0.j 1.25469990e-07+0.j
 1.65834321e-07+0.j 1.50820792e-07+0.j 1.90466261e-07+0.j
 1.65619151e-07+0.j 7.89374827e-07+0.j 8.38928328e-07+0.j
 9.50056270e-07+0.j 7.86967860e-07+0.j]
not reaching the requested tolerance 1e-07.
  val, vec = lobpcg(
/home/jhwoo/programs/gospel/gospel/Eigensolver/Scipy.py:60: UserWarning: Exited at iteration 20 with accuracies 
[6.06707204e-08+0.j 6.57250230e-08+0.j 6.37207385e-08+0.j
 6.33278544e-08+0.j 6.69459304e-08+0.j 7.07278518e-08+0.j
 6.98997745e-08+0.j 6.08122309e-08+0.j 2.94960757e-07+0.j
 2.48666027e-07+0.j 2.72402660e-07+0.j 2.57327715e-07+0.j
 3.73214671e-07+0.j 2.42240078e-07+0.j 3.47333557e-07+0.j
 3.22058508e-07+0.j 8.87326075e-07+0.j 7.56032748e-07+0.j
 5.86433745e-07+0.j 7.61526127e-07+0.j]
not reaching the requested tolerance 1e-07.
  val, vec = lobpcg(
/home/jhwoo/programs/gospel/gospel/Eigensolver/Scipy.py:60: UserWarning: Exited at iteration 20 with accuracies 
[7.69474957e-08 5.73787784e-08 6.79338278e-08 5.62283358e-08
 6.57847428e-08 4.63170721e-08 5.74998657e-08 6.65362027e-08
 8.61335849e-08 7.57846948e-08 8.45501954e-08 6.56150677e-08
 6.15260562e-08 4.10935438e-07 1.75664120e-07 4.20865435e-07
 2.80708812e-03 3.06629911e-03 2.24300636e-03 3.14513028e-04]
not reaching the requested tolerance 1e-07.
  val, vec = lobpcg(
/home/jhwoo/programs/gospel/gospel/Eigensolver/Scipy.py:60: UserWarning: Exited at iteration 20 with accuracies 
[4.43311847e-08+0.j 4.43116561e-08+0.j 6.92440888e-08+0.j
 6.79227536e-08+0.j 7.64590142e-08+0.j 7.57806574e-08+0.j
 8.85956245e-08+0.j 7.75728913e-08+0.j 8.14967909e-08+0.j
 7.76081463e-08+0.j 7.69449940e-08+0.j 7.94371948e-08+0.j
 7.19901164e-08+0.j 7.23727180e-08+0.j 8.30739386e-08+0.j
 8.20872187e-08+0.j 9.01881271e-08+0.j 8.58523735e-08+0.j
 5.27898437e-07+0.j 7.90061399e-07+0.j]
not reaching the requested tolerance 1e-07.
  val, vec = lobpcg(
/home/jhwoo/programs/gospel/gospel/Eigensolver/Scipy.py:60: UserWarning: Exited at iteration 20 with accuracies 
[5.16329715e-08+0.j 5.79223866e-08+0.j 5.34384415e-08+0.j
 5.25605195e-08+0.j 5.68254596e-08+0.j 7.42169490e-08+0.j
 6.08963737e-08+0.j 5.59088508e-08+0.j 8.08234156e-08+0.j
 7.75479360e-08+0.j 8.40657972e-08+0.j 7.98113925e-08+0.j
 8.67066814e-08+0.j 8.39817710e-08+0.j 8.09065336e-08+0.j
 8.60577946e-08+0.j 2.31456294e-07+0.j 2.81443722e-07+0.j
 3.04383178e-07+0.j 2.33983545e-07+0.j]
not reaching the requested tolerance 1e-07.
  val, vec = lobpcg(
/home/jhwoo/programs/gospel/gospel/Eigensolver/Scipy.py:60: UserWarning: Exited at iteration 20 with accuracies 
[6.58600382e-08+0.j 7.30878905e-08+0.j 7.84824078e-08+0.j
 6.22262071e-08+0.j 6.32505771e-08+0.j 6.56445837e-08+0.j
 7.07678580e-08+0.j 7.69018618e-08+0.j 8.03012832e-08+0.j
 7.39205935e-08+0.j 7.29064298e-08+0.j 7.42525565e-08+0.j
 8.01345094e-08+0.j 7.38770790e-08+0.j 6.95397609e-08+0.j
 8.63639584e-08+0.j 2.77909973e-07+0.j 3.19329535e-07+0.j
 2.61796263e-07+0.j 2.84562316e-07+0.j]
not reaching the requested tolerance 1e-07.
  val, vec = lobpcg(
/home/jhwoo/programs/gospel/gospel/Eigensolver/Scipy.py:60: UserWarning: Exited at iteration 20 with accuracies 
[6.76793196e-08 7.25360705e-08 7.80114126e-08 4.86234673e-08
 5.72823797e-08 6.55214815e-08 6.23616858e-08 8.07647623e-08
 8.53898220e-08 9.25120931e-08 8.71999222e-08 8.66571847e-08
 7.77508151e-08 2.33761973e-07 9.46705603e-08 1.17426539e-07
 2.39073591e-03 3.07192528e-03 1.36589933e-03 3.58641497e-04]
not reaching the requested tolerance 1e-07.
  val, vec = lobpcg(
/home/jhwoo/programs/gospel/gospel/Eigensolver/Scipy.py:60: UserWarning: Exited at iteration 20 with accuracies 
[6.58661857e-08+0.j 6.49464026e-08+0.j 7.60581595e-08+0.j
 6.69434508e-08+0.j 8.17400081e-08+0.j 8.92899855e-08+0.j
 6.65052134e-08+0.j 6.72817923e-08+0.j 7.28784828e-08+0.j
 7.23806248e-08+0.j 7.74445090e-08+0.j 7.82046045e-08+0.j
 8.99634165e-08+0.j 8.93306616e-08+0.j 7.98087527e-08+0.j
 8.00627261e-08+0.j 9.10233367e-08+0.j 9.83737882e-08+0.j
 2.24652523e-07+0.j 3.86733891e-07+0.j]
not reaching the requested tolerance 1e-07.
  val, vec = lobpcg(
/home/jhwoo/programs/gospel/gospel/Eigensolver/Scipy.py:60: UserWarning: Exited at iteration 20 with accuracies 
[5.41416584e-08+0.j 5.69657908e-08+0.j 6.08985498e-08+0.j
 5.39477642e-08+0.j 8.41401581e-08+0.j 6.87132722e-08+0.j
 7.57179863e-08+0.j 8.38413981e-08+0.j 8.73697800e-08+0.j
 8.75565376e-08+0.j 8.34491854e-08+0.j 8.73838299e-08+0.j
 7.29267036e-08+0.j 7.05813924e-08+0.j 9.08199900e-08+0.j
 7.21566200e-08+0.j 1.82649391e-07+0.j 1.93362891e-07+0.j
 1.92095792e-07+0.j 1.82785669e-07+0.j]
not reaching the requested tolerance 1e-07.
  val, vec = lobpcg(
/home/jhwoo/programs/gospel/gospel/Eigensolver/Scipy.py:60: UserWarning: Exited at iteration 20 with accuracies 
[7.08979141e-08+0.j 6.86492115e-08+0.j 6.88587386e-08+0.j
 6.31831358e-08+0.j 5.33167887e-08+0.j 7.01239669e-08+0.j
 5.79976959e-08+0.j 6.84863678e-08+0.j 8.16916656e-08+0.j
 8.33024806e-08+0.j 8.95311358e-08+0.j 8.37093944e-08+0.j
 8.22604953e-08+0.j 8.55617575e-08+0.j 9.11956824e-08+0.j
 8.67061977e-08+0.j 9.35228243e-08+0.j 9.99910094e-08+0.j
 9.66380042e-08+0.j 1.05272644e-07+0.j]
not reaching the requested tolerance 1e-07.
  val, vec = lobpcg(
/home/jhwoo/programs/gospel/gospel/Eigensolver/Scipy.py:60: UserWarning: Exited at iteration 20 with accuracies 
[6.59899297e-08 7.64452522e-08 7.22958586e-08 6.79448278e-08
 6.24539842e-08 8.83258552e-08 6.22825920e-08 7.11862736e-08
 8.05397387e-08 7.90512638e-08 8.57415725e-08 7.45723232e-08
 7.23225249e-08 1.53222791e-07 8.50918549e-08 9.43017001e-08
 1.76233040e-03 2.00872436e-03 1.19728153e-03 2.45160626e-04]
not reaching the requested tolerance 1e-07.
  val, vec = lobpcg(
/home/jhwoo/programs/gospel/gospel/Eigensolver/Scipy.py:60: UserWarning: Exited at iteration 20 with accuracies 
[7.32652968e-08+0.j 8.56852789e-08+0.j 7.90702084e-08+0.j
 8.45298587e-08+0.j 8.17295550e-08+0.j 8.05375300e-08+0.j
 6.94649579e-08+0.j 7.15274759e-08+0.j 8.54067855e-08+0.j
 7.95162561e-08+0.j 8.97386810e-08+0.j 8.82748598e-08+0.j
 8.26615922e-08+0.j 8.14256449e-08+0.j 9.48334950e-08+0.j
 9.56118821e-08+0.j 9.04739348e-08+0.j 9.18460685e-08+0.j
 1.25395625e-07+0.j 1.87634917e-07+0.j]
not reaching the requested tolerance 1e-07.
  val, vec = lobpcg(
/home/jhwoo/programs/gospel/gospel/Eigensolver/Scipy.py:60: UserWarning: Exited at iteration 20 with accuracies 
[6.71947305e-08 6.99808621e-08 7.45082993e-08 8.41780428e-08
 9.16979038e-08 8.15309684e-08 9.41724518e-08 8.14908540e-08
 8.21227983e-08 8.38256287e-08 8.52567088e-08 8.72424452e-08
 9.12280813e-08 7.32147861e-08 9.56176788e-08 8.20945149e-08
 1.45334378e-03 1.28725193e-03 9.23083673e-04 1.88123967e-04]
not reaching the requested tolerance 1e-07.
  val, vec = lobpcg(
/home/jhwoo/programs/gospel/gospel/Eigensolver/Scipy.py:60: UserWarning: Exited at iteration 20 with accuracies 
[8.54479660e-08 8.84999022e-08 8.93138300e-08 6.37726599e-08
 8.31264714e-08 8.04684323e-08 8.93948153e-08 6.39704836e-08
 7.13386190e-08 6.54478439e-08 7.33821911e-08 6.57418522e-08
 6.53518525e-08 8.00316272e-08 5.98438599e-08 7.20739573e-08
 1.49381844e-03 1.49774507e-03 9.78273617e-04 2.12125018e-04]
not reaching the requested tolerance 1e-07.
  val, vec = lobpcg(
Integral of density (=32.00000000000001) is normalized to 32.00000000000001
Orbital energy difference = 8.026400546423673e-07
Density difference (relative) = 3.0394953254040783e-07
Elapsed time[calc_external_energy]: 5.698204040527344e-05 sec
Debug: sparse nonlocal_op@@@@@@@@@@@@@@@@@@@@@@@@@@@@@@@@@@
Debug: sparse nonlocal_op@@@@@@@@@@@@@@@@@@@@@@@@@@@@@@@@@@
Debug: sparse nonlocal_op@@@@@@@@@@@@@@@@@@@@@@@@@@@@@@@@@@
Debug: sparse nonlocal_op@@@@@@@@@@@@@@@@@@@@@@@@@@@@@@@@@@
Debug: sparse nonlocal_op@@@@@@@@@@@@@@@@@@@@@@@@@@@@@@@@@@
Debug: sparse nonlocal_op@@@@@@@@@@@@@@@@@@@@@@@@@@@@@@@@@@
Debug: sparse nonlocal_op@@@@@@@@@@@@@@@@@@@@@@@@@@@@@@@@@@
Debug: sparse nonlocal_op@@@@@@@@@@@@@@@@@@@@@@@@@@@@@@@@@@
Debug: sparse nonlocal_op@@@@@@@@@@@@@@@@@@@@@@@@@@@@@@@@@@
Debug: sparse nonlocal_op@@@@@@@@@@@@@@@@@@@@@@@@@@@@@@@@@@
Debug: sparse nonlocal_op@@@@@@@@@@@@@@@@@@@@@@@@@@@@@@@@@@
Debug: sparse nonlocal_op@@@@@@@@@@@@@@@@@@@@@@@@@@@@@@@@@@
Debug: sparse nonlocal_op@@@@@@@@@@@@@@@@@@@@@@@@@@@@@@@@@@
Debug: sparse nonlocal_op@@@@@@@@@@@@@@@@@@@@@@@@@@@@@@@@@@
Debug: sparse nonlocal_op@@@@@@@@@@@@@@@@@@@@@@@@@@@@@@@@@@
Debug: sparse nonlocal_op@@@@@@@@@@@@@@@@@@@@@@@@@@@@@@@@@@
Debug: sparse nonlocal_op@@@@@@@@@@@@@@@@@@@@@@@@@@@@@@@@@@
Debug: sparse nonlocal_op@@@@@@@@@@@@@@@@@@@@@@@@@@@@@@@@@@
Debug: sparse nonlocal_op@@@@@@@@@@@@@@@@@@@@@@@@@@@@@@@@@@
Debug: sparse nonlocal_op@@@@@@@@@@@@@@@@@@@@@@@@@@@@@@@@@@
Debug: sparse nonlocal_op@@@@@@@@@@@@@@@@@@@@@@@@@@@@@@@@@@
Debug: sparse nonlocal_op@@@@@@@@@@@@@@@@@@@@@@@@@@@@@@@@@@
Debug: sparse nonlocal_op@@@@@@@@@@@@@@@@@@@@@@@@@@@@@@@@@@
Debug: sparse nonlocal_op@@@@@@@@@@@@@@@@@@@@@@@@@@@@@@@@@@
Debug: sparse nonlocal_op@@@@@@@@@@@@@@@@@@@@@@@@@@@@@@@@@@
Debug: sparse nonlocal_op@@@@@@@@@@@@@@@@@@@@@@@@@@@@@@@@@@
Debug: sparse nonlocal_op@@@@@@@@@@@@@@@@@@@@@@@@@@@@@@@@@@
Debug: sparse nonlocal_op@@@@@@@@@@@@@@@@@@@@@@@@@@@@@@@@@@
Debug: sparse nonlocal_op@@@@@@@@@@@@@@@@@@@@@@@@@@@@@@@@@@
Debug: sparse nonlocal_op@@@@@@@@@@@@@@@@@@@@@@@@@@@@@@@@@@
Debug: sparse nonlocal_op@@@@@@@@@@@@@@@@@@@@@@@@@@@@@@@@@@
Debug: sparse nonlocal_op@@@@@@@@@@@@@@@@@@@@@@@@@@@@@@@@@@
Debug: sparse nonlocal_op@@@@@@@@@@@@@@@@@@@@@@@@@@@@@@@@@@
Debug: sparse nonlocal_op@@@@@@@@@@@@@@@@@@@@@@@@@@@@@@@@@@
Debug: sparse nonlocal_op@@@@@@@@@@@@@@@@@@@@@@@@@@@@@@@@@@
Debug: sparse nonlocal_op@@@@@@@@@@@@@@@@@@@@@@@@@@@@@@@@@@
Debug: sparse nonlocal_op@@@@@@@@@@@@@@@@@@@@@@@@@@@@@@@@@@
Debug: sparse nonlocal_op@@@@@@@@@@@@@@@@@@@@@@@@@@@@@@@@@@
Debug: sparse nonlocal_op@@@@@@@@@@@@@@@@@@@@@@@@@@@@@@@@@@
Debug: sparse nonlocal_op@@@@@@@@@@@@@@@@@@@@@@@@@@@@@@@@@@
Debug: sparse nonlocal_op@@@@@@@@@@@@@@@@@@@@@@@@@@@@@@@@@@
Debug: sparse nonlocal_op@@@@@@@@@@@@@@@@@@@@@@@@@@@@@@@@@@
Debug: sparse nonlocal_op@@@@@@@@@@@@@@@@@@@@@@@@@@@@@@@@@@
Debug: sparse nonlocal_op@@@@@@@@@@@@@@@@@@@@@@@@@@@@@@@@@@
Debug: sparse nonlocal_op@@@@@@@@@@@@@@@@@@@@@@@@@@@@@@@@@@
Debug: sparse nonlocal_op@@@@@@@@@@@@@@@@@@@@@@@@@@@@@@@@@@
Debug: sparse nonlocal_op@@@@@@@@@@@@@@@@@@@@@@@@@@@@@@@@@@
Debug: sparse nonlocal_op@@@@@@@@@@@@@@@@@@@@@@@@@@@@@@@@@@
Debug: sparse nonlocal_op@@@@@@@@@@@@@@@@@@@@@@@@@@@@@@@@@@
Debug: sparse nonlocal_op@@@@@@@@@@@@@@@@@@@@@@@@@@@@@@@@@@
Debug: sparse nonlocal_op@@@@@@@@@@@@@@@@@@@@@@@@@@@@@@@@@@
Debug: sparse nonlocal_op@@@@@@@@@@@@@@@@@@@@@@@@@@@@@@@@@@
Debug: sparse nonlocal_op@@@@@@@@@@@@@@@@@@@@@@@@@@@@@@@@@@
Debug: sparse nonlocal_op@@@@@@@@@@@@@@@@@@@@@@@@@@@@@@@@@@
Debug: sparse nonlocal_op@@@@@@@@@@@@@@@@@@@@@@@@@@@@@@@@@@
Debug: sparse nonlocal_op@@@@@@@@@@@@@@@@@@@@@@@@@@@@@@@@@@
Debug: sparse nonlocal_op@@@@@@@@@@@@@@@@@@@@@@@@@@@@@@@@@@
Debug: sparse nonlocal_op@@@@@@@@@@@@@@@@@@@@@@@@@@@@@@@@@@
Debug: sparse nonlocal_op@@@@@@@@@@@@@@@@@@@@@@@@@@@@@@@@@@
Debug: sparse nonlocal_op@@@@@@@@@@@@@@@@@@@@@@@@@@@@@@@@@@
Debug: sparse nonlocal_op@@@@@@@@@@@@@@@@@@@@@@@@@@@@@@@@@@
Debug: sparse nonlocal_op@@@@@@@@@@@@@@@@@@@@@@@@@@@@@@@@@@
Debug: sparse nonlocal_op@@@@@@@@@@@@@@@@@@@@@@@@@@@@@@@@@@
Debug: sparse nonlocal_op@@@@@@@@@@@@@@@@@@@@@@@@@@@@@@@@@@
Elapsed time[calc_nonlocal_energy]: 0.04448127746582031 sec

============ Energy (Hartree) ============
|   Total Energy        : -33.7493900678 |
------------------------------------------
| * Ion-ion Energy      : 0.0            |
| * Eigenvals sum for 0 : -1.4683206455  |
| * Hartree Energy      : 13.8925615499  |
| * XC Energy           : -12.3888075304 |
| * Kinetic Energy      : 12.3798711886  |
| * External Energy     : -52.272131356  |
| * Non-local Energy    : 4.6391160801   |
==========================================
Elapsed time[calc_and_print_energies]: 0.09126615524291992 sec
Total energy difference = -1.8033829576324933e-06 Hartree
Elapsed time for 17 th cycle: 2.2112762928009033 sec

==================== [ END CYCLE 17 ] ====================
Elapsed time[_get_mixed_var]: 0.0003886222839355469 sec
Elapsed time[compute_potential]: 0.007582664489746094 sec
Elapsed time[compute]: 0.021312475204467773 sec

==================== [ SCF CYCLE 18 ] ====================
Debug: sparse nonlocal_op@@@@@@@@@@@@@@@@@@@@@@@@@@@@@@@@@@
Debug: sparse nonlocal_op@@@@@@@@@@@@@@@@@@@@@@@@@@@@@@@@@@
Debug: sparse nonlocal_op@@@@@@@@@@@@@@@@@@@@@@@@@@@@@@@@@@
Debug: sparse nonlocal_op@@@@@@@@@@@@@@@@@@@@@@@@@@@@@@@@@@
Elapsed time[diagonalize]: 0.6287555694580078 sec

[ PRINT EIGENVALUES ]
( spin alpha )
* 1 th kpt (=[0. 0. 0.])
num        occ        value
1          2.0        -0.29971988413696987
2          2.0        -0.15185642579532052
3          2.0        -0.15183162412726378
4          2.0        -0.15179660216257454
5          2.0        -0.14273241313716548
6          2.0        -0.14273180080734096
7          2.0        -0.14272262954811898
8          2.0        0.03364451298206069
9          2.0        0.033692304900628786
10         2.0        0.03372207798030314
11         2.0        0.03380211767591813
12         2.0        0.033818376143074445
13         2.0        0.033850600165273685
14         2.0        0.13876467206362209
15         2.0        0.13884587508233492
16         2.0        0.13917244458022177
17         0.0        0.16272628500571434
18         0.0        0.16278370960617775
19         0.0        0.16287067137890054
20         0.0        0.16478887130488667


* 2 th kpt (=[0.5 0.  0. ])
num        occ        value
1          6.0        -0.25995305220934617
2          6.0        -0.25995238397932124
3          6.0        -0.14578031329046018
4          6.0        -0.14578029318602354
5          6.0        -0.13635071911110735
6          6.0        -0.1363507090903356
7          6.0        -0.003638386141044027
8          6.0        -0.003638363941368332
9          6.0        -0.003176481451400869
10         6.0        -0.0031764645521011
11         6.0        0.010782893388615747
12         6.0        0.010798128262138438
13         6.0        0.06913900757903693
14         6.0        0.06914084623242796
15         6.0        0.06928123602036204
16         6.0        0.06928309335673544
17         0.0        0.17967097643627356
18         0.0        0.1796798614551005
19         0.0        0.25257893620453276
20         0.0        0.2526169931361113


* 3 th kpt (=[0.5 0.5 0. ])
num        occ        value
1          6.0        -0.22453717397013878
2          6.0        -0.22453662888632803
3          6.0        -0.22453662230917576
4          6.0        -0.22453607919315854
5          6.0        -0.06148273214517865
6          6.0        -0.06148169898066313
7          6.0        -0.061481683675747106
8          6.0        -0.06148064159195541
9          6.0        0.0004482318886810614
10         6.0        0.0004489646921501768
11         6.0        0.00044898264588069415
12         6.0        0.0004497160181773401
13         6.0        0.09001442277117315
14         6.0        0.09003016821873075
15         6.0        0.09003017655951367
16         6.0        0.09004591765266952
17         0.0        0.22804024484481963
18         0.0        0.2280501080720194
19         0.0        0.22805013173315014
20         0.0        0.22805997406894998


* 4 th kpt (=[0.5 0.5 0.5])
num        occ        value
1          2.0        -0.21378315195690623
2          2.0        -0.2137831420936043
3          2.0        -0.21378313887102052
4          2.0        -0.21378313344488883
5          2.0        -0.11696132210037441
6          2.0        -0.11696131199198775
7          2.0        -0.11696130798114464
8          2.0        -0.11696130399114221
9          2.0        0.09467465141705343
10         2.0        0.0946746542308052
11         2.0        0.09467465615588327
12         2.0        0.09467466285948495
13         2.0        0.094915285186775
14         2.0        0.09491529228560924
15         2.0        0.09491529431047115
16         2.0        0.09491529752194018
17         0.0        0.1963161829020349
18         0.0        0.19631618983455382
19         0.0        0.19631619283609672
20         0.0        0.1963161973213302


Integral of density (=31.999999999999993) is normalized to 32.00000000000001
Orbital energy difference = 5.95282652060547e-08
Density difference (relative) = 1.8945455913073087e-07
Elapsed time[calc_external_energy]: 5.7697296142578125e-05 sec
Debug: sparse nonlocal_op@@@@@@@@@@@@@@@@@@@@@@@@@@@@@@@@@@
Debug: sparse nonlocal_op@@@@@@@@@@@@@@@@@@@@@@@@@@@@@@@@@@
Debug: sparse nonlocal_op@@@@@@@@@@@@@@@@@@@@@@@@@@@@@@@@@@
Debug: sparse nonlocal_op@@@@@@@@@@@@@@@@@@@@@@@@@@@@@@@@@@
Debug: sparse nonlocal_op@@@@@@@@@@@@@@@@@@@@@@@@@@@@@@@@@@
Debug: sparse nonlocal_op@@@@@@@@@@@@@@@@@@@@@@@@@@@@@@@@@@
Debug: sparse nonlocal_op@@@@@@@@@@@@@@@@@@@@@@@@@@@@@@@@@@
Debug: sparse nonlocal_op@@@@@@@@@@@@@@@@@@@@@@@@@@@@@@@@@@
Debug: sparse nonlocal_op@@@@@@@@@@@@@@@@@@@@@@@@@@@@@@@@@@
Debug: sparse nonlocal_op@@@@@@@@@@@@@@@@@@@@@@@@@@@@@@@@@@
Debug: sparse nonlocal_op@@@@@@@@@@@@@@@@@@@@@@@@@@@@@@@@@@
Debug: sparse nonlocal_op@@@@@@@@@@@@@@@@@@@@@@@@@@@@@@@@@@
Debug: sparse nonlocal_op@@@@@@@@@@@@@@@@@@@@@@@@@@@@@@@@@@
Debug: sparse nonlocal_op@@@@@@@@@@@@@@@@@@@@@@@@@@@@@@@@@@
Debug: sparse nonlocal_op@@@@@@@@@@@@@@@@@@@@@@@@@@@@@@@@@@
Debug: sparse nonlocal_op@@@@@@@@@@@@@@@@@@@@@@@@@@@@@@@@@@
Debug: sparse nonlocal_op@@@@@@@@@@@@@@@@@@@@@@@@@@@@@@@@@@
Debug: sparse nonlocal_op@@@@@@@@@@@@@@@@@@@@@@@@@@@@@@@@@@
Debug: sparse nonlocal_op@@@@@@@@@@@@@@@@@@@@@@@@@@@@@@@@@@
Debug: sparse nonlocal_op@@@@@@@@@@@@@@@@@@@@@@@@@@@@@@@@@@
Debug: sparse nonlocal_op@@@@@@@@@@@@@@@@@@@@@@@@@@@@@@@@@@
Debug: sparse nonlocal_op@@@@@@@@@@@@@@@@@@@@@@@@@@@@@@@@@@
Debug: sparse nonlocal_op@@@@@@@@@@@@@@@@@@@@@@@@@@@@@@@@@@
Debug: sparse nonlocal_op@@@@@@@@@@@@@@@@@@@@@@@@@@@@@@@@@@
Debug: sparse nonlocal_op@@@@@@@@@@@@@@@@@@@@@@@@@@@@@@@@@@
Debug: sparse nonlocal_op@@@@@@@@@@@@@@@@@@@@@@@@@@@@@@@@@@
Debug: sparse nonlocal_op@@@@@@@@@@@@@@@@@@@@@@@@@@@@@@@@@@
Debug: sparse nonlocal_op@@@@@@@@@@@@@@@@@@@@@@@@@@@@@@@@@@
Debug: sparse nonlocal_op@@@@@@@@@@@@@@@@@@@@@@@@@@@@@@@@@@
Debug: sparse nonlocal_op@@@@@@@@@@@@@@@@@@@@@@@@@@@@@@@@@@
Debug: sparse nonlocal_op@@@@@@@@@@@@@@@@@@@@@@@@@@@@@@@@@@
Debug: sparse nonlocal_op@@@@@@@@@@@@@@@@@@@@@@@@@@@@@@@@@@
Debug: sparse nonlocal_op@@@@@@@@@@@@@@@@@@@@@@@@@@@@@@@@@@
Debug: sparse nonlocal_op@@@@@@@@@@@@@@@@@@@@@@@@@@@@@@@@@@
Debug: sparse nonlocal_op@@@@@@@@@@@@@@@@@@@@@@@@@@@@@@@@@@
Debug: sparse nonlocal_op@@@@@@@@@@@@@@@@@@@@@@@@@@@@@@@@@@
Debug: sparse nonlocal_op@@@@@@@@@@@@@@@@@@@@@@@@@@@@@@@@@@
Debug: sparse nonlocal_op@@@@@@@@@@@@@@@@@@@@@@@@@@@@@@@@@@
Debug: sparse nonlocal_op@@@@@@@@@@@@@@@@@@@@@@@@@@@@@@@@@@
Debug: sparse nonlocal_op@@@@@@@@@@@@@@@@@@@@@@@@@@@@@@@@@@
Debug: sparse nonlocal_op@@@@@@@@@@@@@@@@@@@@@@@@@@@@@@@@@@
Debug: sparse nonlocal_op@@@@@@@@@@@@@@@@@@@@@@@@@@@@@@@@@@
Debug: sparse nonlocal_op@@@@@@@@@@@@@@@@@@@@@@@@@@@@@@@@@@
Debug: sparse nonlocal_op@@@@@@@@@@@@@@@@@@@@@@@@@@@@@@@@@@
Debug: sparse nonlocal_op@@@@@@@@@@@@@@@@@@@@@@@@@@@@@@@@@@
Debug: sparse nonlocal_op@@@@@@@@@@@@@@@@@@@@@@@@@@@@@@@@@@
Debug: sparse nonlocal_op@@@@@@@@@@@@@@@@@@@@@@@@@@@@@@@@@@
Debug: sparse nonlocal_op@@@@@@@@@@@@@@@@@@@@@@@@@@@@@@@@@@
Debug: sparse nonlocal_op@@@@@@@@@@@@@@@@@@@@@@@@@@@@@@@@@@
Debug: sparse nonlocal_op@@@@@@@@@@@@@@@@@@@@@@@@@@@@@@@@@@
Debug: sparse nonlocal_op@@@@@@@@@@@@@@@@@@@@@@@@@@@@@@@@@@
Debug: sparse nonlocal_op@@@@@@@@@@@@@@@@@@@@@@@@@@@@@@@@@@
Debug: sparse nonlocal_op@@@@@@@@@@@@@@@@@@@@@@@@@@@@@@@@@@
Debug: sparse nonlocal_op@@@@@@@@@@@@@@@@@@@@@@@@@@@@@@@@@@
Debug: sparse nonlocal_op@@@@@@@@@@@@@@@@@@@@@@@@@@@@@@@@@@
Debug: sparse nonlocal_op@@@@@@@@@@@@@@@@@@@@@@@@@@@@@@@@@@
Debug: sparse nonlocal_op@@@@@@@@@@@@@@@@@@@@@@@@@@@@@@@@@@
Debug: sparse nonlocal_op@@@@@@@@@@@@@@@@@@@@@@@@@@@@@@@@@@
Debug: sparse nonlocal_op@@@@@@@@@@@@@@@@@@@@@@@@@@@@@@@@@@
Debug: sparse nonlocal_op@@@@@@@@@@@@@@@@@@@@@@@@@@@@@@@@@@
Debug: sparse nonlocal_op@@@@@@@@@@@@@@@@@@@@@@@@@@@@@@@@@@
Debug: sparse nonlocal_op@@@@@@@@@@@@@@@@@@@@@@@@@@@@@@@@@@
Debug: sparse nonlocal_op@@@@@@@@@@@@@@@@@@@@@@@@@@@@@@@@@@
Debug: sparse nonlocal_op@@@@@@@@@@@@@@@@@@@@@@@@@@@@@@@@@@
Elapsed time[calc_nonlocal_energy]: 0.044995784759521484 sec

============ Energy (Hartree) ============
|   Total Energy        : -33.7493899293 |
------------------------------------------
| * Ion-ion Energy      : 0.0            |
| * Eigenvals sum for 0 : -1.468320586   |
| * Hartree Energy      : 13.8925617183  |
| * XC Energy           : -12.388807571  |
| * Kinetic Energy      : 12.3798711931  |
| * External Energy     : -52.272131357  |
| * Non-local Energy    : 4.6391160873   |
==========================================
Elapsed time[calc_and_print_energies]: 0.09224891662597656 sec
Total energy difference = 1.385381409590991e-07 Hartree
Elapsed time for 18 th cycle: 0.7323377132415771 sec

==================== [ END CYCLE 18 ] ====================
SCF CONVERGED with 18 iters!!
Elapsed time[calc_external_energy]: 6.389617919921875e-05 sec
Debug: sparse nonlocal_op@@@@@@@@@@@@@@@@@@@@@@@@@@@@@@@@@@
Debug: sparse nonlocal_op@@@@@@@@@@@@@@@@@@@@@@@@@@@@@@@@@@
Debug: sparse nonlocal_op@@@@@@@@@@@@@@@@@@@@@@@@@@@@@@@@@@
Debug: sparse nonlocal_op@@@@@@@@@@@@@@@@@@@@@@@@@@@@@@@@@@
Debug: sparse nonlocal_op@@@@@@@@@@@@@@@@@@@@@@@@@@@@@@@@@@
Debug: sparse nonlocal_op@@@@@@@@@@@@@@@@@@@@@@@@@@@@@@@@@@
Debug: sparse nonlocal_op@@@@@@@@@@@@@@@@@@@@@@@@@@@@@@@@@@
Debug: sparse nonlocal_op@@@@@@@@@@@@@@@@@@@@@@@@@@@@@@@@@@
Debug: sparse nonlocal_op@@@@@@@@@@@@@@@@@@@@@@@@@@@@@@@@@@
Debug: sparse nonlocal_op@@@@@@@@@@@@@@@@@@@@@@@@@@@@@@@@@@
Debug: sparse nonlocal_op@@@@@@@@@@@@@@@@@@@@@@@@@@@@@@@@@@
Debug: sparse nonlocal_op@@@@@@@@@@@@@@@@@@@@@@@@@@@@@@@@@@
Debug: sparse nonlocal_op@@@@@@@@@@@@@@@@@@@@@@@@@@@@@@@@@@
Debug: sparse nonlocal_op@@@@@@@@@@@@@@@@@@@@@@@@@@@@@@@@@@
Debug: sparse nonlocal_op@@@@@@@@@@@@@@@@@@@@@@@@@@@@@@@@@@
Debug: sparse nonlocal_op@@@@@@@@@@@@@@@@@@@@@@@@@@@@@@@@@@
Debug: sparse nonlocal_op@@@@@@@@@@@@@@@@@@@@@@@@@@@@@@@@@@
Debug: sparse nonlocal_op@@@@@@@@@@@@@@@@@@@@@@@@@@@@@@@@@@
Debug: sparse nonlocal_op@@@@@@@@@@@@@@@@@@@@@@@@@@@@@@@@@@
Debug: sparse nonlocal_op@@@@@@@@@@@@@@@@@@@@@@@@@@@@@@@@@@
Debug: sparse nonlocal_op@@@@@@@@@@@@@@@@@@@@@@@@@@@@@@@@@@
Debug: sparse nonlocal_op@@@@@@@@@@@@@@@@@@@@@@@@@@@@@@@@@@
Debug: sparse nonlocal_op@@@@@@@@@@@@@@@@@@@@@@@@@@@@@@@@@@
Debug: sparse nonlocal_op@@@@@@@@@@@@@@@@@@@@@@@@@@@@@@@@@@
Debug: sparse nonlocal_op@@@@@@@@@@@@@@@@@@@@@@@@@@@@@@@@@@
Debug: sparse nonlocal_op@@@@@@@@@@@@@@@@@@@@@@@@@@@@@@@@@@
Debug: sparse nonlocal_op@@@@@@@@@@@@@@@@@@@@@@@@@@@@@@@@@@
Debug: sparse nonlocal_op@@@@@@@@@@@@@@@@@@@@@@@@@@@@@@@@@@
Debug: sparse nonlocal_op@@@@@@@@@@@@@@@@@@@@@@@@@@@@@@@@@@
Debug: sparse nonlocal_op@@@@@@@@@@@@@@@@@@@@@@@@@@@@@@@@@@
Debug: sparse nonlocal_op@@@@@@@@@@@@@@@@@@@@@@@@@@@@@@@@@@
Debug: sparse nonlocal_op@@@@@@@@@@@@@@@@@@@@@@@@@@@@@@@@@@
Debug: sparse nonlocal_op@@@@@@@@@@@@@@@@@@@@@@@@@@@@@@@@@@
Debug: sparse nonlocal_op@@@@@@@@@@@@@@@@@@@@@@@@@@@@@@@@@@
Debug: sparse nonlocal_op@@@@@@@@@@@@@@@@@@@@@@@@@@@@@@@@@@
Debug: sparse nonlocal_op@@@@@@@@@@@@@@@@@@@@@@@@@@@@@@@@@@
Debug: sparse nonlocal_op@@@@@@@@@@@@@@@@@@@@@@@@@@@@@@@@@@
Debug: sparse nonlocal_op@@@@@@@@@@@@@@@@@@@@@@@@@@@@@@@@@@
Debug: sparse nonlocal_op@@@@@@@@@@@@@@@@@@@@@@@@@@@@@@@@@@
Debug: sparse nonlocal_op@@@@@@@@@@@@@@@@@@@@@@@@@@@@@@@@@@
Debug: sparse nonlocal_op@@@@@@@@@@@@@@@@@@@@@@@@@@@@@@@@@@
Debug: sparse nonlocal_op@@@@@@@@@@@@@@@@@@@@@@@@@@@@@@@@@@
Debug: sparse nonlocal_op@@@@@@@@@@@@@@@@@@@@@@@@@@@@@@@@@@
Debug: sparse nonlocal_op@@@@@@@@@@@@@@@@@@@@@@@@@@@@@@@@@@
Debug: sparse nonlocal_op@@@@@@@@@@@@@@@@@@@@@@@@@@@@@@@@@@
Debug: sparse nonlocal_op@@@@@@@@@@@@@@@@@@@@@@@@@@@@@@@@@@
Debug: sparse nonlocal_op@@@@@@@@@@@@@@@@@@@@@@@@@@@@@@@@@@
Debug: sparse nonlocal_op@@@@@@@@@@@@@@@@@@@@@@@@@@@@@@@@@@
Debug: sparse nonlocal_op@@@@@@@@@@@@@@@@@@@@@@@@@@@@@@@@@@
Debug: sparse nonlocal_op@@@@@@@@@@@@@@@@@@@@@@@@@@@@@@@@@@
Debug: sparse nonlocal_op@@@@@@@@@@@@@@@@@@@@@@@@@@@@@@@@@@
Debug: sparse nonlocal_op@@@@@@@@@@@@@@@@@@@@@@@@@@@@@@@@@@
Debug: sparse nonlocal_op@@@@@@@@@@@@@@@@@@@@@@@@@@@@@@@@@@
Debug: sparse nonlocal_op@@@@@@@@@@@@@@@@@@@@@@@@@@@@@@@@@@
/home/jhwoo/programs/gospel/gospel/Eigensolver/Scipy.py:60: UserWarning: Exited at iteration 20 with accuracies 
[8.85347167e-08 9.34654278e-08 9.14716340e-08 6.94409735e-08
 8.24738436e-08 7.96251648e-08 8.85394874e-08 6.44516172e-08
 6.98753105e-08 6.38069960e-08 7.09969406e-08 6.50247291e-08
 6.45525699e-08 1.03738274e-07 6.41709363e-08 7.92374623e-08
 1.51800550e-03 1.29567632e-03 8.28114829e-04 2.20928631e-04]
not reaching the requested tolerance 1e-07.
  val, vec = lobpcg(
Debug: sparse nonlocal_op@@@@@@@@@@@@@@@@@@@@@@@@@@@@@@@@@@
Debug: sparse nonlocal_op@@@@@@@@@@@@@@@@@@@@@@@@@@@@@@@@@@
Debug: sparse nonlocal_op@@@@@@@@@@@@@@@@@@@@@@@@@@@@@@@@@@
Debug: sparse nonlocal_op@@@@@@@@@@@@@@@@@@@@@@@@@@@@@@@@@@
Debug: sparse nonlocal_op@@@@@@@@@@@@@@@@@@@@@@@@@@@@@@@@@@
Debug: sparse nonlocal_op@@@@@@@@@@@@@@@@@@@@@@@@@@@@@@@@@@
Debug: sparse nonlocal_op@@@@@@@@@@@@@@@@@@@@@@@@@@@@@@@@@@
Debug: sparse nonlocal_op@@@@@@@@@@@@@@@@@@@@@@@@@@@@@@@@@@
Debug: sparse nonlocal_op@@@@@@@@@@@@@@@@@@@@@@@@@@@@@@@@@@
Debug: sparse nonlocal_op@@@@@@@@@@@@@@@@@@@@@@@@@@@@@@@@@@
Elapsed time[calc_nonlocal_energy]: 0.04557991027832031 sec

============ Energy (Hartree) ============
|   Total Energy        : -33.7493899293 |
------------------------------------------
| * Ion-ion Energy      : 0.0            |
| * Eigenvals sum for 0 : -1.468320586   |
| * Hartree Energy      : 13.8925617183  |
| * XC Energy           : -12.388807571  |
| * Kinetic Energy      : 12.3798711931  |
| * External Energy     : -52.272131357  |
| * Non-local Energy    : 4.6391160873   |
==========================================
Elapsed time[calc_and_print_energies]: 0.09292292594909668 sec
Total Energy: -33.749389929284675 Ha
Fermi Level : 4.0559612697345235 eV
Gap: 0.641 eV
Transition (v -> c):
  (s=0, k=0, n=15, [0.00, 0.00, 0.00]) -> (s=0, k=0, n=16, [0.00, 0.00, 0.00])

* TOTAL TIME : 97.68899655342102 sec
