PyTucker is not installed. tucker_diagonalize will not be allowed
Date :  2022-05-09 17:19:44.096274

============================= [ Grid ] =============================
* cell     (Bohr) : 
[[10.261  0.     0.   ]
 [ 0.    10.261  0.   ]
 [ 0.     0.    10.261]]
* cell     (ang ) : 
[[5.43 0.   0.  ]
 [0.   5.43 0.  ]
 [0.   0.   5.43]]
* spacings (Bohr) : [0.466 0.466 0.466]
* spacings (ang ) : [0.247 0.247 0.247]
* gpts            : [22 22 22]
* ngpts           : 10648
* pbc             : [ True  True  True]
* FD_order        : 3
* center_point    : [5.13060643 5.13060643 5.13060643] (Bohr)
====================================================================


============================ [ Kpoint ] =============================
* kpts mesh : (2, 2, 2, 'gamma')
Print all k-points and mapping to irreducible k-points
  1 ->  1 : [0. 0. 0.]
  2 ->  2 : [0.5 0.  0. ]
  3 ->  2 : [0.  0.5 0. ]
  4 ->  4 : [0.5 0.5 0. ]
  5 ->  2 : [0.  0.  0.5]
  6 ->  4 : [0.5 0.  0.5]
  7 ->  4 : [0.  0.5 0.5]
  8 ->  8 : [0.5 0.5 0.5]

* nkpts   : 8
* nibzkpts: 4
=====================================================================

Warning: 'rho_cutoff'(=0.0) value is too large or small. 'rho_cutoff' is set to 20.0.
Elapsed time[_calc_energy_correction]: 0.020386457443237305 sec

=========================== [ Compensation ] ==========================
 symbol | r_gauss | r_short (Bohr) | r_comp (Bohr)
     Si |     1.0 |           3.47 |         3.672
=======================================================================

Elapsed time[calc_local_pot]: 0.04435372352600098 sec
KB projector non-zero ratio: 108.94064613072878 %

========================== [ KB_projector ] ==========================
* number of atoms : 8
* use_dense_proj  : False
 index | symbol | # of projectors
     0 |     Si |               4
     1 |     Si |               4
     2 |     Si |               4
     3 |     Si |               4
     4 |     Si |               4
     5 |     Si |               4
     6 |     Si |               4
     7 |     Si |               4
======================================================================

Elapsed time[create_Pseudopotential]: 0.39667677879333496 sec

========================= [ Pseudopotential ] =========================
* type      : NCPP
* upf       : 
    /appl/ACE-Molecule/DATA/PSEUDOPOTENTIALS_NC/Si.pbe-n-nc.UPF
* NLCC      : True
* use_comp  : True
* comp_grid : 0.1
* filtering : False
=======================================================================

'Poisson_ISF_python.py'
ISF_cutoff is set to [100 100 100].
ISF method is used for Poisson
* [0.05, 0.2] : 12 points
* [0.2, 0.4] : 12 points
* [0.4, 2.0] : 12 points
* [2.0, 500.0] : 12 points

============================= [ Poisson ] =============================
* type          : ISF
* use_fine_grid : False
* ISF_cutoff    : [100 100 100]
=======================================================================


========================== [ XC_Functional ] ==========================
* functional : ['gga_x_pbe' 'gga_c_pbe']
* weight     : [1. 1.]

Functional ID: 101
Functional Name: gga_x_pbe
Attributes:
    Name: Perdew, Burke & Ernzerhof
    Kind: 0
  Family: 2
Citations:
   J. P. Perdew, K. Burke, and M. Ernzerhof, Phys. Rev. Lett. 77, 3865 (1996)
   J. P. Perdew, K. Burke, and M. Ernzerhof, Phys. Rev. Lett. 78, 1396 (1997)
Functional ID: 130
Functional Name: gga_c_pbe
Attributes:
    Name: Perdew, Burke & Ernzerhof
    Kind: 1
  Family: 2
Citations:
   J. P. Perdew, K. Burke, and M. Ernzerhof, Phys. Rev. Lett. 77, 3865 (1996)
   J. P. Perdew, K. Burke, and M. Ernzerhof, Phys. Rev. Lett. 78, 1396 (1997)
=======================================================================


========================== [ Occupation ] ==========================
* smearing    : Fermi-Dirac
* temperature : 0.01
* nelec       : 32.0
* nspins      : 1
* nbands      : 20
* nkpts       : 8
====================================================================


========================== [ Preconditioner ] =========================
* type         : None
=======================================================================


======================= [ Eigensolver(Scipy) ] =======================
* scipy_type   : lobpcg
* convg_tol    : 1e-07
* maxiter      : 20
* verbosity    : 0
======================================================================

Elapsed time[calc_NLCC_core_density]: 0.04395151138305664 sec

============================ [ Density ] ===========================
* nelec         : 32.0
* nspins        : 1
* magmom        : 0.0
* fix_magmom    : True
* density guess : rhoatom
* orbital guess : None
* occ guess     : None
=====================================================================

===========================[ Input Parameters ]===========================
{'centered': False,
 'convergence': {'density_tol': 1e-05,
                 'energy_tol': 1e-06,
                 'orbital_energy_tol': 1e-05,
                 'scf_maxiter': 35},
 'eigensolver': None,
 'force': {'deriv_comp': True, 'deriv_density': False},
 'grid': {'FD_order': 3, 'gpts': None, 'spacing': 0.25},
 'init_guess': {'density': 'rhoatom', 'occ': None, 'orbital': None},
 'kpts': (2, 2, 2, 'gamma'),
 'kpts_and_weights': None,
 'mixing': {'history': 3,
            'parameter': 0.2,
            'pulay_beta': 0.3,
            'scheme': 'pulay',
            'what': 'density'},
 'nbands': None,
 'nelec': None,
 'occupation': {'MP_order': 2,
                'fix_magmom': True,
                'magmom': 0.0,
                'smearing': 'Fermi-Dirac',
                'temperature': 0.01},
 'output_file': None,
 'poisson': None,
 'pp': {'NLCC': True,
        'comp_grid': 0.1,
        'filtering': False,
        'num_near_cell': 1,
        'upf': ['/appl/ACE-Molecule/DATA/PSEUDOPOTENTIALS_NC/Si.pbe-n-nc.UPF'],
        'use_comp': True,
        'use_dense_proj': False},
 'precond_type': None,
 'print_energies': True,
 'spin': 'unpolarized',
 'symmetry': True,
 'verbose': 0,
 'xc': {'type': 'gga_x_pbe + gga_c_pbe', 'weight': None}}

* pbc                      : [ True  True  True]

* Positions of atoms (ang) :
Si : [0. 0. 0.]
Si : [1.3575 1.3575 1.3575]
Si : [0.    2.715 2.715]
Si : [1.3575 4.0725 4.0725]
Si : [2.715 0.    2.715]
Si : [4.0725 1.3575 4.0725]
Si : [2.715 2.715 0.   ]
Si : [4.0725 4.0725 1.3575]
==========================================================================
Elapsed time[initialize]: 0.7496280670166016 sec

============================ [ Mixing ] =============================
* what       : density
* scheme     : pulay
* parameter  : 0.2
* pulay_beta : 0.3
* history    : 3
=====================================================================


============================== [ SCF ] ==============================
* scf_maxiter        : 35
* energy_tol         : 1e-06
* density_tol        : 1e-05
* orbital_energy_tol : 1e-05
=====================================================================


==================== [ SCF CYCLE 1 ] ====================
WARNING!! method<Grid.spherical_to_grid()>: 'num_near_cell'(=1) is not sufficent to interpolate the effects of nearing cells.
WARNING!! method<Grid.spherical_to_grid()>: 'num_near_cell'(=1) is not sufficent to interpolate the effects of nearing cells.
WARNING!! method<Grid.spherical_to_grid()>: 'num_near_cell'(=1) is not sufficent to interpolate the effects of nearing cells.
WARNING!! method<Grid.spherical_to_grid()>: 'num_near_cell'(=1) is not sufficent to interpolate the effects of nearing cells.
WARNING!! method<Grid.spherical_to_grid()>: 'num_near_cell'(=1) is not sufficent to interpolate the effects of nearing cells.
WARNING!! method<Grid.spherical_to_grid()>: 'num_near_cell'(=1) is not sufficent to interpolate the effects of nearing cells.
WARNING!! method<Grid.spherical_to_grid()>: 'num_near_cell'(=1) is not sufficent to interpolate the effects of nearing cells.
WARNING!! method<Grid.spherical_to_grid()>: 'num_near_cell'(=1) is not sufficent to interpolate the effects of nearing cells.
WARNING!! method<Grid.spherical_to_grid()>: 'num_near_cell'(=1) is not sufficent to interpolate the effects of nearing cells.
WARNING!! method<Grid.spherical_to_grid()>: 'num_near_cell'(=1) is not sufficent to interpolate the effects of nearing cells.
WARNING!! method<Grid.spherical_to_grid()>: 'num_near_cell'(=1) is not sufficent to interpolate the effects of nearing cells.
WARNING!! method<Grid.spherical_to_grid()>: 'num_near_cell'(=1) is not sufficent to interpolate the effects of nearing cells.
WARNING!! method<Grid.spherical_to_grid()>: 'num_near_cell'(=1) is not sufficent to interpolate the effects of nearing cells.
WARNING!! method<Grid.spherical_to_grid()>: 'num_near_cell'(=1) is not sufficent to interpolate the effects of nearing cells.
WARNING!! method<Grid.spherical_to_grid()>: 'num_near_cell'(=1) is not sufficent to interpolate the effects of nearing cells.
WARNING!! method<Grid.spherical_to_grid()>: 'num_near_cell'(=1) is not sufficent to interpolate the effects of nearing cells.
WARNING!! method<Grid.spherical_to_grid()>: 'num_near_cell'(=1) is not sufficent to interpolate the effects of nearing cells.
WARNING!! method<Grid.spherical_to_grid()>: 'num_near_cell'(=1) is not sufficent to interpolate the effects of nearing cells.
WARNING!! method<Grid.spherical_to_grid()>: 'num_near_cell'(=1) is not sufficent to interpolate the effects of nearing cells.
WARNING!! method<Grid.spherical_to_grid()>: 'num_near_cell'(=1) is not sufficent to interpolate the effects of nearing cells.
WARNING!! method<Grid.spherical_to_grid()>: 'num_near_cell'(=1) is not sufficent to interpolate the effects of nearing cells.
WARNING!! method<Grid.spherical_to_grid()>: 'num_near_cell'(=1) is not sufficent to interpolate the effects of nearing cells.
WARNING!! method<Grid.spherical_to_grid()>: 'num_near_cell'(=1) is not sufficent to interpolate the effects of nearing cells.
WARNING!! method<Grid.spherical_to_grid()>: 'num_near_cell'(=1) is not sufficent to interpolate the effects of nearing cells.
WARNING!! method<Grid.spherical_to_grid()>: 'num_near_cell'(=1) is not sufficent to interpolate the effects of nearing cells.
WARNING!! method<Grid.spherical_to_grid()>: 'num_near_cell'(=1) is not sufficent to interpolate the effects of nearing cells.
WARNING!! method<Grid.spherical_to_grid()>: 'num_near_cell'(=1) is not sufficent to interpolate the effects of nearing cells.
WARNING!! method<Grid.spherical_to_grid()>: 'num_near_cell'(=1) is not sufficent to interpolate the effects of nearing cells.
WARNING!! method<Grid.spherical_to_grid()>: 'num_near_cell'(=1) is not sufficent to interpolate the effects of nearing cells.
WARNING!! method<Grid.spherical_to_grid()>: 'num_near_cell'(=1) is not sufficent to interpolate the effects of nearing cells.
WARNING!! method<Grid.spherical_to_grid()>: 'num_near_cell'(=1) is not sufficent to interpolate the effects of nearing cells.
WARNING!! method<Grid.spherical_to_grid()>: 'num_near_cell'(=1) is not sufficent to interpolate the effects of nearing cells.
WARNING!! method<Grid.spherical_to_grid()>: 'num_near_cell'(=1) is not sufficent to interpolate the effects of nearing cells.
WARNING!! method<Grid.spherical_to_grid()>: 'num_near_cell'(=1) is not sufficent to interpolate the effects of nearing cells.
WARNING!! method<Grid.spherical_to_grid()>: 'num_near_cell'(=1) is not sufficent to interpolate the effects of nearing cells.
WARNING!! method<Grid.spherical_to_grid()>: 'num_near_cell'(=1) is not sufficent to interpolate the effects of nearing cells.
WARNING!! method<Grid.spherical_to_grid()>: 'num_near_cell'(=1) is not sufficent to interpolate the effects of nearing cells.
WARNING!! method<Grid.spherical_to_grid()>: 'num_near_cell'(=1) is not sufficent to interpolate the effects of nearing cells.
WARNING!! method<Grid.spherical_to_grid()>: 'num_near_cell'(=1) is not sufficent to interpolate the effects of nearing cells.
WARNING!! method<Grid.spherical_to_grid()>: 'num_near_cell'(=1) is not sufficent to interpolate the effects of nearing cells.
WARNING!! method<Grid.spherical_to_grid()>: 'num_near_cell'(=1) is not sufficent to interpolate the effects of nearing cells.
WARNING!! method<Grid.spherical_to_grid()>: 'num_near_cell'(=1) is not sufficent to interpolate the effects of nearing cells.
integral of init_density :  31.9999019697413
Integral of density (=31.9999019697413) is normalized to 32.0
Elapsed time[compute_potential]: 0.006765842437744141 sec
Elapsed time[compute]: 0.6014931201934814 sec
Elapsed time[_get_mixed_var]: 5.9604644775390625e-06 sec
Debug: sparse nonlocal_op@@@@@@@@@@@@@@@@@@@@@@@@@@@@@@@@@@
Debug: sparse nonlocal_op@@@@@@@@@@@@@@@@@@@@@@@@@@@@@@@@@@
Debug: sparse nonlocal_op@@@@@@@@@@@@@@@@@@@@@@@@@@@@@@@@@@
Debug: sparse nonlocal_op@@@@@@@@@@@@@@@@@@@@@@@@@@@@@@@@@@
Elapsed time[diagonalize]: 6.292938709259033 sec

[ PRINT EIGENVALUES ]
( spin alpha )
* 1 th kpt (=[0. 0. 0.])
num        occ        value
1          2.0        -0.3190953900561643
2          2.0        -0.1610122101693778
3          2.0        -0.160024249849145
4          2.0        -0.14444170449643398
5          2.0        -0.13305631811527308
6          2.0        -0.13088249867337573
7          2.0        -0.064883081721028
8          2.0        0.028695265629188577
9          2.0        0.0358063809717182
10         2.0        0.05834699202629779
11         2.0        0.07769486689001846
12         2.0        0.1050554405941863
13         2.0        0.16126402427618994
14         2.0        0.18051233792219387
15         2.0        0.19049758247323098
16         2.0        0.22764642235971175
17         2.0        0.2380941433606494
18         0.0        0.25945841093649197
19         0.0        0.34873136233054813
20         0.0        0.41743135996809994


* 2 th kpt (=[0.5 0.  0. ])
num        occ        value
1          6.0        -0.27964568946759205
2          6.0        -0.2643350847551074
3          6.0        -0.15004965000561538
4          6.0        -0.1488548888482
5          6.0        -0.14638991113030478
6          6.0        -0.1033355705408659
7          6.0        -0.005224706685448719
8          6.0        0.0023312987154923545
9          6.0        0.01209905627494398
10         6.0        0.02404683425320341
11         6.0        0.06047157546813198
12         6.0        0.08082440741782838
13         6.0        0.10366202409767158
14         6.0        0.12540687372917972
15         6.0        0.1841674904527553
16         6.0        0.21236775937920055
17         0.0        0.2600714050651005
18         0.0        0.30130954290693424
19         0.0        0.3351997834275593
20         0.0        0.3549346658953386


* 3 th kpt (=[0.5 0.5 0. ])
num        occ        value
1          6.0        -0.24452287993229352
2          6.0        -0.23373029334087786
3          6.0        -0.22779966823141962
4          6.0        -0.21187824557044735
5          6.0        -0.0651418686741447
6          6.0        -0.058826104586174
7          6.0        -0.05169322179071825
8          6.0        -0.027220551010944
9          6.0        0.014465797829622028
10         6.0        0.02582545251375198
11         6.0        0.041001032497760846
12         6.0        0.059150682445328555
13         6.0        0.12029534578103875
14         6.0        0.16266129821911207
15         6.0        0.1916871891592948
16         2.0000006  0.25696507330899654
17         0.0        0.2993122551703933
18         0.0        0.32282980578216536
19         0.0        0.3640962189944445
20         0.0        0.3847272871253265


* 4 th kpt (=[0.5 0.5 0.5])
num        occ        value
1          2.0        -0.23278279598873708
2          2.0        -0.22162741495470978
3          2.0        -0.2147688999104294
4          2.0        -0.2035427608751007
5          2.0        -0.12844504897415795
6          2.0        -0.12189604831335715
7          2.0        -0.11734995566614827
8          2.0        -0.08576624054970397
9          2.0        0.09128354438661186
10         2.0        0.0967239263192786
11         2.0        0.09996603087056886
12         2.0        0.1212001821761604
13         2.0        0.13784616026676486
14         2.0        0.16869992614876453
15         2.0        0.1988934958582976
16         2.0        0.22145149354129487
17         2.0        0.2455707584120466
18         0.0        0.28475001634986913
19         0.0        0.3066150839793035
20         0.0        0.3232884302368643


Integral of density (=32.000000071192034) is normalized to 31.999999999999993
Orbital energy difference = -0.47297828659203456
Density difference (relative) = 0.1043095927792866
Elapsed time[calc_external_energy]: 8.893013000488281e-05 sec
Debug: sparse nonlocal_op@@@@@@@@@@@@@@@@@@@@@@@@@@@@@@@@@@
Debug: sparse nonlocal_op@@@@@@@@@@@@@@@@@@@@@@@@@@@@@@@@@@
Debug: sparse nonlocal_op@@@@@@@@@@@@@@@@@@@@@@@@@@@@@@@@@@
Debug: sparse nonlocal_op@@@@@@@@@@@@@@@@@@@@@@@@@@@@@@@@@@
Debug: sparse nonlocal_op@@@@@@@@@@@@@@@@@@@@@@@@@@@@@@@@@@
Debug: sparse nonlocal_op@@@@@@@@@@@@@@@@@@@@@@@@@@@@@@@@@@
Debug: sparse nonlocal_op@@@@@@@@@@@@@@@@@@@@@@@@@@@@@@@@@@
Debug: sparse nonlocal_op@@@@@@@@@@@@@@@@@@@@@@@@@@@@@@@@@@
Debug: sparse nonlocal_op@@@@@@@@@@@@@@@@@@@@@@@@@@@@@@@@@@
Debug: sparse nonlocal_op@@@@@@@@@@@@@@@@@@@@@@@@@@@@@@@@@@
Debug: sparse nonlocal_op@@@@@@@@@@@@@@@@@@@@@@@@@@@@@@@@@@
Debug: sparse nonlocal_op@@@@@@@@@@@@@@@@@@@@@@@@@@@@@@@@@@
Debug: sparse nonlocal_op@@@@@@@@@@@@@@@@@@@@@@@@@@@@@@@@@@
Debug: sparse nonlocal_op@@@@@@@@@@@@@@@@@@@@@@@@@@@@@@@@@@
Debug: sparse nonlocal_op@@@@@@@@@@@@@@@@@@@@@@@@@@@@@@@@@@
Debug: sparse nonlocal_op@@@@@@@@@@@@@@@@@@@@@@@@@@@@@@@@@@
Debug: sparse nonlocal_op@@@@@@@@@@@@@@@@@@@@@@@@@@@@@@@@@@
Debug: sparse nonlocal_op@@@@@@@@@@@@@@@@@@@@@@@@@@@@@@@@@@
Debug: sparse nonlocal_op@@@@@@@@@@@@@@@@@@@@@@@@@@@@@@@@@@
Debug: sparse nonlocal_op@@@@@@@@@@@@@@@@@@@@@@@@@@@@@@@@@@
Debug: sparse nonlocal_op@@@@@@@@@@@@@@@@@@@@@@@@@@@@@@@@@@
Debug: sparse nonlocal_op@@@@@@@@@@@@@@@@@@@@@@@@@@@@@@@@@@
Debug: sparse nonlocal_op@@@@@@@@@@@@@@@@@@@@@@@@@@@@@@@@@@
Debug: sparse nonlocal_op@@@@@@@@@@@@@@@@@@@@@@@@@@@@@@@@@@
Debug: sparse nonlocal_op@@@@@@@@@@@@@@@@@@@@@@@@@@@@@@@@@@
Debug: sparse nonlocal_op@@@@@@@@@@@@@@@@@@@@@@@@@@@@@@@@@@
Debug: sparse nonlocal_op@@@@@@@@@@@@@@@@@@@@@@@@@@@@@@@@@@
Debug: sparse nonlocal_op@@@@@@@@@@@@@@@@@@@@@@@@@@@@@@@@@@
Debug: sparse nonlocal_op@@@@@@@@@@@@@@@@@@@@@@@@@@@@@@@@@@
Debug: sparse nonlocal_op@@@@@@@@@@@@@@@@@@@@@@@@@@@@@@@@@@
Debug: sparse nonlocal_op@@@@@@@@@@@@@@@@@@@@@@@@@@@@@@@@@@
Debug: sparse nonlocal_op@@@@@@@@@@@@@@@@@@@@@@@@@@@@@@@@@@
Debug: sparse nonlocal_op@@@@@@@@@@@@@@@@@@@@@@@@@@@@@@@@@@
Debug: sparse nonlocal_op@@@@@@@@@@@@@@@@@@@@@@@@@@@@@@@@@@
Debug: sparse nonlocal_op@@@@@@@@@@@@@@@@@@@@@@@@@@@@@@@@@@
Debug: sparse nonlocal_op@@@@@@@@@@@@@@@@@@@@@@@@@@@@@@@@@@
Debug: sparse nonlocal_op@@@@@@@@@@@@@@@@@@@@@@@@@@@@@@@@@@
Debug: sparse nonlocal_op@@@@@@@@@@@@@@@@@@@@@@@@@@@@@@@@@@
Debug: sparse nonlocal_op@@@@@@@@@@@@@@@@@@@@@@@@@@@@@@@@@@
Debug: sparse nonlocal_op@@@@@@@@@@@@@@@@@@@@@@@@@@@@@@@@@@
Debug: sparse nonlocal_op@@@@@@@@@@@@@@@@@@@@@@@@@@@@@@@@@@
Debug: sparse nonlocal_op@@@@@@@@@@@@@@@@@@@@@@@@@@@@@@@@@@
Debug: sparse nonlocal_op@@@@@@@@@@@@@@@@@@@@@@@@@@@@@@@@@@
Debug: sparse nonlocal_op@@@@@@@@@@@@@@@@@@@@@@@@@@@@@@@@@@
Debug: sparse nonlocal_op@@@@@@@@@@@@@@@@@@@@@@@@@@@@@@@@@@
Debug: sparse nonlocal_op@@@@@@@@@@@@@@@@@@@@@@@@@@@@@@@@@@
Debug: sparse nonlocal_op@@@@@@@@@@@@@@@@@@@@@@@@@@@@@@@@@@
Debug: sparse nonlocal_op@@@@@@@@@@@@@@@@@@@@@@@@@@@@@@@@@@
Debug: sparse nonlocal_op@@@@@@@@@@@@@@@@@@@@@@@@@@@@@@@@@@
Debug: sparse nonlocal_op@@@@@@@@@@@@@@@@@@@@@@@@@@@@@@@@@@
Debug: sparse nonlocal_op@@@@@@@@@@@@@@@@@@@@@@@@@@@@@@@@@@
Debug: sparse nonlocal_op@@@@@@@@@@@@@@@@@@@@@@@@@@@@@@@@@@
Debug: sparse nonlocal_op@@@@@@@@@@@@@@@@@@@@@@@@@@@@@@@@@@
Debug: sparse nonlocal_op@@@@@@@@@@@@@@@@@@@@@@@@@@@@@@@@@@
Debug: sparse nonlocal_op@@@@@@@@@@@@@@@@@@@@@@@@@@@@@@@@@@
Debug: sparse nonlocal_op@@@@@@@@@@@@@@@@@@@@@@@@@@@@@@@@@@
Debug: sparse nonlocal_op@@@@@@@@@@@@@@@@@@@@@@@@@@@@@@@@@@
Debug: sparse nonlocal_op@@@@@@@@@@@@@@@@@@@@@@@@@@@@@@@@@@
Debug: sparse nonlocal_op@@@@@@@@@@@@@@@@@@@@@@@@@@@@@@@@@@
Debug: sparse nonlocal_op@@@@@@@@@@@@@@@@@@@@@@@@@@@@@@@@@@
Debug: sparse nonlocal_op@@@@@@@@@@@@@@@@@@@@@@@@@@@@@@@@@@
Debug: sparse nonlocal_op@@@@@@@@@@@@@@@@@@@@@@@@@@@@@@@@@@
Debug: sparse nonlocal_op@@@@@@@@@@@@@@@@@@@@@@@@@@@@@@@@@@
Debug: sparse nonlocal_op@@@@@@@@@@@@@@@@@@@@@@@@@@@@@@@@@@
Debug: sparse nonlocal_op@@@@@@@@@@@@@@@@@@@@@@@@@@@@@@@@@@
Debug: sparse nonlocal_op@@@@@@@@@@@@@@@@@@@@@@@@@@@@@@@@@@
Elapsed time[calc_nonlocal_energy]: 0.02191925048828125 sec

============ Energy (Hartree) ============
|   Total Energy        : -37.1259873516 |
------------------------------------------
| * Ion-ion Energy      : 0.0            |
| * Eigenvals sum for 0 : -0.4729782866  |
| * Hartree Energy      : 13.8840236029  |
| * XC Energy           : -17.220891505  |
| * Kinetic Energy      : 13.69201238    |
| * External Energy     : -54.6049040348 |
| * Non-local Energy    : 7.1237722052   |
==========================================
Elapsed time[calc_and_print_energies]: 0.07168865203857422 sec
Total energy difference = -37.12598735164168 Hartree
Elapsed time for 1 th cycle: 7.314811706542969 sec

==================== [ END CYCLE 1 ] ====================
Elapsed time[_get_mixed_var]: 4.315376281738281e-05 sec
Elapsed time[compute_potential]: 0.007248640060424805 sec
Elapsed time[compute]: 0.020409822463989258 sec

==================== [ SCF CYCLE 2 ] ====================
Debug: sparse nonlocal_op@@@@@@@@@@@@@@@@@@@@@@@@@@@@@@@@@@
Debug: sparse nonlocal_op@@@@@@@@@@@@@@@@@@@@@@@@@@@@@@@@@@
Debug: sparse nonlocal_op@@@@@@@@@@@@@@@@@@@@@@@@@@@@@@@@@@
Debug: sparse nonlocal_op@@@@@@@@@@@@@@@@@@@@@@@@@@@@@@@@@@
Elapsed time[diagonalize]: 6.142348289489746 sec

[ PRINT EIGENVALUES ]
( spin alpha )
* 1 th kpt (=[0. 0. 0.])
num        occ        value
1          2.0        -0.31778952676857813
2          2.0        -0.16998747240578607
3          2.0        -0.1692608691134668
4          2.0        -0.16838790357942165
5          2.0        -0.16521712012020157
6          2.0        -0.1644465543096205
7          2.0        -0.16339009097647875
8          2.0        0.01580525528410613
9          2.0        0.016615342621445716
10         2.0        0.01746942308313753
11         2.0        0.018492081646991187
12         2.0        0.019055333887883993
13         2.0        0.019636208166664258
14         2.0        0.11960395367990395
15         2.0        0.12555098373053164
16         2.0        0.1292052776953435
17         0.0        0.15377280287648676
18         0.0        0.15474281636350426
19         0.0        0.15628815373116242
20         0.0        0.16105915569686857


* 2 th kpt (=[0.5 0.  0. ])
num        occ        value
1          6.0        -0.2800080768038565
2          6.0        -0.27660578248698553
3          6.0        -0.16358751791888262
4          6.0        -0.16224475677735137
5          6.0        -0.16074215013072818
6          6.0        -0.15833506124065083
7          6.0        -0.017668538551856135
8          6.0        -0.017000500004230354
9          6.0        -0.016781457062133156
10         6.0        -0.016526018487822494
11         6.0        -0.009818342313842068
12         6.0        -0.009419325700987694
13         6.0        0.05080365630601187
14         6.0        0.051363971426242036
15         6.0        0.053698941953770674
16         6.0        0.05514775688687683
17         0.0        0.1682364179551335
18         0.0        0.1714395979538855
19         0.0        0.25382008570222414
20         0.0        0.27412967504400804


* 3 th kpt (=[0.5 0.5 0. ])
num        occ        value
1          6.0        -0.24757659898023207
2          6.0        -0.2438258400698249
3          6.0        -0.24189402324255876
4          6.0        -0.24025036344030531
5          6.0        -0.08203348599446499
6          6.0        -0.08132115056255747
7          6.0        -0.08092798152283269
8          6.0        -0.08000293745562015
9          6.0        -0.014470683415763566
10         6.0        -0.01385738631646118
11         6.0        -0.013199116695997099
12         6.0        -0.01200088395601931
13         6.0        0.07043186193509834
14         6.0        0.07159215489265221
15         6.0        0.07335768808402769
16         6.0        0.07602661175777045
17         0.0        0.21625312120892032
18         0.0        0.21951550100744388
19         0.0        0.229486211813688
20         0.0        0.2564405927050125


* 4 th kpt (=[0.5 0.5 0.5])
num        occ        value
1          2.0        -0.23738880294711676
2          2.0        -0.23411992227715028
3          2.0        -0.2322462866447875
4          2.0        -0.22999549765469177
5          2.0        -0.1339491429039452
6          2.0        -0.13331097835807498
7          2.0        -0.13236151051395065
8          2.0        -0.13157780653963086
9          2.0        0.07333779187737945
10         2.0        0.07391880017847322
11         2.0        0.07540787135752107
12         2.0        0.07586036704855191
13         2.0        0.07704511840241168
14         2.0        0.07788196432509596
15         2.0        0.07973266465089393
16         2.0        0.0811882814072736
17         0.0        0.17855940490246863
18         0.0        0.18202661233742679
19         0.0        0.1856624850541482
20         0.0        0.20172112700897232


Integral of density (=32.00000000000001) is normalized to 32.0
Orbital energy difference = -1.5521839068424246
Density difference (relative) = 0.15207689428690946
Elapsed time[calc_external_energy]: 7.557868957519531e-05 sec
Debug: sparse nonlocal_op@@@@@@@@@@@@@@@@@@@@@@@@@@@@@@@@@@
Debug: sparse nonlocal_op@@@@@@@@@@@@@@@@@@@@@@@@@@@@@@@@@@
Debug: sparse nonlocal_op@@@@@@@@@@@@@@@@@@@@@@@@@@@@@@@@@@
Debug: sparse nonlocal_op@@@@@@@@@@@@@@@@@@@@@@@@@@@@@@@@@@
Debug: sparse nonlocal_op@@@@@@@@@@@@@@@@@@@@@@@@@@@@@@@@@@
Debug: sparse nonlocal_op@@@@@@@@@@@@@@@@@@@@@@@@@@@@@@@@@@
Debug: sparse nonlocal_op@@@@@@@@@@@@@@@@@@@@@@@@@@@@@@@@@@
Debug: sparse nonlocal_op@@@@@@@@@@@@@@@@@@@@@@@@@@@@@@@@@@
Debug: sparse nonlocal_op@@@@@@@@@@@@@@@@@@@@@@@@@@@@@@@@@@
Debug: sparse nonlocal_op@@@@@@@@@@@@@@@@@@@@@@@@@@@@@@@@@@
Debug: sparse nonlocal_op@@@@@@@@@@@@@@@@@@@@@@@@@@@@@@@@@@
Debug: sparse nonlocal_op@@@@@@@@@@@@@@@@@@@@@@@@@@@@@@@@@@
Debug: sparse nonlocal_op@@@@@@@@@@@@@@@@@@@@@@@@@@@@@@@@@@
Debug: sparse nonlocal_op@@@@@@@@@@@@@@@@@@@@@@@@@@@@@@@@@@
Debug: sparse nonlocal_op@@@@@@@@@@@@@@@@@@@@@@@@@@@@@@@@@@
Debug: sparse nonlocal_op@@@@@@@@@@@@@@@@@@@@@@@@@@@@@@@@@@
Debug: sparse nonlocal_op@@@@@@@@@@@@@@@@@@@@@@@@@@@@@@@@@@
Debug: sparse nonlocal_op@@@@@@@@@@@@@@@@@@@@@@@@@@@@@@@@@@
Debug: sparse nonlocal_op@@@@@@@@@@@@@@@@@@@@@@@@@@@@@@@@@@
Debug: sparse nonlocal_op@@@@@@@@@@@@@@@@@@@@@@@@@@@@@@@@@@
Debug: sparse nonlocal_op@@@@@@@@@@@@@@@@@@@@@@@@@@@@@@@@@@
Debug: sparse nonlocal_op@@@@@@@@@@@@@@@@@@@@@@@@@@@@@@@@@@
Debug: sparse nonlocal_op@@@@@@@@@@@@@@@@@@@@@@@@@@@@@@@@@@
Debug: sparse nonlocal_op@@@@@@@@@@@@@@@@@@@@@@@@@@@@@@@@@@
Debug: sparse nonlocal_op@@@@@@@@@@@@@@@@@@@@@@@@@@@@@@@@@@
Debug: sparse nonlocal_op@@@@@@@@@@@@@@@@@@@@@@@@@@@@@@@@@@
Debug: sparse nonlocal_op@@@@@@@@@@@@@@@@@@@@@@@@@@@@@@@@@@
Debug: sparse nonlocal_op@@@@@@@@@@@@@@@@@@@@@@@@@@@@@@@@@@
Debug: sparse nonlocal_op@@@@@@@@@@@@@@@@@@@@@@@@@@@@@@@@@@
Debug: sparse nonlocal_op@@@@@@@@@@@@@@@@@@@@@@@@@@@@@@@@@@
Debug: sparse nonlocal_op@@@@@@@@@@@@@@@@@@@@@@@@@@@@@@@@@@
Debug: sparse nonlocal_op@@@@@@@@@@@@@@@@@@@@@@@@@@@@@@@@@@
Debug: sparse nonlocal_op@@@@@@@@@@@@@@@@@@@@@@@@@@@@@@@@@@
Debug: sparse nonlocal_op@@@@@@@@@@@@@@@@@@@@@@@@@@@@@@@@@@
Debug: sparse nonlocal_op@@@@@@@@@@@@@@@@@@@@@@@@@@@@@@@@@@
Debug: sparse nonlocal_op@@@@@@@@@@@@@@@@@@@@@@@@@@@@@@@@@@
Debug: sparse nonlocal_op@@@@@@@@@@@@@@@@@@@@@@@@@@@@@@@@@@
Debug: sparse nonlocal_op@@@@@@@@@@@@@@@@@@@@@@@@@@@@@@@@@@
Debug: sparse nonlocal_op@@@@@@@@@@@@@@@@@@@@@@@@@@@@@@@@@@
Debug: sparse nonlocal_op@@@@@@@@@@@@@@@@@@@@@@@@@@@@@@@@@@
Debug: sparse nonlocal_op@@@@@@@@@@@@@@@@@@@@@@@@@@@@@@@@@@
Debug: sparse nonlocal_op@@@@@@@@@@@@@@@@@@@@@@@@@@@@@@@@@@
Debug: sparse nonlocal_op@@@@@@@@@@@@@@@@@@@@@@@@@@@@@@@@@@
Debug: sparse nonlocal_op@@@@@@@@@@@@@@@@@@@@@@@@@@@@@@@@@@
Debug: sparse nonlocal_op@@@@@@@@@@@@@@@@@@@@@@@@@@@@@@@@@@
Debug: sparse nonlocal_op@@@@@@@@@@@@@@@@@@@@@@@@@@@@@@@@@@
Debug: sparse nonlocal_op@@@@@@@@@@@@@@@@@@@@@@@@@@@@@@@@@@
Debug: sparse nonlocal_op@@@@@@@@@@@@@@@@@@@@@@@@@@@@@@@@@@
Debug: sparse nonlocal_op@@@@@@@@@@@@@@@@@@@@@@@@@@@@@@@@@@
Debug: sparse nonlocal_op@@@@@@@@@@@@@@@@@@@@@@@@@@@@@@@@@@
Debug: sparse nonlocal_op@@@@@@@@@@@@@@@@@@@@@@@@@@@@@@@@@@
Debug: sparse nonlocal_op@@@@@@@@@@@@@@@@@@@@@@@@@@@@@@@@@@
Debug: sparse nonlocal_op@@@@@@@@@@@@@@@@@@@@@@@@@@@@@@@@@@
Debug: sparse nonlocal_op@@@@@@@@@@@@@@@@@@@@@@@@@@@@@@@@@@
Debug: sparse nonlocal_op@@@@@@@@@@@@@@@@@@@@@@@@@@@@@@@@@@
Debug: sparse nonlocal_op@@@@@@@@@@@@@@@@@@@@@@@@@@@@@@@@@@
Debug: sparse nonlocal_op@@@@@@@@@@@@@@@@@@@@@@@@@@@@@@@@@@
Debug: sparse nonlocal_op@@@@@@@@@@@@@@@@@@@@@@@@@@@@@@@@@@
Debug: sparse nonlocal_op@@@@@@@@@@@@@@@@@@@@@@@@@@@@@@@@@@
Debug: sparse nonlocal_op@@@@@@@@@@@@@@@@@@@@@@@@@@@@@@@@@@
Debug: sparse nonlocal_op@@@@@@@@@@@@@@@@@@@@@@@@@@@@@@@@@@
Debug: sparse nonlocal_op@@@@@@@@@@@@@@@@@@@@@@@@@@@@@@@@@@
Debug: sparse nonlocal_op@@@@@@@@@@@@@@@@@@@@@@@@@@@@@@@@@@
Debug: sparse nonlocal_op@@@@@@@@@@@@@@@@@@@@@@@@@@@@@@@@@@
Elapsed time[calc_nonlocal_energy]: 0.02115035057067871 sec

============ Energy (Hartree) ============
|   Total Energy        : -38.411871339  |
------------------------------------------
| * Ion-ion Energy      : 0.0            |
| * Eigenvals sum for 0 : -2.0251621934  |
| * Hartree Energy      : 13.7310661899  |
| * XC Energy           : -17.2281606666 |
| * Kinetic Energy      : 12.4968112908  |
| * External Energy     : -54.5410856566 |
| * Non-local Energy    : 7.1294975034   |
==========================================
Elapsed time[calc_and_print_energies]: 0.06851530075073242 sec
Total energy difference = -1.2858839874060095 Hartree
Elapsed time for 2 th cycle: 6.2234508991241455 sec

==================== [ END CYCLE 2 ] ====================
Elapsed time[_get_mixed_var]: 4.267692565917969e-05 sec
Elapsed time[compute_potential]: 0.0072994232177734375 sec
Elapsed time[compute]: 0.02052474021911621 sec

==================== [ SCF CYCLE 3 ] ====================
Debug: sparse nonlocal_op@@@@@@@@@@@@@@@@@@@@@@@@@@@@@@@@@@
Debug: sparse nonlocal_op@@@@@@@@@@@@@@@@@@@@@@@@@@@@@@@@@@
Debug: sparse nonlocal_op@@@@@@@@@@@@@@@@@@@@@@@@@@@@@@@@@@
Debug: sparse nonlocal_op@@@@@@@@@@@@@@@@@@@@@@@@@@@@@@@@@@
Elapsed time[diagonalize]: 6.176453113555908 sec

[ PRINT EIGENVALUES ]
( spin alpha )
* 1 th kpt (=[0. 0. 0.])
num        occ        value
1          2.0        -0.31429132806166943
2          2.0        -0.16472330731423776
3          2.0        -0.16409890485192682
4          2.0        -0.1632691364201945
5          2.0        -0.16261299808585913
6          2.0        -0.1615366430913677
7          2.0        -0.1609174638134098
8          2.0        0.020292932935715838
9          2.0        0.020456053351810777
10         2.0        0.020984893255324603
11         2.0        0.02110788037373288
12         2.0        0.021662215871831154
13         2.0        0.021955883894808632
14         2.0        0.12291124636107358
15         2.0        0.1234326696092882
16         2.0        0.12399892517158247
17         0.0        0.1552441490364527
18         0.0        0.15549779733611163
19         0.0        0.15602289480924836
20         0.0        0.15726790074183233


* 2 th kpt (=[0.5 0.  0. ])
num        occ        value
1          6.0        -0.275178423424875
2          6.0        -0.2742225359740181
3          6.0        -0.15848573030631677
4          6.0        -0.15793525005259587
5          6.0        -0.15645991752803526
6          6.0        -0.155746958764042
7          6.0        -0.014484325413536886
8          6.0        -0.014203885642295706
9          6.0        -0.014089988041784554
10         6.0        -0.013863573854181974
11         6.0        -0.00593484259986044
12         6.0        -0.005852671121534378
13         6.0        0.055447351497962906
14         6.0        0.05561159108413979
15         6.0        0.05629007636197897
16         6.0        0.05664000823254682
17         0.0        0.17027720851113753
18         0.0        0.17069002279822212
19         0.0        0.24520157411855148
20         0.0        0.2485605488699106


* 3 th kpt (=[0.5 0.5 0. ])
num        occ        value
1          6.0        -0.2412982672207656
2          6.0        -0.24000487264522055
3          6.0        -0.23881819198515705
4          6.0        -0.2384606432742954
5          6.0        -0.07772262442422152
6          6.0        -0.07714032653598432
7          6.0        -0.07694623383007261
8          6.0        -0.07643864805311265
9          6.0        -0.011190158940931458
10         6.0        -0.01094748221811398
11         6.0        -0.0105036283482086
12         6.0        -0.010070097980024426
13         6.0        0.07489638049867173
14         6.0        0.0753480774158127
15         6.0        0.07588902052231733
16         6.0        0.07726391159971942
17         0.0        0.2176119453811588
18         0.0        0.21779894553145826
19         0.0        0.21840411308034574
20         0.0        0.2203125713765604


* 4 th kpt (=[0.5 0.5 0.5])
num        occ        value
1          2.0        -0.23101153434414867
2          2.0        -0.2298364693822968
3          2.0        -0.22909954744544367
4          2.0        -0.2279795346069213
5          2.0        -0.13041105666874384
6          2.0        -0.13003236044465546
7          2.0        -0.12942152799202422
8          2.0        -0.1290780409316426
9          2.0        0.07897152069769599
10         2.0        0.07911119159113696
11         2.0        0.07964560742470925
12         2.0        0.07988241611949015
13         2.0        0.0804103159305171
14         2.0        0.08053401343566301
15         2.0        0.08136051129561678
16         2.0        0.08208151323884916
17         0.0        0.18119424985497135
18         0.0        0.18177493422969748
19         0.0        0.18198834435692232
20         0.0        0.18274022892449607


/home/jhwoo/.conda/envs/GOSPEL_torch/lib/python3.8/site-packages/scipy/sparse/_index.py:146: SparseEfficiencyWarning: Changing the sparsity structure of a csr_matrix is expensive. lil_matrix is more efficient.
  self._set_arrayXarray(i, j, x)
/home/jhwoo/programs/gospel/gospel/Eigensolver/Scipy.py:60: UserWarning: Exited at iteration 20 with accuracies 
[0.00213367 0.16593558 0.17828433 0.24969295 0.31392149 0.30524892
 0.46134802 0.18848353 0.22953743 0.3299399  0.34912835 0.32245775
 0.288266   0.33903719 0.3609742  0.459762   0.52219548 0.50796758
 0.62504122 0.04463955]
not reaching the requested tolerance 1e-07.
  val, vec = lobpcg(
/home/jhwoo/programs/gospel/gospel/Eigensolver/Scipy.py:60: UserWarning: Exited at iteration 20 with accuracies 
[0.01482645+0.j 0.22935033+0.j 0.19464038+0.j 0.21111037+0.j
 0.23719469+0.j 0.39091815+0.j 0.19755982+0.j 0.24652753+0.j
 0.27395099+0.j 0.29322439+0.j 0.34218542+0.j 0.33153878+0.j
 0.38381021+0.j 0.49832433+0.j 0.30965809+0.j 0.50245804+0.j
 0.37736211+0.j 0.38204361+0.j 0.39644404+0.j 0.41265401+0.j]
not reaching the requested tolerance 1e-07.
  val, vec = lobpcg(
/home/jhwoo/programs/gospel/gospel/Eigensolver/Scipy.py:60: UserWarning: Exited at iteration 20 with accuracies 
[0.03616232+0.j 0.21771496+0.j 0.25050368+0.j 0.31703515+0.j
 0.23113441+0.j 0.26963326+0.j 0.3042853 +0.j 0.3260495 +0.j
 0.28884764+0.j 0.3122248 +0.j 0.37505985+0.j 0.40415164+0.j
 0.40788885+0.j 0.4381337 +0.j 0.44652721+0.j 0.34839024+0.j
 0.35551739+0.j 0.37255957+0.j 0.36956778+0.j 0.38431133+0.j]
not reaching the requested tolerance 1e-07.
  val, vec = lobpcg(
/home/jhwoo/programs/gospel/gospel/Eigensolver/Scipy.py:60: UserWarning: Exited at iteration 20 with accuracies 
[0.0911663 +0.j 0.22417634+0.j 0.27723633+0.j 0.31815447+0.j
 0.14635775+0.j 0.20018868+0.j 0.24598729+0.j 0.36712907+0.j
 0.21625638+0.j 0.26048892+0.j 0.25282669+0.j 0.34885668+0.j
 0.37322395+0.j 0.43024497+0.j 0.39833668+0.j 0.40510129+0.j
 0.33686773+0.j 0.38921684+0.j 0.50286797+0.j 0.49247379+0.j]
not reaching the requested tolerance 1e-07.
  val, vec = lobpcg(
/home/jhwoo/programs/gospel/gospel/smearing_functions.py:11: RuntimeWarning: overflow encountered in exp
  return 1 / (np.exp(val) + 1)
/home/jhwoo/programs/gospel/gospel/Eigensolver/Scipy.py:60: UserWarning: Exited at iteration 20 with accuracies 
[9.03191801e-05 8.10920603e-03 5.01102055e-03 1.08598584e-02
 4.96281411e-03 1.01305546e-02 8.42611661e-03 1.73460985e-02
 2.15047953e-02 1.81705575e-02 5.07099842e-02 3.05982917e-02
 2.80548108e-02 3.82009105e-02 1.07092724e-01 1.55791012e-01
 2.38678067e-02 3.37202804e-02 5.44028199e-02 1.02699831e-01]
not reaching the requested tolerance 1e-07.
  val, vec = lobpcg(
/home/jhwoo/programs/gospel/gospel/Eigensolver/Scipy.py:60: UserWarning: Exited at iteration 20 with accuracies 
[0.00201392+0.j 0.0019688 +0.j 0.00865838+0.j 0.00629252+0.j
 0.0045757 +0.j 0.00449578+0.j 0.0172128 +0.j 0.02267276+0.j
 0.01453927+0.j 0.03962755+0.j 0.03333575+0.j 0.01613168+0.j
 0.03543496+0.j 0.03027069+0.j 0.02847685+0.j 0.04767246+0.j
 0.02167103+0.j 0.07540647+0.j 0.10421227+0.j 0.19564006+0.j]
not reaching the requested tolerance 1e-07.
  val, vec = lobpcg(
/home/jhwoo/programs/gospel/gospel/Eigensolver/Scipy.py:60: UserWarning: Exited at iteration 20 with accuracies 
[0.00391688+0.j 0.00374475+0.j 0.00215637+0.j 0.00361524+0.j
 0.00892798+0.j 0.01141597+0.j 0.00684479+0.j 0.01096713+0.j
 0.01652845+0.j 0.01994468+0.j 0.01545368+0.j 0.01710953+0.j
 0.04444917+0.j 0.03558939+0.j 0.04660474+0.j 0.06956355+0.j
 0.05430897+0.j 0.08993029+0.j 0.15189225+0.j 0.19442474+0.j]
not reaching the requested tolerance 1e-07.
  val, vec = lobpcg(
/home/jhwoo/programs/gospel/gospel/Eigensolver/Scipy.py:60: UserWarning: Exited at iteration 20 with accuracies 
[0.00303378+0.j 0.00437293+0.j 0.00427944+0.j 0.00315414+0.j
 0.00593992+0.j 0.00720685+0.j 0.00683213+0.j 0.00693174+0.j
 0.02625621+0.j 0.04119053+0.j 0.03780667+0.j 0.04124313+0.j
 0.03677691+0.j 0.04618819+0.j 0.03929018+0.j 0.07975963+0.j
 0.03915678+0.j 0.09595469+0.j 0.13683672+0.j 0.20171795+0.j]
not reaching the requested tolerance 1e-07.
  val, vec = lobpcg(
/home/jhwoo/programs/gospel/gospel/Eigensolver/Scipy.py:60: UserWarning: Exited at iteration 20 with accuracies 
[1.15078742e-05 1.59626910e-04 1.57948323e-04 1.08448504e-04
 9.26092015e-05 1.07654640e-04 1.59977396e-04 8.99642249e-04
 5.41530633e-04 1.45582340e-03 1.90833410e-03 1.46364085e-03
 1.32817731e-03 2.76762819e-02 5.93620015e-03 3.58021089e-02
 9.79394097e-03 1.13681120e-02 1.15339337e-02 1.32839604e-02]
not reaching the requested tolerance 1e-07.
  val, vec = lobpcg(
/home/jhwoo/programs/gospel/gospel/Eigensolver/Scipy.py:60: UserWarning: Exited at iteration 20 with accuracies 
[2.51191799e-05+0.j 2.54242213e-05+0.j 1.42957350e-04+0.j
 8.90404680e-05+0.j 1.10515984e-04+0.j 8.48713598e-05+0.j
 9.94523714e-04+0.j 7.38195565e-04+0.j 5.37385228e-04+0.j
 4.39044775e-04+0.j 8.69295529e-04+0.j 5.79264923e-04+0.j
 1.25824040e-03+0.j 1.26326292e-03+0.j 1.10024303e-03+0.j
 1.75604043e-03+0.j 5.50573228e-03+0.j 6.74562529e-03+0.j
 4.12075913e-02+0.j 7.42176662e-02+0.j]
not reaching the requested tolerance 1e-07.
  val, vec = lobpcg(
/home/jhwoo/programs/gospel/gospel/Eigensolver/Scipy.py:60: UserWarning: Exited at iteration 20 with accuracies 
[5.60056853e-05+0.j 5.24579273e-05+0.j 4.39195523e-05+0.j
 4.59194719e-05+0.j 1.96654512e-04+0.j 1.79937891e-04+0.j
 1.69866299e-04+0.j 2.32967889e-04+0.j 5.36163529e-04+0.j
 4.12027364e-04+0.j 4.43844993e-04+0.j 3.93597756e-04+0.j
 2.48836158e-03+0.j 2.18101219e-03+0.j 2.28186244e-03+0.j
 2.19581703e-03+0.j 1.48274384e-02+0.j 1.52373062e-02+0.j
 2.68254700e-02+0.j 3.81105339e-02+0.j]
not reaching the requested tolerance 1e-07.
  val, vec = lobpcg(
/home/jhwoo/programs/gospel/gospel/Eigensolver/Scipy.py:60: UserWarning: Exited at iteration 20 with accuracies 
[4.14513371e-05+0.j 6.23587132e-05+0.j 5.75588633e-05+0.j
 4.73982663e-05+0.j 1.32592957e-04+0.j 1.39696893e-04+0.j
 1.68399897e-04+0.j 1.34913869e-04+0.j 1.92597350e-03+0.j
 2.77009724e-03+0.j 3.50919689e-03+0.j 2.45312741e-03+0.j
 2.37217481e-03+0.j 2.26853390e-03+0.j 2.21058339e-03+0.j
 2.64222284e-03+0.j 1.29788185e-02+0.j 2.24328845e-02+0.j
 1.94994400e-02+0.j 4.99210396e-02+0.j]
not reaching the requested tolerance 1e-07.
  val, vec = lobpcg(
/home/jhwoo/programs/gospel/gospel/Eigensolver/Scipy.py:60: UserWarning: Exited at iteration 20 with accuracies 
[4.48699521e-05 1.67410716e-04 1.84416330e-04 2.71558110e-04
 2.04704932e-04 2.12262177e-04 9.32988186e-05 5.22132465e-04
 5.60411402e-04 7.58724586e-04 7.72452166e-04 3.87690535e-04
 8.61528388e-04 2.28113715e-03 7.63386073e-03 6.20339479e-03
 3.33227638e-03 1.08841014e-02 4.61893227e-03 1.00512688e-02]
not reaching the requested tolerance 1e-07.
  val, vec = lobpcg(
/home/jhwoo/programs/gospel/gospel/Eigensolver/Scipy.py:60: UserWarning: Exited at iteration 20 with accuracies 
[4.94492786e-05+0.j 5.42031736e-05+0.j 1.88474668e-04+0.j
 1.92124551e-04+0.j 1.80447152e-04+0.j 1.59777175e-04+0.j
 6.57697487e-04+0.j 6.92115276e-04+0.j 7.17478150e-04+0.j
 7.82762937e-04+0.j 3.62107250e-04+0.j 3.30007888e-04+0.j
 7.54982604e-04+0.j 6.79184581e-04+0.j 6.79038334e-04+0.j
 6.92332113e-04+0.j 1.09070024e-03+0.j 1.23857498e-03+0.j
 1.08951657e-02+0.j 2.22830564e-02+0.j]
not reaching the requested tolerance 1e-07.
  val, vec = lobpcg(
/home/jhwoo/programs/gospel/gospel/Eigensolver/Scipy.py:60: UserWarning: Exited at iteration 20 with accuracies 
[0.00012661+0.j 0.00011756+0.j 0.00012572+0.j 0.00010264+0.j
 0.00024672+0.j 0.00021142+0.j 0.00020457+0.j 0.00025915+0.j
 0.00047755+0.j 0.00040367+0.j 0.00049093+0.j 0.00046688+0.j
 0.00054735+0.j 0.00061945+0.j 0.00072941+0.j 0.00063829+0.j
 0.00797452+0.j 0.00561932+0.j 0.00366334+0.j 0.00540595+0.j]
not reaching the requested tolerance 1e-07.
  val, vec = lobpcg(
Integral of density (=31.999999999999982) is normalized to 32.00000000000001
Orbital energy difference = 0.1063225319860086
Density difference (relative) = 0.11930154175163146
Elapsed time[calc_external_energy]: 7.843971252441406e-05 sec
Debug: sparse nonlocal_op@@@@@@@@@@@@@@@@@@@@@@@@@@@@@@@@@@
Debug: sparse nonlocal_op@@@@@@@@@@@@@@@@@@@@@@@@@@@@@@@@@@
Debug: sparse nonlocal_op@@@@@@@@@@@@@@@@@@@@@@@@@@@@@@@@@@
Debug: sparse nonlocal_op@@@@@@@@@@@@@@@@@@@@@@@@@@@@@@@@@@
Debug: sparse nonlocal_op@@@@@@@@@@@@@@@@@@@@@@@@@@@@@@@@@@
Debug: sparse nonlocal_op@@@@@@@@@@@@@@@@@@@@@@@@@@@@@@@@@@
Debug: sparse nonlocal_op@@@@@@@@@@@@@@@@@@@@@@@@@@@@@@@@@@
Debug: sparse nonlocal_op@@@@@@@@@@@@@@@@@@@@@@@@@@@@@@@@@@
Debug: sparse nonlocal_op@@@@@@@@@@@@@@@@@@@@@@@@@@@@@@@@@@
Debug: sparse nonlocal_op@@@@@@@@@@@@@@@@@@@@@@@@@@@@@@@@@@
Debug: sparse nonlocal_op@@@@@@@@@@@@@@@@@@@@@@@@@@@@@@@@@@
Debug: sparse nonlocal_op@@@@@@@@@@@@@@@@@@@@@@@@@@@@@@@@@@
Debug: sparse nonlocal_op@@@@@@@@@@@@@@@@@@@@@@@@@@@@@@@@@@
Debug: sparse nonlocal_op@@@@@@@@@@@@@@@@@@@@@@@@@@@@@@@@@@
Debug: sparse nonlocal_op@@@@@@@@@@@@@@@@@@@@@@@@@@@@@@@@@@
Debug: sparse nonlocal_op@@@@@@@@@@@@@@@@@@@@@@@@@@@@@@@@@@
Debug: sparse nonlocal_op@@@@@@@@@@@@@@@@@@@@@@@@@@@@@@@@@@
Debug: sparse nonlocal_op@@@@@@@@@@@@@@@@@@@@@@@@@@@@@@@@@@
Debug: sparse nonlocal_op@@@@@@@@@@@@@@@@@@@@@@@@@@@@@@@@@@
Debug: sparse nonlocal_op@@@@@@@@@@@@@@@@@@@@@@@@@@@@@@@@@@
Debug: sparse nonlocal_op@@@@@@@@@@@@@@@@@@@@@@@@@@@@@@@@@@
Debug: sparse nonlocal_op@@@@@@@@@@@@@@@@@@@@@@@@@@@@@@@@@@
Debug: sparse nonlocal_op@@@@@@@@@@@@@@@@@@@@@@@@@@@@@@@@@@
Debug: sparse nonlocal_op@@@@@@@@@@@@@@@@@@@@@@@@@@@@@@@@@@
Debug: sparse nonlocal_op@@@@@@@@@@@@@@@@@@@@@@@@@@@@@@@@@@
Debug: sparse nonlocal_op@@@@@@@@@@@@@@@@@@@@@@@@@@@@@@@@@@
Debug: sparse nonlocal_op@@@@@@@@@@@@@@@@@@@@@@@@@@@@@@@@@@
Debug: sparse nonlocal_op@@@@@@@@@@@@@@@@@@@@@@@@@@@@@@@@@@
Debug: sparse nonlocal_op@@@@@@@@@@@@@@@@@@@@@@@@@@@@@@@@@@
Debug: sparse nonlocal_op@@@@@@@@@@@@@@@@@@@@@@@@@@@@@@@@@@
Debug: sparse nonlocal_op@@@@@@@@@@@@@@@@@@@@@@@@@@@@@@@@@@
Debug: sparse nonlocal_op@@@@@@@@@@@@@@@@@@@@@@@@@@@@@@@@@@
Debug: sparse nonlocal_op@@@@@@@@@@@@@@@@@@@@@@@@@@@@@@@@@@
Debug: sparse nonlocal_op@@@@@@@@@@@@@@@@@@@@@@@@@@@@@@@@@@
Debug: sparse nonlocal_op@@@@@@@@@@@@@@@@@@@@@@@@@@@@@@@@@@
Debug: sparse nonlocal_op@@@@@@@@@@@@@@@@@@@@@@@@@@@@@@@@@@
Debug: sparse nonlocal_op@@@@@@@@@@@@@@@@@@@@@@@@@@@@@@@@@@
Debug: sparse nonlocal_op@@@@@@@@@@@@@@@@@@@@@@@@@@@@@@@@@@
Debug: sparse nonlocal_op@@@@@@@@@@@@@@@@@@@@@@@@@@@@@@@@@@
Debug: sparse nonlocal_op@@@@@@@@@@@@@@@@@@@@@@@@@@@@@@@@@@
Debug: sparse nonlocal_op@@@@@@@@@@@@@@@@@@@@@@@@@@@@@@@@@@
Debug: sparse nonlocal_op@@@@@@@@@@@@@@@@@@@@@@@@@@@@@@@@@@
Debug: sparse nonlocal_op@@@@@@@@@@@@@@@@@@@@@@@@@@@@@@@@@@
Debug: sparse nonlocal_op@@@@@@@@@@@@@@@@@@@@@@@@@@@@@@@@@@
Debug: sparse nonlocal_op@@@@@@@@@@@@@@@@@@@@@@@@@@@@@@@@@@
Debug: sparse nonlocal_op@@@@@@@@@@@@@@@@@@@@@@@@@@@@@@@@@@
Debug: sparse nonlocal_op@@@@@@@@@@@@@@@@@@@@@@@@@@@@@@@@@@
Debug: sparse nonlocal_op@@@@@@@@@@@@@@@@@@@@@@@@@@@@@@@@@@
Debug: sparse nonlocal_op@@@@@@@@@@@@@@@@@@@@@@@@@@@@@@@@@@
Debug: sparse nonlocal_op@@@@@@@@@@@@@@@@@@@@@@@@@@@@@@@@@@
Debug: sparse nonlocal_op@@@@@@@@@@@@@@@@@@@@@@@@@@@@@@@@@@
Debug: sparse nonlocal_op@@@@@@@@@@@@@@@@@@@@@@@@@@@@@@@@@@
Debug: sparse nonlocal_op@@@@@@@@@@@@@@@@@@@@@@@@@@@@@@@@@@
Debug: sparse nonlocal_op@@@@@@@@@@@@@@@@@@@@@@@@@@@@@@@@@@
Debug: sparse nonlocal_op@@@@@@@@@@@@@@@@@@@@@@@@@@@@@@@@@@
Debug: sparse nonlocal_op@@@@@@@@@@@@@@@@@@@@@@@@@@@@@@@@@@
Debug: sparse nonlocal_op@@@@@@@@@@@@@@@@@@@@@@@@@@@@@@@@@@
Debug: sparse nonlocal_op@@@@@@@@@@@@@@@@@@@@@@@@@@@@@@@@@@
Debug: sparse nonlocal_op@@@@@@@@@@@@@@@@@@@@@@@@@@@@@@@@@@
Debug: sparse nonlocal_op@@@@@@@@@@@@@@@@@@@@@@@@@@@@@@@@@@
Debug: sparse nonlocal_op@@@@@@@@@@@@@@@@@@@@@@@@@@@@@@@@@@
Debug: sparse nonlocal_op@@@@@@@@@@@@@@@@@@@@@@@@@@@@@@@@@@
Debug: sparse nonlocal_op@@@@@@@@@@@@@@@@@@@@@@@@@@@@@@@@@@
Debug: sparse nonlocal_op@@@@@@@@@@@@@@@@@@@@@@@@@@@@@@@@@@
Elapsed time[calc_nonlocal_energy]: 0.02099013328552246 sec

============ Energy (Hartree) ============
|   Total Energy        : -38.5026421157 |
------------------------------------------
| * Ion-ion Energy      : 0.0            |
| * Eigenvals sum for 0 : -1.9188396614  |
| * Hartree Energy      : 13.7497802326  |
| * XC Energy           : -17.2649155583 |
| * Kinetic Energy      : 12.4465504282  |
| * External Energy     : -54.5197508446 |
| * Non-local Energy    : 7.0856936263   |
==========================================
Elapsed time[calc_and_print_energies]: 0.06933093070983887 sec
Total energy difference = -0.09077077669373068 Hartree
Elapsed time for 3 th cycle: 6.259653568267822 sec

==================== [ END CYCLE 3 ] ====================
Elapsed time[_get_mixed_var]: 0.0005533695220947266 sec
Elapsed time[compute_potential]: 0.0071184635162353516 sec
Elapsed time[compute]: 0.020112991333007812 sec

==================== [ SCF CYCLE 4 ] ====================
Debug: sparse nonlocal_op@@@@@@@@@@@@@@@@@@@@@@@@@@@@@@@@@@
Debug: sparse nonlocal_op@@@@@@@@@@@@@@@@@@@@@@@@@@@@@@@@@@
Debug: sparse nonlocal_op@@@@@@@@@@@@@@@@@@@@@@@@@@@@@@@@@@
Debug: sparse nonlocal_op@@@@@@@@@@@@@@@@@@@@@@@@@@@@@@@@@@
Elapsed time[diagonalize]: 6.182084321975708 sec

[ PRINT EIGENVALUES ]
( spin alpha )
* 1 th kpt (=[0. 0. 0.])
num        occ        value
1          2.0        -0.30112295856873944
2          2.0        -0.14949728573170548
3          2.0        -0.14926203009549413
4          2.0        -0.14860145543270248
5          2.0        -0.14776977963708418
6          2.0        -0.14698919110643313
7          2.0        -0.14645497461933185
8          2.0        0.03349563009381575
9          2.0        0.033698333045529306
10         2.0        0.03426261391303705
11         2.0        0.034330186938751686
12         2.0        0.034790615691770686
13         2.0        0.03507760644193769
14         2.0        0.13976075631914983
15         2.0        0.13994444177894227
16         2.0        0.14047904016421545
17         0.0        0.1631132075947678
18         0.0        0.16340362606004286
19         0.0        0.16363573839547182
20         0.0        0.16384297547372928


* 2 th kpt (=[0.5 0.  0. ])
num        occ        value
1          6.0        -0.261577354815751
2          6.0        -0.26074253732391
3          6.0        -0.1430927397509357
4          6.0        -0.14215947582030386
5          6.0        -0.1413175200217618
6          6.0        -0.14107618777772774
7          6.0        -0.0035543632832471675
8          6.0        -0.003185547664288697
9          6.0        -0.003103956367248108
10         6.0        -0.002666556640061852
11         6.0        0.010214777134380012
12         6.0        0.01064079275888489
13         6.0        0.0693227596176635
14         6.0        0.06957640514864853
15         6.0        0.07023818032941481
16         6.0        0.07039561316352701
17         0.0        0.17916952171184009
18         0.0        0.1796429136371699
19         0.0        0.2524049066490199
20         0.0        0.25289239529402185


* 3 th kpt (=[0.5 0.5 0. ])
num        occ        value
1          6.0        -0.22698959168124208
2          6.0        -0.2259711808606255
3          6.0        -0.2251358988875669
4          6.0        -0.22416949486707707
5          6.0        -0.0626607546685608
6          6.0        -0.06225931903802004
7          6.0        -0.06209404603812338
8          6.0        -0.06125085118376779
9          6.0        0.00026895698089453876
10         6.0        0.0004567145689351034
11         6.0        0.0007392072607420764
12         6.0        0.0011873892847490178
13         6.0        0.08960584483665261
14         6.0        0.09105106523590782
15         6.0        0.09120204709983101
16         6.0        0.09165670129628538
17         0.0        0.22657838313451054
18         0.0        0.22776722342672856
19         0.0        0.22802532215067084
20         0.0        0.22820774899933788


* 4 th kpt (=[0.5 0.5 0.5])
num        occ        value
1          2.0        -0.21612390744838625
2          2.0        -0.2150913979323854
3          2.0        -0.21454659858057892
4          2.0        -0.2133736435000669
5          2.0        -0.11815147646216434
6          2.0        -0.11783119354064395
7          2.0        -0.11732984743423737
8          2.0        -0.11693329963983018
9          2.0        0.09403038590430995
10         2.0        0.09471302523233543
11         2.0        0.09530105746632136
12         2.0        0.09579908673017316
13         2.0        0.09590075699015688
14         2.0        0.09610021437681877
15         2.0        0.09658704462565212
16         2.0        0.09698365088511907
17         0.0        0.19355636278418856
18         0.0        0.1941266070031458
19         0.0        0.1942200043233806
20         0.0        0.1946191612449927


Integral of density (=32.00000000000003) is normalized to 32.0
Orbital energy difference = 0.44704532168523636
Density difference (relative) = 0.01604933177201321
Elapsed time[calc_external_energy]: 5.602836608886719e-05 sec
Debug: sparse nonlocal_op@@@@@@@@@@@@@@@@@@@@@@@@@@@@@@@@@@
Debug: sparse nonlocal_op@@@@@@@@@@@@@@@@@@@@@@@@@@@@@@@@@@
Debug: sparse nonlocal_op@@@@@@@@@@@@@@@@@@@@@@@@@@@@@@@@@@
Debug: sparse nonlocal_op@@@@@@@@@@@@@@@@@@@@@@@@@@@@@@@@@@
Debug: sparse nonlocal_op@@@@@@@@@@@@@@@@@@@@@@@@@@@@@@@@@@
Debug: sparse nonlocal_op@@@@@@@@@@@@@@@@@@@@@@@@@@@@@@@@@@
Debug: sparse nonlocal_op@@@@@@@@@@@@@@@@@@@@@@@@@@@@@@@@@@
Debug: sparse nonlocal_op@@@@@@@@@@@@@@@@@@@@@@@@@@@@@@@@@@
Debug: sparse nonlocal_op@@@@@@@@@@@@@@@@@@@@@@@@@@@@@@@@@@
Debug: sparse nonlocal_op@@@@@@@@@@@@@@@@@@@@@@@@@@@@@@@@@@
Debug: sparse nonlocal_op@@@@@@@@@@@@@@@@@@@@@@@@@@@@@@@@@@
Debug: sparse nonlocal_op@@@@@@@@@@@@@@@@@@@@@@@@@@@@@@@@@@
Debug: sparse nonlocal_op@@@@@@@@@@@@@@@@@@@@@@@@@@@@@@@@@@
Debug: sparse nonlocal_op@@@@@@@@@@@@@@@@@@@@@@@@@@@@@@@@@@
Debug: sparse nonlocal_op@@@@@@@@@@@@@@@@@@@@@@@@@@@@@@@@@@
Debug: sparse nonlocal_op@@@@@@@@@@@@@@@@@@@@@@@@@@@@@@@@@@
Debug: sparse nonlocal_op@@@@@@@@@@@@@@@@@@@@@@@@@@@@@@@@@@
Debug: sparse nonlocal_op@@@@@@@@@@@@@@@@@@@@@@@@@@@@@@@@@@
Debug: sparse nonlocal_op@@@@@@@@@@@@@@@@@@@@@@@@@@@@@@@@@@
Debug: sparse nonlocal_op@@@@@@@@@@@@@@@@@@@@@@@@@@@@@@@@@@
Debug: sparse nonlocal_op@@@@@@@@@@@@@@@@@@@@@@@@@@@@@@@@@@
Debug: sparse nonlocal_op@@@@@@@@@@@@@@@@@@@@@@@@@@@@@@@@@@
Debug: sparse nonlocal_op@@@@@@@@@@@@@@@@@@@@@@@@@@@@@@@@@@
Debug: sparse nonlocal_op@@@@@@@@@@@@@@@@@@@@@@@@@@@@@@@@@@
Debug: sparse nonlocal_op@@@@@@@@@@@@@@@@@@@@@@@@@@@@@@@@@@
Debug: sparse nonlocal_op@@@@@@@@@@@@@@@@@@@@@@@@@@@@@@@@@@
Debug: sparse nonlocal_op@@@@@@@@@@@@@@@@@@@@@@@@@@@@@@@@@@
Debug: sparse nonlocal_op@@@@@@@@@@@@@@@@@@@@@@@@@@@@@@@@@@
Debug: sparse nonlocal_op@@@@@@@@@@@@@@@@@@@@@@@@@@@@@@@@@@
Debug: sparse nonlocal_op@@@@@@@@@@@@@@@@@@@@@@@@@@@@@@@@@@
Debug: sparse nonlocal_op@@@@@@@@@@@@@@@@@@@@@@@@@@@@@@@@@@
Debug: sparse nonlocal_op@@@@@@@@@@@@@@@@@@@@@@@@@@@@@@@@@@
Debug: sparse nonlocal_op@@@@@@@@@@@@@@@@@@@@@@@@@@@@@@@@@@
Debug: sparse nonlocal_op@@@@@@@@@@@@@@@@@@@@@@@@@@@@@@@@@@
Debug: sparse nonlocal_op@@@@@@@@@@@@@@@@@@@@@@@@@@@@@@@@@@
Debug: sparse nonlocal_op@@@@@@@@@@@@@@@@@@@@@@@@@@@@@@@@@@
Debug: sparse nonlocal_op@@@@@@@@@@@@@@@@@@@@@@@@@@@@@@@@@@
Debug: sparse nonlocal_op@@@@@@@@@@@@@@@@@@@@@@@@@@@@@@@@@@
Debug: sparse nonlocal_op@@@@@@@@@@@@@@@@@@@@@@@@@@@@@@@@@@
Debug: sparse nonlocal_op@@@@@@@@@@@@@@@@@@@@@@@@@@@@@@@@@@
Debug: sparse nonlocal_op@@@@@@@@@@@@@@@@@@@@@@@@@@@@@@@@@@
Debug: sparse nonlocal_op@@@@@@@@@@@@@@@@@@@@@@@@@@@@@@@@@@
Debug: sparse nonlocal_op@@@@@@@@@@@@@@@@@@@@@@@@@@@@@@@@@@
Debug: sparse nonlocal_op@@@@@@@@@@@@@@@@@@@@@@@@@@@@@@@@@@
Debug: sparse nonlocal_op@@@@@@@@@@@@@@@@@@@@@@@@@@@@@@@@@@
Debug: sparse nonlocal_op@@@@@@@@@@@@@@@@@@@@@@@@@@@@@@@@@@
Debug: sparse nonlocal_op@@@@@@@@@@@@@@@@@@@@@@@@@@@@@@@@@@
Debug: sparse nonlocal_op@@@@@@@@@@@@@@@@@@@@@@@@@@@@@@@@@@
Debug: sparse nonlocal_op@@@@@@@@@@@@@@@@@@@@@@@@@@@@@@@@@@
Debug: sparse nonlocal_op@@@@@@@@@@@@@@@@@@@@@@@@@@@@@@@@@@
Debug: sparse nonlocal_op@@@@@@@@@@@@@@@@@@@@@@@@@@@@@@@@@@
Debug: sparse nonlocal_op@@@@@@@@@@@@@@@@@@@@@@@@@@@@@@@@@@
Debug: sparse nonlocal_op@@@@@@@@@@@@@@@@@@@@@@@@@@@@@@@@@@
Debug: sparse nonlocal_op@@@@@@@@@@@@@@@@@@@@@@@@@@@@@@@@@@
Debug: sparse nonlocal_op@@@@@@@@@@@@@@@@@@@@@@@@@@@@@@@@@@
Debug: sparse nonlocal_op@@@@@@@@@@@@@@@@@@@@@@@@@@@@@@@@@@
Debug: sparse nonlocal_op@@@@@@@@@@@@@@@@@@@@@@@@@@@@@@@@@@
Debug: sparse nonlocal_op@@@@@@@@@@@@@@@@@@@@@@@@@@@@@@@@@@
Debug: sparse nonlocal_op@@@@@@@@@@@@@@@@@@@@@@@@@@@@@@@@@@
Debug: sparse nonlocal_op@@@@@@@@@@@@@@@@@@@@@@@@@@@@@@@@@@
Debug: sparse nonlocal_op@@@@@@@@@@@@@@@@@@@@@@@@@@@@@@@@@@
Debug: sparse nonlocal_op@@@@@@@@@@@@@@@@@@@@@@@@@@@@@@@@@@
Debug: sparse nonlocal_op@@@@@@@@@@@@@@@@@@@@@@@@@@@@@@@@@@
Debug: sparse nonlocal_op@@@@@@@@@@@@@@@@@@@@@@@@@@@@@@@@@@
Elapsed time[calc_nonlocal_energy]: 0.02031850814819336 sec

============ Energy (Hartree) ============
|   Total Energy        : -38.8314167076 |
------------------------------------------
| * Ion-ion Energy      : 0.0            |
| * Eigenvals sum for 0 : -1.4717943398  |
| * Hartree Energy      : 13.8430371324  |
| * XC Energy           : -17.4388566553 |
| * Kinetic Energy      : 12.2704678055  |
| * External Energy     : -54.4491148821 |
| * Non-local Energy    : 6.9430498919   |
==========================================
Elapsed time[calc_and_print_energies]: 0.06592583656311035 sec
Total energy difference = -0.32877459182683566 Hartree
Elapsed time for 4 th cycle: 6.257811784744263 sec

==================== [ END CYCLE 4 ] ====================
Elapsed time[_get_mixed_var]: 0.0003402233123779297 sec
Elapsed time[compute_potential]: 0.006873130798339844 sec
Elapsed time[compute]: 0.020008563995361328 sec

==================== [ SCF CYCLE 5 ] ====================
Debug: sparse nonlocal_op@@@@@@@@@@@@@@@@@@@@@@@@@@@@@@@@@@
Debug: sparse nonlocal_op@@@@@@@@@@@@@@@@@@@@@@@@@@@@@@@@@@
Debug: sparse nonlocal_op@@@@@@@@@@@@@@@@@@@@@@@@@@@@@@@@@@
Debug: sparse nonlocal_op@@@@@@@@@@@@@@@@@@@@@@@@@@@@@@@@@@
Elapsed time[diagonalize]: 6.180307388305664 sec

[ PRINT EIGENVALUES ]
( spin alpha )
* 1 th kpt (=[0. 0. 0.])
num        occ        value
1          2.0        -0.3023840537879146
2          2.0        -0.15041613372733284
3          2.0        -0.15023190246887655
4          2.0        -0.15015234128410543
5          2.0        -0.14900651613649782
6          2.0        -0.14882729660020858
7          2.0        -0.14863494345431055
8          2.0        0.032733160018197704
9          2.0        0.03284745921087962
10         2.0        0.032991039888328216
11         2.0        0.03304381708377597
12         2.0        0.03309639417377854
13         2.0        0.03324583954467906
14         2.0        0.13821664090347505
15         2.0        0.1382699341212424
16         2.0        0.13861819338603926
17         0.0        0.1621845085677042
18         0.0        0.1626958506446134
19         0.0        0.16294936880349348
20         0.0        0.16343073506630693


* 2 th kpt (=[0.5 0.  0. ])
num        occ        value
1          6.0        -0.26248763609760334
2          6.0        -0.2624348194795257
3          6.0        -0.14419849433678653
4          6.0        -0.14414186602773124
5          6.0        -0.14278856866922146
6          6.0        -0.1425412178418807
7          6.0        -0.004303748731805376
8          6.0        -0.004180252195176272
9          6.0        -0.004154005420256269
10         6.0        -0.003916008670385727
11         6.0        0.00871719006693969
12         6.0        0.008777390420439304
13         6.0        0.06842623249901271
14         6.0        0.06846250166819652
15         6.0        0.06858116147234941
16         6.0        0.06861316664192117
17         0.0        0.17853628211003172
18         0.0        0.1785880005889857
19         0.0        0.251627848184818
20         0.0        0.2517212469810966


* 3 th kpt (=[0.5 0.5 0. ])
num        occ        value
1          6.0        -0.22713102904316204
2          6.0        -0.22695765865364478
3          6.0        -0.22683773532211293
4          6.0        -0.22682142719487586
5          6.0        -0.06374722266568895
6          6.0        -0.0636030372598672
7          6.0        -0.06356223124219514
8          6.0        -0.06322636969413808
9          6.0        -0.0005519027643158843
10         6.0        -0.00048153921256950514
11         6.0        -0.000368615731337453
12         6.0        -0.0003032597169613251
13         6.0        0.08916038919032293
14         6.0        0.08943262373753269
15         6.0        0.089481881299467
16         6.0        0.08955751661465466
17         0.0        0.2264773936830988
18         0.0        0.22668628543570082
19         0.0        0.2267783052334666
20         0.0        0.22687912780071948


* 4 th kpt (=[0.5 0.5 0.5])
num        occ        value
1          2.0        -0.21642431316190738
2          2.0        -0.21622089884749846
3          2.0        -0.21614215519374985
4          2.0        -0.2160922411040293
5          2.0        -0.11891878000108784
6          2.0        -0.11884722703559669
7          2.0        -0.11866501098121066
8          2.0        -0.11849724522045196
9          2.0        0.09382624900432861
10         2.0        0.09399333681692824
11         2.0        0.09402738423360256
12         2.0        0.09414871973151481
13         2.0        0.09426112021187912
14         2.0        0.09427373383502775
15         2.0        0.09435878251204982
16         2.0        0.0944216997958408
17         0.0        0.19272799521917572
18         0.0        0.19283709808955837
19         0.0        0.19287339635196987
20         0.0        0.19293669397300853


Integral of density (=32.000000000000014) is normalized to 32.0
Orbital energy difference = -0.043623993140393225
Density difference (relative) = 0.007828616294728637
Elapsed time[calc_external_energy]: 7.677078247070312e-05 sec
Debug: sparse nonlocal_op@@@@@@@@@@@@@@@@@@@@@@@@@@@@@@@@@@
Debug: sparse nonlocal_op@@@@@@@@@@@@@@@@@@@@@@@@@@@@@@@@@@
Debug: sparse nonlocal_op@@@@@@@@@@@@@@@@@@@@@@@@@@@@@@@@@@
Debug: sparse nonlocal_op@@@@@@@@@@@@@@@@@@@@@@@@@@@@@@@@@@
Debug: sparse nonlocal_op@@@@@@@@@@@@@@@@@@@@@@@@@@@@@@@@@@
Debug: sparse nonlocal_op@@@@@@@@@@@@@@@@@@@@@@@@@@@@@@@@@@
Debug: sparse nonlocal_op@@@@@@@@@@@@@@@@@@@@@@@@@@@@@@@@@@
Debug: sparse nonlocal_op@@@@@@@@@@@@@@@@@@@@@@@@@@@@@@@@@@
Debug: sparse nonlocal_op@@@@@@@@@@@@@@@@@@@@@@@@@@@@@@@@@@
Debug: sparse nonlocal_op@@@@@@@@@@@@@@@@@@@@@@@@@@@@@@@@@@
Debug: sparse nonlocal_op@@@@@@@@@@@@@@@@@@@@@@@@@@@@@@@@@@
Debug: sparse nonlocal_op@@@@@@@@@@@@@@@@@@@@@@@@@@@@@@@@@@
Debug: sparse nonlocal_op@@@@@@@@@@@@@@@@@@@@@@@@@@@@@@@@@@
Debug: sparse nonlocal_op@@@@@@@@@@@@@@@@@@@@@@@@@@@@@@@@@@
Debug: sparse nonlocal_op@@@@@@@@@@@@@@@@@@@@@@@@@@@@@@@@@@
Debug: sparse nonlocal_op@@@@@@@@@@@@@@@@@@@@@@@@@@@@@@@@@@
Debug: sparse nonlocal_op@@@@@@@@@@@@@@@@@@@@@@@@@@@@@@@@@@
Debug: sparse nonlocal_op@@@@@@@@@@@@@@@@@@@@@@@@@@@@@@@@@@
Debug: sparse nonlocal_op@@@@@@@@@@@@@@@@@@@@@@@@@@@@@@@@@@
Debug: sparse nonlocal_op@@@@@@@@@@@@@@@@@@@@@@@@@@@@@@@@@@
Debug: sparse nonlocal_op@@@@@@@@@@@@@@@@@@@@@@@@@@@@@@@@@@
Debug: sparse nonlocal_op@@@@@@@@@@@@@@@@@@@@@@@@@@@@@@@@@@
Debug: sparse nonlocal_op@@@@@@@@@@@@@@@@@@@@@@@@@@@@@@@@@@
Debug: sparse nonlocal_op@@@@@@@@@@@@@@@@@@@@@@@@@@@@@@@@@@
Debug: sparse nonlocal_op@@@@@@@@@@@@@@@@@@@@@@@@@@@@@@@@@@
Debug: sparse nonlocal_op@@@@@@@@@@@@@@@@@@@@@@@@@@@@@@@@@@
Debug: sparse nonlocal_op@@@@@@@@@@@@@@@@@@@@@@@@@@@@@@@@@@
Debug: sparse nonlocal_op@@@@@@@@@@@@@@@@@@@@@@@@@@@@@@@@@@
Debug: sparse nonlocal_op@@@@@@@@@@@@@@@@@@@@@@@@@@@@@@@@@@
Debug: sparse nonlocal_op@@@@@@@@@@@@@@@@@@@@@@@@@@@@@@@@@@
Debug: sparse nonlocal_op@@@@@@@@@@@@@@@@@@@@@@@@@@@@@@@@@@
Debug: sparse nonlocal_op@@@@@@@@@@@@@@@@@@@@@@@@@@@@@@@@@@
Debug: sparse nonlocal_op@@@@@@@@@@@@@@@@@@@@@@@@@@@@@@@@@@
Debug: sparse nonlocal_op@@@@@@@@@@@@@@@@@@@@@@@@@@@@@@@@@@
Debug: sparse nonlocal_op@@@@@@@@@@@@@@@@@@@@@@@@@@@@@@@@@@
Debug: sparse nonlocal_op@@@@@@@@@@@@@@@@@@@@@@@@@@@@@@@@@@
Debug: sparse nonlocal_op@@@@@@@@@@@@@@@@@@@@@@@@@@@@@@@@@@
Debug: sparse nonlocal_op@@@@@@@@@@@@@@@@@@@@@@@@@@@@@@@@@@
Debug: sparse nonlocal_op@@@@@@@@@@@@@@@@@@@@@@@@@@@@@@@@@@
Debug: sparse nonlocal_op@@@@@@@@@@@@@@@@@@@@@@@@@@@@@@@@@@
Debug: sparse nonlocal_op@@@@@@@@@@@@@@@@@@@@@@@@@@@@@@@@@@
Debug: sparse nonlocal_op@@@@@@@@@@@@@@@@@@@@@@@@@@@@@@@@@@
Debug: sparse nonlocal_op@@@@@@@@@@@@@@@@@@@@@@@@@@@@@@@@@@
Debug: sparse nonlocal_op@@@@@@@@@@@@@@@@@@@@@@@@@@@@@@@@@@
Debug: sparse nonlocal_op@@@@@@@@@@@@@@@@@@@@@@@@@@@@@@@@@@
Debug: sparse nonlocal_op@@@@@@@@@@@@@@@@@@@@@@@@@@@@@@@@@@
Debug: sparse nonlocal_op@@@@@@@@@@@@@@@@@@@@@@@@@@@@@@@@@@
Debug: sparse nonlocal_op@@@@@@@@@@@@@@@@@@@@@@@@@@@@@@@@@@
Debug: sparse nonlocal_op@@@@@@@@@@@@@@@@@@@@@@@@@@@@@@@@@@
Debug: sparse nonlocal_op@@@@@@@@@@@@@@@@@@@@@@@@@@@@@@@@@@
Debug: sparse nonlocal_op@@@@@@@@@@@@@@@@@@@@@@@@@@@@@@@@@@
Debug: sparse nonlocal_op@@@@@@@@@@@@@@@@@@@@@@@@@@@@@@@@@@
Debug: sparse nonlocal_op@@@@@@@@@@@@@@@@@@@@@@@@@@@@@@@@@@
Debug: sparse nonlocal_op@@@@@@@@@@@@@@@@@@@@@@@@@@@@@@@@@@
Debug: sparse nonlocal_op@@@@@@@@@@@@@@@@@@@@@@@@@@@@@@@@@@
Debug: sparse nonlocal_op@@@@@@@@@@@@@@@@@@@@@@@@@@@@@@@@@@
Debug: sparse nonlocal_op@@@@@@@@@@@@@@@@@@@@@@@@@@@@@@@@@@
Debug: sparse nonlocal_op@@@@@@@@@@@@@@@@@@@@@@@@@@@@@@@@@@
Debug: sparse nonlocal_op@@@@@@@@@@@@@@@@@@@@@@@@@@@@@@@@@@
Debug: sparse nonlocal_op@@@@@@@@@@@@@@@@@@@@@@@@@@@@@@@@@@
Debug: sparse nonlocal_op@@@@@@@@@@@@@@@@@@@@@@@@@@@@@@@@@@
Debug: sparse nonlocal_op@@@@@@@@@@@@@@@@@@@@@@@@@@@@@@@@@@
Debug: sparse nonlocal_op@@@@@@@@@@@@@@@@@@@@@@@@@@@@@@@@@@
Debug: sparse nonlocal_op@@@@@@@@@@@@@@@@@@@@@@@@@@@@@@@@@@
Elapsed time[calc_nonlocal_energy]: 0.020992517471313477 sec

============ Energy (Hartree) ============
|   Total Energy        : -38.7683683596 |
------------------------------------------
| * Ion-ion Energy      : 0.0            |
| * Eigenvals sum for 0 : -1.5154183329  |
| * Hartree Energy      : 13.8549549674  |
| * XC Energy           : -17.4161505405 |
| * Kinetic Energy      : 12.2873454166  |
| * External Energy     : -54.4594083221 |
| * Non-local Energy    : 6.9648901189   |
==========================================
Elapsed time[calc_and_print_energies]: 0.06926798820495605 sec
Total energy difference = 0.06304834795389525 Hartree
Elapsed time for 5 th cycle: 6.262709140777588 sec

==================== [ END CYCLE 5 ] ====================
Elapsed time[_get_mixed_var]: 0.0004734992980957031 sec
Elapsed time[compute_potential]: 0.007102489471435547 sec
Elapsed time[compute]: 0.020151376724243164 sec

==================== [ SCF CYCLE 6 ] ====================
Debug: sparse nonlocal_op@@@@@@@@@@@@@@@@@@@@@@@@@@@@@@@@@@
Debug: sparse nonlocal_op@@@@@@@@@@@@@@@@@@@@@@@@@@@@@@@@@@
Debug: sparse nonlocal_op@@@@@@@@@@@@@@@@@@@@@@@@@@@@@@@@@@
Debug: sparse nonlocal_op@@@@@@@@@@@@@@@@@@@@@@@@@@@@@@@@@@
Elapsed time[diagonalize]: 6.2026965618133545 sec

[ PRINT EIGENVALUES ]
( spin alpha )
* 1 th kpt (=[0. 0. 0.])
num        occ        value
1          2.0        -0.3027525346274828
2          2.0        -0.15079209759342357
3          2.0        -0.15078139668206036
4          2.0        -0.15074994602945224
5          2.0        -0.14930411287998263
6          2.0        -0.14926590447498606
7          2.0        -0.14921620208134026
8          2.0        0.032529046497952206
9          2.0        0.03253239321024526
10         2.0        0.03259810693198542
11         2.0        0.03261206654538891
12         2.0        0.032638858814371584
13         2.0        0.03265164221127041
14         2.0        0.13770072010260534
15         2.0        0.13775269297679685
16         2.0        0.13799733290296434
17         0.0        0.16215489288917537
18         0.0        0.16261510730495102
19         0.0        0.16291028568038593
20         0.0        0.16351260733678963


* 2 th kpt (=[0.5 0.  0. ])
num        occ        value
1          6.0        -0.2628584175571551
2          6.0        -0.2628515723058888
3          6.0        -0.14472819116112642
4          6.0        -0.14471879810575378
5          6.0        -0.14312844992043036
6          6.0        -0.14311980313643177
7          6.0        -0.004462333923853232
8          6.0        -0.004429774663236518
9          6.0        -0.0043186541797296365
10         6.0        -0.004307616647918216
11         6.0        0.008172668219431224
12         6.0        0.008194934478667421
13         6.0        0.06804863081592723
14         6.0        0.06805592757256208
15         6.0        0.06813103834821645
16         6.0        0.06813521899614025
17         0.0        0.17844536342573436
18         0.0        0.17845488819295025
19         0.0        0.25154766322196004
20         0.0        0.25158846978943517


* 3 th kpt (=[0.5 0.5 0. ])
num        occ        value
1          6.0        -0.22742023350206314
2          6.0        -0.22737948815923129
3          6.0        -0.22735365482832753
4          6.0        -0.22731573601890742
5          6.0        -0.06406583904592528
6          6.0        -0.06403850433829213
7          6.0        -0.06400257723157889
8          6.0        -0.06397906953339262
9          6.0        -0.0007036823732587465
10         6.0        -0.0006948248662461568
11         6.0        -0.0006875088427243899
12         6.0        -0.0006646354802352654
13         6.0        0.08888062871430855
14         6.0        0.08892897552851728
15         6.0        0.08894073472714814
16         6.0        0.08897486164552654
17         0.0        0.2264495526551648
18         0.0        0.22650440764309177
19         0.0        0.22651594795364804
20         0.0        0.2265229729242719


* 4 th kpt (=[0.5 0.5 0.5])
num        occ        value
1          2.0        -0.21674189915278633
2          2.0        -0.2166965669095052
3          2.0        -0.2166850239114207
4          2.0        -0.21664724145990918
5          2.0        -0.11906052023467024
6          2.0        -0.11904845661480763
7          2.0        -0.11902517334226989
8          2.0        -0.11900881414968677
9          2.0        0.09354189115746048
10         2.0        0.09355577810593567
11         2.0        0.0935983978581961
12         2.0        0.09361079838329502
13         2.0        0.0937170545585132
14         2.0        0.0937523235736467
15         2.0        0.09376455261794325
16         2.0        0.09378316699049019
17         0.0        0.19247150748311073
18         0.0        0.19248755941290527
19         0.0        0.19249546502830295
20         0.0        0.192513602217073


Integral of density (=32.00000000000005) is normalized to 32.0
Orbital energy difference = -0.013515743854019657
Density difference (relative) = 0.0025366858581056784
Elapsed time[calc_external_energy]: 6.937980651855469e-05 sec
Debug: sparse nonlocal_op@@@@@@@@@@@@@@@@@@@@@@@@@@@@@@@@@@
Debug: sparse nonlocal_op@@@@@@@@@@@@@@@@@@@@@@@@@@@@@@@@@@
Debug: sparse nonlocal_op@@@@@@@@@@@@@@@@@@@@@@@@@@@@@@@@@@
Debug: sparse nonlocal_op@@@@@@@@@@@@@@@@@@@@@@@@@@@@@@@@@@
Debug: sparse nonlocal_op@@@@@@@@@@@@@@@@@@@@@@@@@@@@@@@@@@
Debug: sparse nonlocal_op@@@@@@@@@@@@@@@@@@@@@@@@@@@@@@@@@@
Debug: sparse nonlocal_op@@@@@@@@@@@@@@@@@@@@@@@@@@@@@@@@@@
Debug: sparse nonlocal_op@@@@@@@@@@@@@@@@@@@@@@@@@@@@@@@@@@
Debug: sparse nonlocal_op@@@@@@@@@@@@@@@@@@@@@@@@@@@@@@@@@@
Debug: sparse nonlocal_op@@@@@@@@@@@@@@@@@@@@@@@@@@@@@@@@@@
Debug: sparse nonlocal_op@@@@@@@@@@@@@@@@@@@@@@@@@@@@@@@@@@
Debug: sparse nonlocal_op@@@@@@@@@@@@@@@@@@@@@@@@@@@@@@@@@@
Debug: sparse nonlocal_op@@@@@@@@@@@@@@@@@@@@@@@@@@@@@@@@@@
Debug: sparse nonlocal_op@@@@@@@@@@@@@@@@@@@@@@@@@@@@@@@@@@
Debug: sparse nonlocal_op@@@@@@@@@@@@@@@@@@@@@@@@@@@@@@@@@@
Debug: sparse nonlocal_op@@@@@@@@@@@@@@@@@@@@@@@@@@@@@@@@@@
Debug: sparse nonlocal_op@@@@@@@@@@@@@@@@@@@@@@@@@@@@@@@@@@
Debug: sparse nonlocal_op@@@@@@@@@@@@@@@@@@@@@@@@@@@@@@@@@@
Debug: sparse nonlocal_op@@@@@@@@@@@@@@@@@@@@@@@@@@@@@@@@@@
Debug: sparse nonlocal_op@@@@@@@@@@@@@@@@@@@@@@@@@@@@@@@@@@
Debug: sparse nonlocal_op@@@@@@@@@@@@@@@@@@@@@@@@@@@@@@@@@@
Debug: sparse nonlocal_op@@@@@@@@@@@@@@@@@@@@@@@@@@@@@@@@@@
Debug: sparse nonlocal_op@@@@@@@@@@@@@@@@@@@@@@@@@@@@@@@@@@
Debug: sparse nonlocal_op@@@@@@@@@@@@@@@@@@@@@@@@@@@@@@@@@@
Debug: sparse nonlocal_op@@@@@@@@@@@@@@@@@@@@@@@@@@@@@@@@@@
Debug: sparse nonlocal_op@@@@@@@@@@@@@@@@@@@@@@@@@@@@@@@@@@
Debug: sparse nonlocal_op@@@@@@@@@@@@@@@@@@@@@@@@@@@@@@@@@@
Debug: sparse nonlocal_op@@@@@@@@@@@@@@@@@@@@@@@@@@@@@@@@@@
Debug: sparse nonlocal_op@@@@@@@@@@@@@@@@@@@@@@@@@@@@@@@@@@
Debug: sparse nonlocal_op@@@@@@@@@@@@@@@@@@@@@@@@@@@@@@@@@@
Debug: sparse nonlocal_op@@@@@@@@@@@@@@@@@@@@@@@@@@@@@@@@@@
Debug: sparse nonlocal_op@@@@@@@@@@@@@@@@@@@@@@@@@@@@@@@@@@
Debug: sparse nonlocal_op@@@@@@@@@@@@@@@@@@@@@@@@@@@@@@@@@@
Debug: sparse nonlocal_op@@@@@@@@@@@@@@@@@@@@@@@@@@@@@@@@@@
Debug: sparse nonlocal_op@@@@@@@@@@@@@@@@@@@@@@@@@@@@@@@@@@
Debug: sparse nonlocal_op@@@@@@@@@@@@@@@@@@@@@@@@@@@@@@@@@@
Debug: sparse nonlocal_op@@@@@@@@@@@@@@@@@@@@@@@@@@@@@@@@@@
Debug: sparse nonlocal_op@@@@@@@@@@@@@@@@@@@@@@@@@@@@@@@@@@
Debug: sparse nonlocal_op@@@@@@@@@@@@@@@@@@@@@@@@@@@@@@@@@@
Debug: sparse nonlocal_op@@@@@@@@@@@@@@@@@@@@@@@@@@@@@@@@@@
Debug: sparse nonlocal_op@@@@@@@@@@@@@@@@@@@@@@@@@@@@@@@@@@
Debug: sparse nonlocal_op@@@@@@@@@@@@@@@@@@@@@@@@@@@@@@@@@@
Debug: sparse nonlocal_op@@@@@@@@@@@@@@@@@@@@@@@@@@@@@@@@@@
Debug: sparse nonlocal_op@@@@@@@@@@@@@@@@@@@@@@@@@@@@@@@@@@
Debug: sparse nonlocal_op@@@@@@@@@@@@@@@@@@@@@@@@@@@@@@@@@@
Debug: sparse nonlocal_op@@@@@@@@@@@@@@@@@@@@@@@@@@@@@@@@@@
Debug: sparse nonlocal_op@@@@@@@@@@@@@@@@@@@@@@@@@@@@@@@@@@
Debug: sparse nonlocal_op@@@@@@@@@@@@@@@@@@@@@@@@@@@@@@@@@@
Debug: sparse nonlocal_op@@@@@@@@@@@@@@@@@@@@@@@@@@@@@@@@@@
Debug: sparse nonlocal_op@@@@@@@@@@@@@@@@@@@@@@@@@@@@@@@@@@
Debug: sparse nonlocal_op@@@@@@@@@@@@@@@@@@@@@@@@@@@@@@@@@@
Debug: sparse nonlocal_op@@@@@@@@@@@@@@@@@@@@@@@@@@@@@@@@@@
Debug: sparse nonlocal_op@@@@@@@@@@@@@@@@@@@@@@@@@@@@@@@@@@
Debug: sparse nonlocal_op@@@@@@@@@@@@@@@@@@@@@@@@@@@@@@@@@@
Debug: sparse nonlocal_op@@@@@@@@@@@@@@@@@@@@@@@@@@@@@@@@@@
Debug: sparse nonlocal_op@@@@@@@@@@@@@@@@@@@@@@@@@@@@@@@@@@
Debug: sparse nonlocal_op@@@@@@@@@@@@@@@@@@@@@@@@@@@@@@@@@@
Debug: sparse nonlocal_op@@@@@@@@@@@@@@@@@@@@@@@@@@@@@@@@@@
Debug: sparse nonlocal_op@@@@@@@@@@@@@@@@@@@@@@@@@@@@@@@@@@
Debug: sparse nonlocal_op@@@@@@@@@@@@@@@@@@@@@@@@@@@@@@@@@@
Debug: sparse nonlocal_op@@@@@@@@@@@@@@@@@@@@@@@@@@@@@@@@@@
Debug: sparse nonlocal_op@@@@@@@@@@@@@@@@@@@@@@@@@@@@@@@@@@
Debug: sparse nonlocal_op@@@@@@@@@@@@@@@@@@@@@@@@@@@@@@@@@@
Debug: sparse nonlocal_op@@@@@@@@@@@@@@@@@@@@@@@@@@@@@@@@@@
Elapsed time[calc_nonlocal_energy]: 0.02126765251159668 sec

============ Energy (Hartree) ============
|   Total Energy        : -38.7200112788 |
------------------------------------------
| * Ion-ion Energy      : 0.0            |
| * Eigenvals sum for 0 : -1.5289340768  |
| * Hartree Energy      : 13.8772632538  |
| * XC Energy           : -17.406252408  |
| * Kinetic Energy      : 12.2944541885  |
| * External Energy     : -54.4668492999 |
| * Non-local Energy    : 6.9813729868   |
==========================================
Elapsed time[calc_and_print_energies]: 0.06719303131103516 sec
Total energy difference = 0.04835708077541767 Hartree
Elapsed time for 6 th cycle: 6.279985666275024 sec

==================== [ END CYCLE 6 ] ====================
Elapsed time[_get_mixed_var]: 0.0003371238708496094 sec
Elapsed time[compute_potential]: 0.006848335266113281 sec
Elapsed time[compute]: 0.019914627075195312 sec

==================== [ SCF CYCLE 7 ] ====================
Debug: sparse nonlocal_op@@@@@@@@@@@@@@@@@@@@@@@@@@@@@@@@@@
Debug: sparse nonlocal_op@@@@@@@@@@@@@@@@@@@@@@@@@@@@@@@@@@
Debug: sparse nonlocal_op@@@@@@@@@@@@@@@@@@@@@@@@@@@@@@@@@@
Debug: sparse nonlocal_op@@@@@@@@@@@@@@@@@@@@@@@@@@@@@@@@@@
Elapsed time[diagonalize]: 6.167752027511597 sec

[ PRINT EIGENVALUES ]
( spin alpha )
* 1 th kpt (=[0. 0. 0.])
num        occ        value
1          2.0        -0.3028867386276939
2          2.0        -0.15097169748200454
3          2.0        -0.15096125292512813
4          2.0        -0.15092148255177243
5          2.0        -0.14946733390976097
6          2.0        -0.14943594662525314
7          2.0        -0.14940538792498928
8          2.0        0.032369847898240114
9          2.0        0.03238621580825722
10         2.0        0.032447271329694716
11         2.0        0.0324579314664616
12         2.0        0.03249433002468672
13         2.0        0.03250868332610136
14         2.0        0.13749452785828412
15         2.0        0.13754630115270697
16         2.0        0.1377943005405021
17         0.0        0.16217318295871325
18         0.0        0.16257180590584125
19         0.0        0.16287755187674968
20         0.0        0.16351407255961495


* 2 th kpt (=[0.5 0.  0. ])
num        occ        value
1          6.0        -0.2630036953238925
2          6.0        -0.2629947610297086
3          6.0        -0.14492818072260225
4          6.0        -0.14490055775849497
5          6.0        -0.14333298060741345
6          6.0        -0.14328808231476214
7          6.0        -0.0045514038393239704
8          6.0        -0.0045172054676185
9          6.0        -0.0044193197772594795
10         6.0        -0.004371055070887022
11         6.0        0.00796494213706909
12         6.0        0.007982956953518215
13         6.0        0.0678834621515145
14         6.0        0.06789867415703184
15         6.0        0.06796619151638435
16         6.0        0.06798037757798935
17         0.0        0.1784159450772079
18         0.0        0.17842643817860027
19         0.0        0.251528266168556
20         0.0        0.2515657505701813


* 3 th kpt (=[0.5 0.5 0. ])
num        occ        value
1          6.0        -0.22754643749602824
2          6.0        -0.22754556945066334
3          6.0        -0.22751603471784843
4          6.0        -0.22749573111363597
5          6.0        -0.06425489889616813
6          6.0        -0.06420695776656654
7          6.0        -0.06418434443731043
8          6.0        -0.06416274223835355
9          6.0        -0.000803900506042983
10         6.0        -0.0007854516414255898
11         6.0        -0.0007761100044267154
12         6.0        -0.0007557088918518371
13         6.0        0.08872909294237784
14         6.0        0.08873927599628546
15         6.0        0.08874805934650395
16         6.0        0.08879199362992443
17         0.0        0.22640982972407486
18         0.0        0.22641930979105454
19         0.0        0.22642777254826227
20         0.0        0.22646130855437938


* 4 th kpt (=[0.5 0.5 0.5])
num        occ        value
1          2.0        -0.21689069347522358
2          2.0        -0.21687535934509
3          2.0        -0.21686669098419828
4          2.0        -0.21684001555161364
5          2.0        -0.11918407605206417
6          2.0        -0.11915137974960374
7          2.0        -0.1191301806932576
8          2.0        -0.11911122523930057
9          2.0        0.09336589149864835
10         2.0        0.09338674490779045
11         2.0        0.09340001043466667
12         2.0        0.09340171324583957
13         2.0        0.0935478794224625
14         2.0        0.09355771029477788
15         2.0        0.09357227740931146
16         2.0        0.09359264825249206
17         0.0        0.1923537478829648
18         0.0        0.19236922139450688
19         0.0        0.19237412692989
20         0.0        0.19239327423858124


/home/jhwoo/programs/gospel/gospel/Eigensolver/Scipy.py:60: UserWarning: Exited at iteration 20 with accuracies 
[0.00013138+0.j 0.00010871+0.j 0.00012984+0.j 0.00010507+0.j
 0.0002164 +0.j 0.00025574+0.j 0.0001939 +0.j 0.00023958+0.j
 0.00128028+0.j 0.0009056 +0.j 0.00124026+0.j 0.00099015+0.j
 0.0013877 +0.j 0.00101625+0.j 0.00104354+0.j 0.00068936+0.j
 0.00658116+0.j 0.0082721 +0.j 0.007014  +0.j 0.00897813+0.j]
not reaching the requested tolerance 1e-07.
  val, vec = lobpcg(
/home/jhwoo/programs/gospel/gospel/Eigensolver/Scipy.py:60: UserWarning: Exited at iteration 20 with accuracies 
[7.88644730e-06 2.33245958e-05 3.91277046e-05 5.48551762e-05
 3.06842251e-05 1.56238683e-05 2.90586505e-05 1.65869063e-04
 1.05415338e-04 1.46255456e-04 8.01689448e-05 1.24234515e-04
 1.93514460e-04 9.24654972e-04 3.51709513e-03 4.81997464e-03
 3.68823496e-03 8.66475515e-03 1.24878016e-02 1.08330199e-03]
not reaching the requested tolerance 1e-07.
  val, vec = lobpcg(
/home/jhwoo/programs/gospel/gospel/Eigensolver/Scipy.py:60: UserWarning: Exited at iteration 20 with accuracies 
[9.31247391e-06+0.j 1.15618353e-05+0.j 2.55641177e-05+0.j
 1.83018706e-05+0.j 2.13546683e-05+0.j 1.97249997e-05+0.j
 8.25732305e-05+0.j 6.30248671e-05+0.j 6.05618602e-05+0.j
 6.10067809e-05+0.j 6.14955250e-05+0.j 8.17438881e-05+0.j
 1.15672597e-04+0.j 1.09125472e-04+0.j 1.13088677e-04+0.j
 9.10736249e-05+0.j 1.60018170e-04+0.j 1.85740015e-04+0.j
 4.07021227e-03+0.j 8.53250900e-03+0.j]
not reaching the requested tolerance 1e-07.
  val, vec = lobpcg(
/home/jhwoo/programs/gospel/gospel/Eigensolver/Scipy.py:60: UserWarning: Exited at iteration 20 with accuracies 
[1.37844262e-05+0.j 1.28702442e-05+0.j 1.48956910e-05+0.j
 1.68831309e-05+0.j 3.35348241e-05+0.j 3.74420240e-05+0.j
 3.38738517e-05+0.j 4.03907026e-05+0.j 5.42009732e-05+0.j
 6.28715772e-05+0.j 5.58744152e-05+0.j 5.21640627e-05+0.j
 9.37037455e-05+0.j 1.26134132e-04+0.j 1.09846217e-04+0.j
 1.40718958e-04+0.j 1.24560307e-03+0.j 1.05972713e-03+0.j
 8.33058631e-04+0.j 7.02793368e-04+0.j]
not reaching the requested tolerance 1e-07.
  val, vec = lobpcg(
/home/jhwoo/programs/gospel/gospel/Eigensolver/Scipy.py:60: UserWarning: Exited at iteration 20 with accuracies 
[1.75323055e-05+0.j 2.41810736e-05+0.j 1.48635808e-05+0.j
 1.95380921e-05+0.j 3.15078270e-05+0.j 2.61982091e-05+0.j
 3.06603350e-05+0.j 3.37576826e-05+0.j 2.20928652e-04+0.j
 2.49065490e-04+0.j 2.04864520e-04+0.j 1.06283359e-04+0.j
 2.26779220e-04+0.j 2.45571379e-04+0.j 1.88166504e-04+0.j
 2.18056534e-04+0.j 1.58707533e-03+0.j 1.21460034e-03+0.j
 2.73898806e-03+0.j 1.40745076e-03+0.j]
not reaching the requested tolerance 1e-07.
  val, vec = lobpcg(
/home/jhwoo/programs/gospel/gospel/Eigensolver/Scipy.py:60: UserWarning: Exited at iteration 20 with accuracies 
[9.83437011e-06 2.44431269e-05 1.87881835e-05 2.11532873e-05
 1.14524931e-05 1.59352641e-05 1.63592909e-05 8.33553445e-05
 8.09447503e-05 3.11103516e-05 9.64165848e-05 1.90846519e-05
 4.61489284e-05 6.69261701e-04 6.16531664e-04 1.15278798e-03
 8.64813184e-04 8.01872610e-03 7.74469730e-03 9.60618034e-04]
not reaching the requested tolerance 1e-07.
  val, vec = lobpcg(
/home/jhwoo/programs/gospel/gospel/Eigensolver/Scipy.py:60: UserWarning: Exited at iteration 20 with accuracies 
[5.96898119e-06+0.j 5.93395381e-06+0.j 1.32502433e-05+0.j
 1.34967720e-05+0.j 1.02742627e-05+0.j 1.19045336e-05+0.j
 4.50323588e-05+0.j 4.48767851e-05+0.j 4.11646808e-05+0.j
 4.32221023e-05+0.j 3.19186628e-05+0.j 2.85948425e-05+0.j
 5.53631238e-05+0.j 4.70125628e-05+0.j 4.87771832e-05+0.j
 4.80071073e-05+0.j 1.38298481e-04+0.j 1.31883433e-04+0.j
 1.41970552e-03+0.j 2.13812880e-03+0.j]
not reaching the requested tolerance 1e-07.
  val, vec = lobpcg(
/home/jhwoo/programs/gospel/gospel/Eigensolver/Scipy.py:60: UserWarning: Exited at iteration 20 with accuracies 
[8.07786325e-06+0.j 9.14829376e-06+0.j 7.78216280e-06+0.j
 9.40534119e-06+0.j 2.23987434e-05+0.j 2.19389970e-05+0.j
 2.16134943e-05+0.j 1.81512089e-05+0.j 3.35669424e-05+0.j
 3.26492694e-05+0.j 2.67516556e-05+0.j 3.16091622e-05+0.j
 5.57451652e-05+0.j 5.14744472e-05+0.j 4.11690266e-05+0.j
 5.48041041e-05+0.j 2.99125285e-04+0.j 3.56206532e-04+0.j
 2.95672500e-04+0.j 2.77835673e-04+0.j]
not reaching the requested tolerance 1e-07.
  val, vec = lobpcg(
/home/jhwoo/programs/gospel/gospel/Eigensolver/Scipy.py:60: UserWarning: Exited at iteration 20 with accuracies 
[1.24713693e-05+0.j 1.29614610e-05+0.j 9.27670488e-06+0.j
 1.23520053e-05+0.j 1.76301408e-05+0.j 2.02882859e-05+0.j
 1.97068424e-05+0.j 1.97236207e-05+0.j 6.28985879e-05+0.j
 1.08626623e-04+0.j 8.57168752e-05+0.j 9.91585310e-05+0.j
 9.80980026e-05+0.j 7.29203381e-05+0.j 9.42005430e-05+0.j
 7.66759497e-05+0.j 2.77685507e-04+0.j 4.74062283e-04+0.j
 4.67217555e-04+0.j 4.53151227e-04+0.j]
not reaching the requested tolerance 1e-07.
  val, vec = lobpcg(
/home/jhwoo/programs/gospel/gospel/Eigensolver/Scipy.py:60: UserWarning: Exited at iteration 20 with accuracies 
[2.34363764e-06 5.03194852e-06 2.89794006e-06 6.78824047e-06
 6.36526197e-06 3.53378986e-06 5.20798823e-06 1.52363449e-05
 9.29888655e-06 1.02619354e-05 7.78445135e-06 1.83519600e-05
 7.24287541e-06 1.32685346e-04 2.22404932e-04 2.79887157e-04
 9.72784174e-04 6.96446795e-03 8.42836309e-03 6.75403808e-04]
not reaching the requested tolerance 1e-07.
  val, vec = lobpcg(
/home/jhwoo/programs/gospel/gospel/Eigensolver/Scipy.py:60: UserWarning: Exited at iteration 20 with accuracies 
[1.38607777e-06+0.j 1.50967283e-06+0.j 4.31990229e-06+0.j
 3.96426931e-06+0.j 4.07997963e-06+0.j 3.68968446e-06+0.j
 1.88991988e-05+0.j 1.75411306e-05+0.j 1.88492266e-05+0.j
 1.68422973e-05+0.j 6.57804774e-06+0.j 6.60531070e-06+0.j
 1.45935025e-05+0.j 1.38644142e-05+0.j 1.46636409e-05+0.j
 1.49925363e-05+0.j 2.26713592e-05+0.j 2.11147368e-05+0.j
 5.89088814e-04+0.j 6.17539001e-04+0.j]
not reaching the requested tolerance 1e-07.
  val, vec = lobpcg(
/home/jhwoo/programs/gospel/gospel/Eigensolver/Scipy.py:60: UserWarning: Exited at iteration 20 with accuracies 
[3.36935026e-06+0.j 2.83201646e-06+0.j 2.87883551e-06+0.j
 3.15940546e-06+0.j 4.31732089e-06+0.j 4.26043327e-06+0.j
 4.10023637e-06+0.j 4.36978962e-06+0.j 1.36711723e-05+0.j
 1.20771126e-05+0.j 1.21652945e-05+0.j 1.28025827e-05+0.j
 1.35251214e-05+0.j 1.38717712e-05+0.j 1.31982350e-05+0.j
 1.17165388e-05+0.j 8.21599121e-05+0.j 6.05026611e-05+0.j
 7.75552650e-05+0.j 7.82082478e-05+0.j]
not reaching the requested tolerance 1e-07.
  val, vec = lobpcg(
/home/jhwoo/programs/gospel/gospel/Eigensolver/Scipy.py:60: UserWarning: Exited at iteration 20 with accuracies 
[3.98841350e-06+0.j 3.38538185e-06+0.j 3.82312540e-06+0.j
 3.16556467e-06+0.j 4.40254993e-06+0.j 3.52684060e-06+0.j
 4.07337347e-06+0.j 2.98602803e-06+0.j 2.46379790e-05+0.j
 1.98796284e-05+0.j 1.54496502e-05+0.j 1.87484402e-05+0.j
 2.63564671e-05+0.j 2.53854640e-05+0.j 2.38858191e-05+0.j
 1.08823363e-05+0.j 1.14977409e-04+0.j 1.75378666e-04+0.j
 8.62742824e-05+0.j 8.20325103e-05+0.j]
not reaching the requested tolerance 1e-07.
  val, vec = lobpcg(
/home/jhwoo/programs/gospel/gospel/Eigensolver/Scipy.py:60: UserWarning: Exited at iteration 20 with accuracies 
[1.00132554e-06 2.00119682e-06 1.46496905e-06 2.14318403e-06
 2.50353119e-06 1.52140691e-06 2.74543258e-06 4.10231240e-06
 1.38684415e-05 1.26240745e-05 4.44988738e-06 7.15040199e-06
 4.76404932e-06 7.55604427e-05 3.66199554e-05 8.76660501e-05
 1.14727238e-03 8.08717814e-03 9.77861477e-03 9.78739832e-04]
not reaching the requested tolerance 1e-07.
  val, vec = lobpcg(
/home/jhwoo/programs/gospel/gospel/Eigensolver/Scipy.py:60: UserWarning: Exited at iteration 20 with accuracies 
[7.06075012e-07+0.j 7.42074071e-07+0.j 1.22427117e-06+0.j
 1.18306423e-06+0.j 1.12413715e-06+0.j 1.58107423e-06+0.j
 4.37569862e-06+0.j 3.62648041e-06+0.j 3.48764478e-06+0.j
 4.81938461e-06+0.j 3.05361039e-06+0.j 3.00544569e-06+0.j
 6.41362602e-06+0.j 6.69696485e-06+0.j 5.84304155e-06+0.j
 5.38350792e-06+0.j 1.77174564e-05+0.j 1.58690346e-05+0.j
 1.58379235e-04+0.j 1.92342364e-04+0.j]
not reaching the requested tolerance 1e-07.
  val, vec = lobpcg(
Integral of density (=32.00000000000003) is normalized to 31.999999999999993
Orbital energy difference = -0.0050017943066447135
Density difference (relative) = 0.0007130610668811618
Elapsed time[calc_external_energy]: 4.38690185546875e-05 sec
Debug: sparse nonlocal_op@@@@@@@@@@@@@@@@@@@@@@@@@@@@@@@@@@
Debug: sparse nonlocal_op@@@@@@@@@@@@@@@@@@@@@@@@@@@@@@@@@@
Debug: sparse nonlocal_op@@@@@@@@@@@@@@@@@@@@@@@@@@@@@@@@@@
Debug: sparse nonlocal_op@@@@@@@@@@@@@@@@@@@@@@@@@@@@@@@@@@
Debug: sparse nonlocal_op@@@@@@@@@@@@@@@@@@@@@@@@@@@@@@@@@@
Debug: sparse nonlocal_op@@@@@@@@@@@@@@@@@@@@@@@@@@@@@@@@@@
Debug: sparse nonlocal_op@@@@@@@@@@@@@@@@@@@@@@@@@@@@@@@@@@
Debug: sparse nonlocal_op@@@@@@@@@@@@@@@@@@@@@@@@@@@@@@@@@@
Debug: sparse nonlocal_op@@@@@@@@@@@@@@@@@@@@@@@@@@@@@@@@@@
Debug: sparse nonlocal_op@@@@@@@@@@@@@@@@@@@@@@@@@@@@@@@@@@
Debug: sparse nonlocal_op@@@@@@@@@@@@@@@@@@@@@@@@@@@@@@@@@@
Debug: sparse nonlocal_op@@@@@@@@@@@@@@@@@@@@@@@@@@@@@@@@@@
Debug: sparse nonlocal_op@@@@@@@@@@@@@@@@@@@@@@@@@@@@@@@@@@
Debug: sparse nonlocal_op@@@@@@@@@@@@@@@@@@@@@@@@@@@@@@@@@@
Debug: sparse nonlocal_op@@@@@@@@@@@@@@@@@@@@@@@@@@@@@@@@@@
Debug: sparse nonlocal_op@@@@@@@@@@@@@@@@@@@@@@@@@@@@@@@@@@
Debug: sparse nonlocal_op@@@@@@@@@@@@@@@@@@@@@@@@@@@@@@@@@@
Debug: sparse nonlocal_op@@@@@@@@@@@@@@@@@@@@@@@@@@@@@@@@@@
Debug: sparse nonlocal_op@@@@@@@@@@@@@@@@@@@@@@@@@@@@@@@@@@
Debug: sparse nonlocal_op@@@@@@@@@@@@@@@@@@@@@@@@@@@@@@@@@@
Debug: sparse nonlocal_op@@@@@@@@@@@@@@@@@@@@@@@@@@@@@@@@@@
Debug: sparse nonlocal_op@@@@@@@@@@@@@@@@@@@@@@@@@@@@@@@@@@
Debug: sparse nonlocal_op@@@@@@@@@@@@@@@@@@@@@@@@@@@@@@@@@@
Debug: sparse nonlocal_op@@@@@@@@@@@@@@@@@@@@@@@@@@@@@@@@@@
Debug: sparse nonlocal_op@@@@@@@@@@@@@@@@@@@@@@@@@@@@@@@@@@
Debug: sparse nonlocal_op@@@@@@@@@@@@@@@@@@@@@@@@@@@@@@@@@@
Debug: sparse nonlocal_op@@@@@@@@@@@@@@@@@@@@@@@@@@@@@@@@@@
Debug: sparse nonlocal_op@@@@@@@@@@@@@@@@@@@@@@@@@@@@@@@@@@
Debug: sparse nonlocal_op@@@@@@@@@@@@@@@@@@@@@@@@@@@@@@@@@@
Debug: sparse nonlocal_op@@@@@@@@@@@@@@@@@@@@@@@@@@@@@@@@@@
Debug: sparse nonlocal_op@@@@@@@@@@@@@@@@@@@@@@@@@@@@@@@@@@
Debug: sparse nonlocal_op@@@@@@@@@@@@@@@@@@@@@@@@@@@@@@@@@@
Debug: sparse nonlocal_op@@@@@@@@@@@@@@@@@@@@@@@@@@@@@@@@@@
Debug: sparse nonlocal_op@@@@@@@@@@@@@@@@@@@@@@@@@@@@@@@@@@
Debug: sparse nonlocal_op@@@@@@@@@@@@@@@@@@@@@@@@@@@@@@@@@@
Debug: sparse nonlocal_op@@@@@@@@@@@@@@@@@@@@@@@@@@@@@@@@@@
Debug: sparse nonlocal_op@@@@@@@@@@@@@@@@@@@@@@@@@@@@@@@@@@
Debug: sparse nonlocal_op@@@@@@@@@@@@@@@@@@@@@@@@@@@@@@@@@@
Debug: sparse nonlocal_op@@@@@@@@@@@@@@@@@@@@@@@@@@@@@@@@@@
Debug: sparse nonlocal_op@@@@@@@@@@@@@@@@@@@@@@@@@@@@@@@@@@
Debug: sparse nonlocal_op@@@@@@@@@@@@@@@@@@@@@@@@@@@@@@@@@@
Debug: sparse nonlocal_op@@@@@@@@@@@@@@@@@@@@@@@@@@@@@@@@@@
Debug: sparse nonlocal_op@@@@@@@@@@@@@@@@@@@@@@@@@@@@@@@@@@
Debug: sparse nonlocal_op@@@@@@@@@@@@@@@@@@@@@@@@@@@@@@@@@@
Debug: sparse nonlocal_op@@@@@@@@@@@@@@@@@@@@@@@@@@@@@@@@@@
Debug: sparse nonlocal_op@@@@@@@@@@@@@@@@@@@@@@@@@@@@@@@@@@
Debug: sparse nonlocal_op@@@@@@@@@@@@@@@@@@@@@@@@@@@@@@@@@@
Debug: sparse nonlocal_op@@@@@@@@@@@@@@@@@@@@@@@@@@@@@@@@@@
Debug: sparse nonlocal_op@@@@@@@@@@@@@@@@@@@@@@@@@@@@@@@@@@
Debug: sparse nonlocal_op@@@@@@@@@@@@@@@@@@@@@@@@@@@@@@@@@@
Debug: sparse nonlocal_op@@@@@@@@@@@@@@@@@@@@@@@@@@@@@@@@@@
Debug: sparse nonlocal_op@@@@@@@@@@@@@@@@@@@@@@@@@@@@@@@@@@
Debug: sparse nonlocal_op@@@@@@@@@@@@@@@@@@@@@@@@@@@@@@@@@@
Debug: sparse nonlocal_op@@@@@@@@@@@@@@@@@@@@@@@@@@@@@@@@@@
Debug: sparse nonlocal_op@@@@@@@@@@@@@@@@@@@@@@@@@@@@@@@@@@
Debug: sparse nonlocal_op@@@@@@@@@@@@@@@@@@@@@@@@@@@@@@@@@@
Debug: sparse nonlocal_op@@@@@@@@@@@@@@@@@@@@@@@@@@@@@@@@@@
Debug: sparse nonlocal_op@@@@@@@@@@@@@@@@@@@@@@@@@@@@@@@@@@
Debug: sparse nonlocal_op@@@@@@@@@@@@@@@@@@@@@@@@@@@@@@@@@@
Debug: sparse nonlocal_op@@@@@@@@@@@@@@@@@@@@@@@@@@@@@@@@@@
Debug: sparse nonlocal_op@@@@@@@@@@@@@@@@@@@@@@@@@@@@@@@@@@
Debug: sparse nonlocal_op@@@@@@@@@@@@@@@@@@@@@@@@@@@@@@@@@@
Debug: sparse nonlocal_op@@@@@@@@@@@@@@@@@@@@@@@@@@@@@@@@@@
Debug: sparse nonlocal_op@@@@@@@@@@@@@@@@@@@@@@@@@@@@@@@@@@
Elapsed time[calc_nonlocal_energy]: 0.02056717872619629 sec

============ Energy (Hartree) ============
|   Total Energy        : -38.7020482577 |
------------------------------------------
| * Ion-ion Energy      : 0.0            |
| * Eigenvals sum for 0 : -1.5339358711  |
| * Hartree Energy      : 13.8855237821  |
| * XC Energy           : -17.4027253067 |
| * Kinetic Energy      : 12.2972193108  |
| * External Energy     : -54.4696339062 |
| * Non-local Energy    : 6.9875678622   |
==========================================
Elapsed time[calc_and_print_energies]: 0.06617856025695801 sec
Total energy difference = 0.017963021103561516 Hartree
Elapsed time for 7 th cycle: 6.243806838989258 sec

==================== [ END CYCLE 7 ] ====================
Elapsed time[_get_mixed_var]: 0.0003635883331298828 sec
Elapsed time[compute_potential]: 0.0067751407623291016 sec
Elapsed time[compute]: 0.019792556762695312 sec

==================== [ SCF CYCLE 8 ] ====================
Debug: sparse nonlocal_op@@@@@@@@@@@@@@@@@@@@@@@@@@@@@@@@@@
Debug: sparse nonlocal_op@@@@@@@@@@@@@@@@@@@@@@@@@@@@@@@@@@
Debug: sparse nonlocal_op@@@@@@@@@@@@@@@@@@@@@@@@@@@@@@@@@@
Debug: sparse nonlocal_op@@@@@@@@@@@@@@@@@@@@@@@@@@@@@@@@@@
Elapsed time[diagonalize]: 6.173285722732544 sec

[ PRINT EIGENVALUES ]
( spin alpha )
* 1 th kpt (=[0. 0. 0.])
num        occ        value
1          2.0        -0.30290109483755623
2          2.0        -0.15097369546541692
3          2.0        -0.15096403670039651
4          2.0        -0.15095461433567847
5          2.0        -0.14947601358219212
6          2.0        -0.14946896507973964
7          2.0        -0.14945782130026575
8          2.0        0.03235907421314536
9          2.0        0.03237195018246913
10         2.0        0.032426935813712476
11         2.0        0.03243466054255186
12         2.0        0.03246948056398952
13         2.0        0.03247626225991995
14         2.0        0.13746733953531762
15         2.0        0.1375186999359904
16         2.0        0.13776531662478417
17         0.0        0.16219942515401362
18         0.0        0.16254537474223138
19         0.0        0.16280811547484558
20         0.0        0.1635199185767135


* 2 th kpt (=[0.5 0.  0. ])
num        occ        value
1          6.0        -0.26301600841004674
2          6.0        -0.2630149445920664
3          6.0        -0.14493072571893442
4          6.0        -0.14492722237688918
5          6.0        -0.14334627731769328
6          6.0        -0.14334388218298894
7          6.0        -0.004543671632762107
8          6.0        -0.004540693288036643
9          6.0        -0.004402068629969308
10         6.0        -0.004398370269131285
11         6.0        0.007938382642434832
12         6.0        0.007955479795913633
13         6.0        0.06786783353023391
14         6.0        0.06786974047184553
15         6.0        0.06794916825957302
16         6.0        0.06795126612185666
17         0.0        0.17842719033795032
18         0.0        0.1784348250279829
19         0.0        0.2515392241716501
20         0.0        0.25157670375160507


* 3 th kpt (=[0.5 0.5 0. ])
num        occ        value
1          6.0        -0.22754947019714394
2          6.0        -0.2275465177528274
3          6.0        -0.22754300076492617
4          6.0        -0.22754080893541
5          6.0        -0.06423303913371226
6          6.0        -0.06422612864618639
7          6.0        -0.064222177957481
8          6.0        -0.06421882032496294
9          6.0        -0.0007903770572237667
10         6.0        -0.0007888500926885774
11         6.0        -0.0007871188382487187
12         6.0        -0.0007844870798904993
13         6.0        0.08871435018821523
14         6.0        0.08872262240642366
15         6.0        0.08872419731140817
16         6.0        0.08874541161204237
17         0.0        0.22642276682179258
18         0.0        0.22642490918610877
19         0.0        0.2264272448288645
20         0.0        0.22644372560223555


* 4 th kpt (=[0.5 0.5 0.5])
num        occ        value
1          2.0        -0.2168939125550586
2          2.0        -0.2168928352639713
3          2.0        -0.21688996577139497
4          2.0        -0.216885213553754
5          2.0        -0.11915987578631244
6          2.0        -0.11915465745401858
7          2.0        -0.11915003563937214
8          2.0        -0.11914935912501025
9          2.0        0.09336127517722388
10         2.0        0.09336231393814545
11         2.0        0.09336546582917309
12         2.0        0.09336957290896852
13         2.0        0.09353461107056146
14         2.0        0.09353677536453829
15         2.0        0.09353949746587871
16         2.0        0.0935430373867458
17         0.0        0.19236749545556023
18         0.0        0.19236864598013712
19         0.0        0.19237080434991016
20         0.0        0.19237161001910688


Integral of density (=32.000000000000014) is normalized to 32.00000000000001
Orbital energy difference = -0.0006237424894384169
Density difference (relative) = 0.0002479055143571918
Elapsed time[calc_external_energy]: 7.843971252441406e-05 sec
Debug: sparse nonlocal_op@@@@@@@@@@@@@@@@@@@@@@@@@@@@@@@@@@
Debug: sparse nonlocal_op@@@@@@@@@@@@@@@@@@@@@@@@@@@@@@@@@@
Debug: sparse nonlocal_op@@@@@@@@@@@@@@@@@@@@@@@@@@@@@@@@@@
Debug: sparse nonlocal_op@@@@@@@@@@@@@@@@@@@@@@@@@@@@@@@@@@
Debug: sparse nonlocal_op@@@@@@@@@@@@@@@@@@@@@@@@@@@@@@@@@@
Debug: sparse nonlocal_op@@@@@@@@@@@@@@@@@@@@@@@@@@@@@@@@@@
Debug: sparse nonlocal_op@@@@@@@@@@@@@@@@@@@@@@@@@@@@@@@@@@
Debug: sparse nonlocal_op@@@@@@@@@@@@@@@@@@@@@@@@@@@@@@@@@@
Debug: sparse nonlocal_op@@@@@@@@@@@@@@@@@@@@@@@@@@@@@@@@@@
Debug: sparse nonlocal_op@@@@@@@@@@@@@@@@@@@@@@@@@@@@@@@@@@
Debug: sparse nonlocal_op@@@@@@@@@@@@@@@@@@@@@@@@@@@@@@@@@@
Debug: sparse nonlocal_op@@@@@@@@@@@@@@@@@@@@@@@@@@@@@@@@@@
Debug: sparse nonlocal_op@@@@@@@@@@@@@@@@@@@@@@@@@@@@@@@@@@
Debug: sparse nonlocal_op@@@@@@@@@@@@@@@@@@@@@@@@@@@@@@@@@@
Debug: sparse nonlocal_op@@@@@@@@@@@@@@@@@@@@@@@@@@@@@@@@@@
Debug: sparse nonlocal_op@@@@@@@@@@@@@@@@@@@@@@@@@@@@@@@@@@
Debug: sparse nonlocal_op@@@@@@@@@@@@@@@@@@@@@@@@@@@@@@@@@@
Debug: sparse nonlocal_op@@@@@@@@@@@@@@@@@@@@@@@@@@@@@@@@@@
Debug: sparse nonlocal_op@@@@@@@@@@@@@@@@@@@@@@@@@@@@@@@@@@
Debug: sparse nonlocal_op@@@@@@@@@@@@@@@@@@@@@@@@@@@@@@@@@@
Debug: sparse nonlocal_op@@@@@@@@@@@@@@@@@@@@@@@@@@@@@@@@@@
Debug: sparse nonlocal_op@@@@@@@@@@@@@@@@@@@@@@@@@@@@@@@@@@
Debug: sparse nonlocal_op@@@@@@@@@@@@@@@@@@@@@@@@@@@@@@@@@@
Debug: sparse nonlocal_op@@@@@@@@@@@@@@@@@@@@@@@@@@@@@@@@@@
Debug: sparse nonlocal_op@@@@@@@@@@@@@@@@@@@@@@@@@@@@@@@@@@
Debug: sparse nonlocal_op@@@@@@@@@@@@@@@@@@@@@@@@@@@@@@@@@@
Debug: sparse nonlocal_op@@@@@@@@@@@@@@@@@@@@@@@@@@@@@@@@@@
Debug: sparse nonlocal_op@@@@@@@@@@@@@@@@@@@@@@@@@@@@@@@@@@
Debug: sparse nonlocal_op@@@@@@@@@@@@@@@@@@@@@@@@@@@@@@@@@@
Debug: sparse nonlocal_op@@@@@@@@@@@@@@@@@@@@@@@@@@@@@@@@@@
Debug: sparse nonlocal_op@@@@@@@@@@@@@@@@@@@@@@@@@@@@@@@@@@
Debug: sparse nonlocal_op@@@@@@@@@@@@@@@@@@@@@@@@@@@@@@@@@@
Debug: sparse nonlocal_op@@@@@@@@@@@@@@@@@@@@@@@@@@@@@@@@@@
Debug: sparse nonlocal_op@@@@@@@@@@@@@@@@@@@@@@@@@@@@@@@@@@
Debug: sparse nonlocal_op@@@@@@@@@@@@@@@@@@@@@@@@@@@@@@@@@@
Debug: sparse nonlocal_op@@@@@@@@@@@@@@@@@@@@@@@@@@@@@@@@@@
Debug: sparse nonlocal_op@@@@@@@@@@@@@@@@@@@@@@@@@@@@@@@@@@
Debug: sparse nonlocal_op@@@@@@@@@@@@@@@@@@@@@@@@@@@@@@@@@@
Debug: sparse nonlocal_op@@@@@@@@@@@@@@@@@@@@@@@@@@@@@@@@@@
Debug: sparse nonlocal_op@@@@@@@@@@@@@@@@@@@@@@@@@@@@@@@@@@
Debug: sparse nonlocal_op@@@@@@@@@@@@@@@@@@@@@@@@@@@@@@@@@@
Debug: sparse nonlocal_op@@@@@@@@@@@@@@@@@@@@@@@@@@@@@@@@@@
Debug: sparse nonlocal_op@@@@@@@@@@@@@@@@@@@@@@@@@@@@@@@@@@
Debug: sparse nonlocal_op@@@@@@@@@@@@@@@@@@@@@@@@@@@@@@@@@@
Debug: sparse nonlocal_op@@@@@@@@@@@@@@@@@@@@@@@@@@@@@@@@@@
Debug: sparse nonlocal_op@@@@@@@@@@@@@@@@@@@@@@@@@@@@@@@@@@
Debug: sparse nonlocal_op@@@@@@@@@@@@@@@@@@@@@@@@@@@@@@@@@@
Debug: sparse nonlocal_op@@@@@@@@@@@@@@@@@@@@@@@@@@@@@@@@@@
Debug: sparse nonlocal_op@@@@@@@@@@@@@@@@@@@@@@@@@@@@@@@@@@
Debug: sparse nonlocal_op@@@@@@@@@@@@@@@@@@@@@@@@@@@@@@@@@@
Debug: sparse nonlocal_op@@@@@@@@@@@@@@@@@@@@@@@@@@@@@@@@@@
Debug: sparse nonlocal_op@@@@@@@@@@@@@@@@@@@@@@@@@@@@@@@@@@
Debug: sparse nonlocal_op@@@@@@@@@@@@@@@@@@@@@@@@@@@@@@@@@@
Debug: sparse nonlocal_op@@@@@@@@@@@@@@@@@@@@@@@@@@@@@@@@@@
Debug: sparse nonlocal_op@@@@@@@@@@@@@@@@@@@@@@@@@@@@@@@@@@
Debug: sparse nonlocal_op@@@@@@@@@@@@@@@@@@@@@@@@@@@@@@@@@@
Debug: sparse nonlocal_op@@@@@@@@@@@@@@@@@@@@@@@@@@@@@@@@@@
Debug: sparse nonlocal_op@@@@@@@@@@@@@@@@@@@@@@@@@@@@@@@@@@
Debug: sparse nonlocal_op@@@@@@@@@@@@@@@@@@@@@@@@@@@@@@@@@@
Debug: sparse nonlocal_op@@@@@@@@@@@@@@@@@@@@@@@@@@@@@@@@@@
Debug: sparse nonlocal_op@@@@@@@@@@@@@@@@@@@@@@@@@@@@@@@@@@
Debug: sparse nonlocal_op@@@@@@@@@@@@@@@@@@@@@@@@@@@@@@@@@@
Debug: sparse nonlocal_op@@@@@@@@@@@@@@@@@@@@@@@@@@@@@@@@@@
Debug: sparse nonlocal_op@@@@@@@@@@@@@@@@@@@@@@@@@@@@@@@@@@
Elapsed time[calc_nonlocal_energy]: 0.020705699920654297 sec

============ Energy (Hartree) ============
|   Total Energy        : -38.6999867087 |
------------------------------------------
| * Ion-ion Energy      : 0.0            |
| * Eigenvals sum for 0 : -1.5345596136  |
| * Hartree Energy      : 13.8864529362  |
| * XC Energy           : -17.4024398632 |
| * Kinetic Energy      : 12.2976651976  |
| * External Energy     : -54.4699671856 |
| * Non-local Energy    : 6.9883022063   |
==========================================
Elapsed time[calc_and_print_energies]: 0.06925415992736816 sec
Total energy difference = 0.002061549049123812 Hartree
Elapsed time for 8 th cycle: 6.255820989608765 sec

==================== [ END CYCLE 8 ] ====================
Elapsed time[_get_mixed_var]: 0.0004761219024658203 sec
Elapsed time[compute_potential]: 0.006958723068237305 sec
Elapsed time[compute]: 0.020081758499145508 sec

==================== [ SCF CYCLE 9 ] ====================
Debug: sparse nonlocal_op@@@@@@@@@@@@@@@@@@@@@@@@@@@@@@@@@@
Debug: sparse nonlocal_op@@@@@@@@@@@@@@@@@@@@@@@@@@@@@@@@@@
Debug: sparse nonlocal_op@@@@@@@@@@@@@@@@@@@@@@@@@@@@@@@@@@
Debug: sparse nonlocal_op@@@@@@@@@@@@@@@@@@@@@@@@@@@@@@@@@@
Elapsed time[diagonalize]: 6.196354866027832 sec

[ PRINT EIGENVALUES ]
( spin alpha )
* 1 th kpt (=[0. 0. 0.])
num        occ        value
1          2.0        -0.30289906731846106
2          2.0        -0.1509714362242846
3          2.0        -0.15096234501825667
4          2.0        -0.15095343859712473
5          2.0        -0.14947329432956258
6          2.0        -0.14947160930746056
7          2.0        -0.1494571918444549
8          2.0        0.032359743991554425
9          2.0        0.03237101038779435
10         2.0        0.03242751704803499
11         2.0        0.032433198745323966
12         2.0        0.03246952840112627
13         2.0        0.032475214120248765
14         2.0        0.13746754354411853
15         2.0        0.13751879915499723
16         2.0        0.13776502919069586
17         0.0        0.16220821221379145
18         0.0        0.16251059692456185
19         0.0        0.1627544098403952
20         0.0        0.16352903234875893


* 2 th kpt (=[0.5 0.  0. ])
num        occ        value
1          6.0        -0.26301413335603374
2          6.0        -0.2630133419120025
3          6.0        -0.1449285978868807
4          6.0        -0.14492646516922905
5          6.0        -0.14334698684560018
6          6.0        -0.14334385619772685
7          6.0        -0.004540495953983545
8          6.0        -0.004538405077823247
9          6.0        -0.004399111755089981
10         6.0        -0.004395916998039416
11         6.0        0.007939204726807854
12         6.0        0.007956305602123648
13         6.0        0.06786735868424305
14         6.0        0.06786952432972085
15         6.0        0.06794860963919105
16         6.0        0.0679506675200057
17         0.0        0.17843464421967453
18         0.0        0.17844207605609086
19         0.0        0.2515465108990291
20         0.0        0.25158398031795326


* 3 th kpt (=[0.5 0.5 0. ])
num        occ        value
1          6.0        -0.22754608683210234
2          6.0        -0.22754527455194196
3          6.0        -0.22754209462639288
4          6.0        -0.22754112976837831
5          6.0        -0.0642290934691447
6          6.0        -0.06422596052939383
7          6.0        -0.06422130732583077
8          6.0        -0.06421996392482524
9          6.0        -0.0007866179703565679
10         6.0        -0.0007860019982993058
11         6.0        -0.000784355473869088
12         6.0        -0.0007828395056136222
13         6.0        0.08871112913451712
14         6.0        0.08872466056966834
15         6.0        0.08872639959520957
16         6.0        0.08874209996963259
17         0.0        0.22642499481718636
18         0.0        0.22643304491800723
19         0.0        0.22643537115811585
20         0.0        0.22644523815779297


* 4 th kpt (=[0.5 0.5 0.5])
num        occ        value
1          2.0        -0.21689123512674893
2          2.0        -0.21689013476383326
3          2.0        -0.21688940465663634
4          2.0        -0.2168881216149286
5          2.0        -0.1191529231244114
6          2.0        -0.11915107126416496
7          2.0        -0.11915011964221832
8          2.0        -0.11914802102457389
9          2.0        0.09336273412474565
10         2.0        0.09336437037536469
11         2.0        0.0933645909237655
12         2.0        0.09336542385731059
13         2.0        0.09353675185209277
14         2.0        0.09353701411117864
15         2.0        0.09353814082995329
16         2.0        0.09353909376157252
17         0.0        0.1923759131928228
18         0.0        0.19237634932512818
19         0.0        0.1923768201560771
20         0.0        0.19237793139650533


Integral of density (=32.000000000000085) is normalized to 32.0
Orbital energy difference = 2.9628176320795063e-05
Density difference (relative) = 0.00014077095457108501
Elapsed time[calc_external_energy]: 4.482269287109375e-05 sec
Debug: sparse nonlocal_op@@@@@@@@@@@@@@@@@@@@@@@@@@@@@@@@@@
Debug: sparse nonlocal_op@@@@@@@@@@@@@@@@@@@@@@@@@@@@@@@@@@
Debug: sparse nonlocal_op@@@@@@@@@@@@@@@@@@@@@@@@@@@@@@@@@@
Debug: sparse nonlocal_op@@@@@@@@@@@@@@@@@@@@@@@@@@@@@@@@@@
Debug: sparse nonlocal_op@@@@@@@@@@@@@@@@@@@@@@@@@@@@@@@@@@
Debug: sparse nonlocal_op@@@@@@@@@@@@@@@@@@@@@@@@@@@@@@@@@@
Debug: sparse nonlocal_op@@@@@@@@@@@@@@@@@@@@@@@@@@@@@@@@@@
Debug: sparse nonlocal_op@@@@@@@@@@@@@@@@@@@@@@@@@@@@@@@@@@
Debug: sparse nonlocal_op@@@@@@@@@@@@@@@@@@@@@@@@@@@@@@@@@@
Debug: sparse nonlocal_op@@@@@@@@@@@@@@@@@@@@@@@@@@@@@@@@@@
Debug: sparse nonlocal_op@@@@@@@@@@@@@@@@@@@@@@@@@@@@@@@@@@
Debug: sparse nonlocal_op@@@@@@@@@@@@@@@@@@@@@@@@@@@@@@@@@@
Debug: sparse nonlocal_op@@@@@@@@@@@@@@@@@@@@@@@@@@@@@@@@@@
Debug: sparse nonlocal_op@@@@@@@@@@@@@@@@@@@@@@@@@@@@@@@@@@
Debug: sparse nonlocal_op@@@@@@@@@@@@@@@@@@@@@@@@@@@@@@@@@@
Debug: sparse nonlocal_op@@@@@@@@@@@@@@@@@@@@@@@@@@@@@@@@@@
Debug: sparse nonlocal_op@@@@@@@@@@@@@@@@@@@@@@@@@@@@@@@@@@
Debug: sparse nonlocal_op@@@@@@@@@@@@@@@@@@@@@@@@@@@@@@@@@@
Debug: sparse nonlocal_op@@@@@@@@@@@@@@@@@@@@@@@@@@@@@@@@@@
Debug: sparse nonlocal_op@@@@@@@@@@@@@@@@@@@@@@@@@@@@@@@@@@
Debug: sparse nonlocal_op@@@@@@@@@@@@@@@@@@@@@@@@@@@@@@@@@@
Debug: sparse nonlocal_op@@@@@@@@@@@@@@@@@@@@@@@@@@@@@@@@@@
Debug: sparse nonlocal_op@@@@@@@@@@@@@@@@@@@@@@@@@@@@@@@@@@
Debug: sparse nonlocal_op@@@@@@@@@@@@@@@@@@@@@@@@@@@@@@@@@@
Debug: sparse nonlocal_op@@@@@@@@@@@@@@@@@@@@@@@@@@@@@@@@@@
Debug: sparse nonlocal_op@@@@@@@@@@@@@@@@@@@@@@@@@@@@@@@@@@
Debug: sparse nonlocal_op@@@@@@@@@@@@@@@@@@@@@@@@@@@@@@@@@@
Debug: sparse nonlocal_op@@@@@@@@@@@@@@@@@@@@@@@@@@@@@@@@@@
Debug: sparse nonlocal_op@@@@@@@@@@@@@@@@@@@@@@@@@@@@@@@@@@
Debug: sparse nonlocal_op@@@@@@@@@@@@@@@@@@@@@@@@@@@@@@@@@@
Debug: sparse nonlocal_op@@@@@@@@@@@@@@@@@@@@@@@@@@@@@@@@@@
Debug: sparse nonlocal_op@@@@@@@@@@@@@@@@@@@@@@@@@@@@@@@@@@
Debug: sparse nonlocal_op@@@@@@@@@@@@@@@@@@@@@@@@@@@@@@@@@@
Debug: sparse nonlocal_op@@@@@@@@@@@@@@@@@@@@@@@@@@@@@@@@@@
Debug: sparse nonlocal_op@@@@@@@@@@@@@@@@@@@@@@@@@@@@@@@@@@
Debug: sparse nonlocal_op@@@@@@@@@@@@@@@@@@@@@@@@@@@@@@@@@@
Debug: sparse nonlocal_op@@@@@@@@@@@@@@@@@@@@@@@@@@@@@@@@@@
Debug: sparse nonlocal_op@@@@@@@@@@@@@@@@@@@@@@@@@@@@@@@@@@
Debug: sparse nonlocal_op@@@@@@@@@@@@@@@@@@@@@@@@@@@@@@@@@@
Debug: sparse nonlocal_op@@@@@@@@@@@@@@@@@@@@@@@@@@@@@@@@@@
Debug: sparse nonlocal_op@@@@@@@@@@@@@@@@@@@@@@@@@@@@@@@@@@
Debug: sparse nonlocal_op@@@@@@@@@@@@@@@@@@@@@@@@@@@@@@@@@@
Debug: sparse nonlocal_op@@@@@@@@@@@@@@@@@@@@@@@@@@@@@@@@@@
Debug: sparse nonlocal_op@@@@@@@@@@@@@@@@@@@@@@@@@@@@@@@@@@
Debug: sparse nonlocal_op@@@@@@@@@@@@@@@@@@@@@@@@@@@@@@@@@@
Debug: sparse nonlocal_op@@@@@@@@@@@@@@@@@@@@@@@@@@@@@@@@@@
Debug: sparse nonlocal_op@@@@@@@@@@@@@@@@@@@@@@@@@@@@@@@@@@
Debug: sparse nonlocal_op@@@@@@@@@@@@@@@@@@@@@@@@@@@@@@@@@@
Debug: sparse nonlocal_op@@@@@@@@@@@@@@@@@@@@@@@@@@@@@@@@@@
Debug: sparse nonlocal_op@@@@@@@@@@@@@@@@@@@@@@@@@@@@@@@@@@
Debug: sparse nonlocal_op@@@@@@@@@@@@@@@@@@@@@@@@@@@@@@@@@@
Debug: sparse nonlocal_op@@@@@@@@@@@@@@@@@@@@@@@@@@@@@@@@@@
Debug: sparse nonlocal_op@@@@@@@@@@@@@@@@@@@@@@@@@@@@@@@@@@
Debug: sparse nonlocal_op@@@@@@@@@@@@@@@@@@@@@@@@@@@@@@@@@@
Debug: sparse nonlocal_op@@@@@@@@@@@@@@@@@@@@@@@@@@@@@@@@@@
Debug: sparse nonlocal_op@@@@@@@@@@@@@@@@@@@@@@@@@@@@@@@@@@
Debug: sparse nonlocal_op@@@@@@@@@@@@@@@@@@@@@@@@@@@@@@@@@@
Debug: sparse nonlocal_op@@@@@@@@@@@@@@@@@@@@@@@@@@@@@@@@@@
Debug: sparse nonlocal_op@@@@@@@@@@@@@@@@@@@@@@@@@@@@@@@@@@
Debug: sparse nonlocal_op@@@@@@@@@@@@@@@@@@@@@@@@@@@@@@@@@@
Debug: sparse nonlocal_op@@@@@@@@@@@@@@@@@@@@@@@@@@@@@@@@@@
Debug: sparse nonlocal_op@@@@@@@@@@@@@@@@@@@@@@@@@@@@@@@@@@
Debug: sparse nonlocal_op@@@@@@@@@@@@@@@@@@@@@@@@@@@@@@@@@@
Debug: sparse nonlocal_op@@@@@@@@@@@@@@@@@@@@@@@@@@@@@@@@@@
Elapsed time[calc_nonlocal_energy]: 0.020885705947875977 sec

============ Energy (Hartree) ============
|   Total Energy        : -38.7002116971 |
------------------------------------------
| * Ion-ion Energy      : 0.0            |
| * Eigenvals sum for 0 : -1.5345299854  |
| * Hartree Energy      : 13.8863308832  |
| * XC Energy           : -17.4025436752 |
| * Kinetic Energy      : 12.2977029378  |
| * External Energy     : -54.4699431569 |
| * Non-local Energy    : 6.9882413141   |
==========================================
Elapsed time[calc_and_print_energies]: 0.06677889823913574 sec
Total energy difference = -0.00022498842426443844 Hartree
Elapsed time for 9 th cycle: 6.273486375808716 sec

==================== [ END CYCLE 9 ] ====================
Elapsed time[_get_mixed_var]: 0.00033736228942871094 sec
Elapsed time[compute_potential]: 0.006773948669433594 sec
Elapsed time[compute]: 0.01978754997253418 sec

==================== [ SCF CYCLE 10 ] ====================
Debug: sparse nonlocal_op@@@@@@@@@@@@@@@@@@@@@@@@@@@@@@@@@@
Debug: sparse nonlocal_op@@@@@@@@@@@@@@@@@@@@@@@@@@@@@@@@@@
Debug: sparse nonlocal_op@@@@@@@@@@@@@@@@@@@@@@@@@@@@@@@@@@
Debug: sparse nonlocal_op@@@@@@@@@@@@@@@@@@@@@@@@@@@@@@@@@@
Elapsed time[diagonalize]: 6.251908302307129 sec

[ PRINT EIGENVALUES ]
( spin alpha )
* 1 th kpt (=[0. 0. 0.])
num        occ        value
1          2.0        -0.3028943631077504
2          2.0        -0.15096753724593484
3          2.0        -0.15095905485513886
4          2.0        -0.15095038664466442
5          2.0        -0.14946877812889686
6          2.0        -0.1494662520029323
7          2.0        -0.1494521305954446
8          2.0        0.03236302270827984
9          2.0        0.032372828197239224
10         2.0        0.032430525399825806
11         2.0        0.032434297578228084
12         2.0        0.03247138199152179
13         2.0        0.03247758915487323
14         2.0        0.13747139215207274
15         2.0        0.13752254671535238
16         2.0        0.13776845067133764
17         0.0        0.16221740597771658
18         0.0        0.16248124106561299
19         0.0        0.1627081885735932
20         0.0        0.16354052032454255


* 2 th kpt (=[0.5 0.  0. ])
num        occ        value
1          6.0        -0.263009440539684
2          6.0        -0.2630089575978876
3          6.0        -0.14492507465074841
4          6.0        -0.14492370822476536
5          6.0        -0.14334185328485538
6          6.0        -0.14333954446802333
7          6.0        -0.004535261984900366
8          6.0        -0.004533737440046659
9          6.0        -0.0043943362211270225
10         6.0        -0.0043918165669524535
11         6.0        0.007943837997737225
12         6.0        0.007960931383823575
13         6.0        0.06786987962809178
14         6.0        0.06787180664651682
15         6.0        0.06795087846963767
16         6.0        0.06795284799544447
17         0.0        0.17844370762581938
18         0.0        0.17845113389702397
19         0.0        0.251555334314117
20         0.0        0.2515927854522009


* 3 th kpt (=[0.5 0.5 0. ])
num        occ        value
1          6.0        -0.22754036059425
2          6.0        -0.2275396684397234
3          6.0        -0.22753911739219246
4          6.0        -0.2275383419399694
5          6.0        -0.06422162519380804
6          6.0        -0.0642213818845764
7          6.0        -0.06422025835487175
8          6.0        -0.06421591146023821
9          6.0        -0.0007812866896669446
10         6.0        -0.0007801346332871631
11         6.0        -0.0007800820157570677
12         6.0        -0.0007788450518619273
13         6.0        0.0887121731961294
14         6.0        0.08872951368978099
15         6.0        0.08872973243693785
16         6.0        0.08874296328845101
17         0.0        0.22643018732127
18         0.0        0.2264429287600029
19         0.0        0.22644310183501087
20         0.0        0.2264503300374415


* 4 th kpt (=[0.5 0.5 0.5])
num        occ        value
1          2.0        -0.21688696507937047
2          2.0        -0.2168865334001891
3          2.0        -0.21688534410596594
4          2.0        -0.2168843569036491
5          2.0        -0.11914713069079956
6          2.0        -0.1191464536770005
7          2.0        -0.1191445331438279
8          2.0        -0.11914256660661014
9          2.0        0.09336586726272075
10         2.0        0.09336683438587899
11         2.0        0.09336726638371548
12         2.0        0.09336869109590122
13         2.0        0.09353890257511484
14         2.0        0.09353953823213655
15         2.0        0.09354103893997313
16         2.0        0.09354149263870702
17         0.0        0.19238621282506377
18         0.0        0.19238663882977441
19         0.0        0.19238728174907166
20         0.0        0.192388074109994


Integral of density (=32.000000000000036) is normalized to 32.00000000000001
Orbital energy difference = 0.00012267042858327137
Density difference (relative) = 3.602720864343385e-05
Elapsed time[calc_external_energy]: 4.458427429199219e-05 sec
Debug: sparse nonlocal_op@@@@@@@@@@@@@@@@@@@@@@@@@@@@@@@@@@
Debug: sparse nonlocal_op@@@@@@@@@@@@@@@@@@@@@@@@@@@@@@@@@@
Debug: sparse nonlocal_op@@@@@@@@@@@@@@@@@@@@@@@@@@@@@@@@@@
Debug: sparse nonlocal_op@@@@@@@@@@@@@@@@@@@@@@@@@@@@@@@@@@
Debug: sparse nonlocal_op@@@@@@@@@@@@@@@@@@@@@@@@@@@@@@@@@@
Debug: sparse nonlocal_op@@@@@@@@@@@@@@@@@@@@@@@@@@@@@@@@@@
Debug: sparse nonlocal_op@@@@@@@@@@@@@@@@@@@@@@@@@@@@@@@@@@
Debug: sparse nonlocal_op@@@@@@@@@@@@@@@@@@@@@@@@@@@@@@@@@@
Debug: sparse nonlocal_op@@@@@@@@@@@@@@@@@@@@@@@@@@@@@@@@@@
Debug: sparse nonlocal_op@@@@@@@@@@@@@@@@@@@@@@@@@@@@@@@@@@
Debug: sparse nonlocal_op@@@@@@@@@@@@@@@@@@@@@@@@@@@@@@@@@@
Debug: sparse nonlocal_op@@@@@@@@@@@@@@@@@@@@@@@@@@@@@@@@@@
Debug: sparse nonlocal_op@@@@@@@@@@@@@@@@@@@@@@@@@@@@@@@@@@
Debug: sparse nonlocal_op@@@@@@@@@@@@@@@@@@@@@@@@@@@@@@@@@@
Debug: sparse nonlocal_op@@@@@@@@@@@@@@@@@@@@@@@@@@@@@@@@@@
Debug: sparse nonlocal_op@@@@@@@@@@@@@@@@@@@@@@@@@@@@@@@@@@
Debug: sparse nonlocal_op@@@@@@@@@@@@@@@@@@@@@@@@@@@@@@@@@@
Debug: sparse nonlocal_op@@@@@@@@@@@@@@@@@@@@@@@@@@@@@@@@@@
Debug: sparse nonlocal_op@@@@@@@@@@@@@@@@@@@@@@@@@@@@@@@@@@
Debug: sparse nonlocal_op@@@@@@@@@@@@@@@@@@@@@@@@@@@@@@@@@@
Debug: sparse nonlocal_op@@@@@@@@@@@@@@@@@@@@@@@@@@@@@@@@@@
Debug: sparse nonlocal_op@@@@@@@@@@@@@@@@@@@@@@@@@@@@@@@@@@
Debug: sparse nonlocal_op@@@@@@@@@@@@@@@@@@@@@@@@@@@@@@@@@@
Debug: sparse nonlocal_op@@@@@@@@@@@@@@@@@@@@@@@@@@@@@@@@@@
Debug: sparse nonlocal_op@@@@@@@@@@@@@@@@@@@@@@@@@@@@@@@@@@
Debug: sparse nonlocal_op@@@@@@@@@@@@@@@@@@@@@@@@@@@@@@@@@@
Debug: sparse nonlocal_op@@@@@@@@@@@@@@@@@@@@@@@@@@@@@@@@@@
Debug: sparse nonlocal_op@@@@@@@@@@@@@@@@@@@@@@@@@@@@@@@@@@
Debug: sparse nonlocal_op@@@@@@@@@@@@@@@@@@@@@@@@@@@@@@@@@@
Debug: sparse nonlocal_op@@@@@@@@@@@@@@@@@@@@@@@@@@@@@@@@@@
Debug: sparse nonlocal_op@@@@@@@@@@@@@@@@@@@@@@@@@@@@@@@@@@
Debug: sparse nonlocal_op@@@@@@@@@@@@@@@@@@@@@@@@@@@@@@@@@@
Debug: sparse nonlocal_op@@@@@@@@@@@@@@@@@@@@@@@@@@@@@@@@@@
Debug: sparse nonlocal_op@@@@@@@@@@@@@@@@@@@@@@@@@@@@@@@@@@
Debug: sparse nonlocal_op@@@@@@@@@@@@@@@@@@@@@@@@@@@@@@@@@@
Debug: sparse nonlocal_op@@@@@@@@@@@@@@@@@@@@@@@@@@@@@@@@@@
Debug: sparse nonlocal_op@@@@@@@@@@@@@@@@@@@@@@@@@@@@@@@@@@
Debug: sparse nonlocal_op@@@@@@@@@@@@@@@@@@@@@@@@@@@@@@@@@@
Debug: sparse nonlocal_op@@@@@@@@@@@@@@@@@@@@@@@@@@@@@@@@@@
Debug: sparse nonlocal_op@@@@@@@@@@@@@@@@@@@@@@@@@@@@@@@@@@
Debug: sparse nonlocal_op@@@@@@@@@@@@@@@@@@@@@@@@@@@@@@@@@@
Debug: sparse nonlocal_op@@@@@@@@@@@@@@@@@@@@@@@@@@@@@@@@@@
Debug: sparse nonlocal_op@@@@@@@@@@@@@@@@@@@@@@@@@@@@@@@@@@
Debug: sparse nonlocal_op@@@@@@@@@@@@@@@@@@@@@@@@@@@@@@@@@@
Debug: sparse nonlocal_op@@@@@@@@@@@@@@@@@@@@@@@@@@@@@@@@@@
Debug: sparse nonlocal_op@@@@@@@@@@@@@@@@@@@@@@@@@@@@@@@@@@
Debug: sparse nonlocal_op@@@@@@@@@@@@@@@@@@@@@@@@@@@@@@@@@@
Debug: sparse nonlocal_op@@@@@@@@@@@@@@@@@@@@@@@@@@@@@@@@@@
Debug: sparse nonlocal_op@@@@@@@@@@@@@@@@@@@@@@@@@@@@@@@@@@
Debug: sparse nonlocal_op@@@@@@@@@@@@@@@@@@@@@@@@@@@@@@@@@@
Debug: sparse nonlocal_op@@@@@@@@@@@@@@@@@@@@@@@@@@@@@@@@@@
Debug: sparse nonlocal_op@@@@@@@@@@@@@@@@@@@@@@@@@@@@@@@@@@
Debug: sparse nonlocal_op@@@@@@@@@@@@@@@@@@@@@@@@@@@@@@@@@@
Debug: sparse nonlocal_op@@@@@@@@@@@@@@@@@@@@@@@@@@@@@@@@@@
Debug: sparse nonlocal_op@@@@@@@@@@@@@@@@@@@@@@@@@@@@@@@@@@
Debug: sparse nonlocal_op@@@@@@@@@@@@@@@@@@@@@@@@@@@@@@@@@@
Debug: sparse nonlocal_op@@@@@@@@@@@@@@@@@@@@@@@@@@@@@@@@@@
Debug: sparse nonlocal_op@@@@@@@@@@@@@@@@@@@@@@@@@@@@@@@@@@
Debug: sparse nonlocal_op@@@@@@@@@@@@@@@@@@@@@@@@@@@@@@@@@@
Debug: sparse nonlocal_op@@@@@@@@@@@@@@@@@@@@@@@@@@@@@@@@@@
Debug: sparse nonlocal_op@@@@@@@@@@@@@@@@@@@@@@@@@@@@@@@@@@
Debug: sparse nonlocal_op@@@@@@@@@@@@@@@@@@@@@@@@@@@@@@@@@@
Debug: sparse nonlocal_op@@@@@@@@@@@@@@@@@@@@@@@@@@@@@@@@@@
Debug: sparse nonlocal_op@@@@@@@@@@@@@@@@@@@@@@@@@@@@@@@@@@
Elapsed time[calc_nonlocal_energy]: 0.021020889282226562 sec

============ Energy (Hartree) ============
|   Total Energy        : -38.7007809669 |
------------------------------------------
| * Ion-ion Energy      : 0.0            |
| * Eigenvals sum for 0 : -1.5344073149  |
| * Hartree Energy      : 13.8860469769  |
| * XC Energy           : -17.4027217378 |
| * Kinetic Energy      : 12.2976976832  |
| * External Energy     : -54.4698677266 |
| * Non-local Energy    : 6.9880638375   |
==========================================
Elapsed time[calc_and_print_energies]: 0.0666646957397461 sec
Total energy difference = -0.0005692697895440801 Hartree
Elapsed time for 10 th cycle: 6.329104423522949 sec

==================== [ END CYCLE 10 ] ====================
Elapsed time[_get_mixed_var]: 0.0003256797790527344 sec
Elapsed time[compute_potential]: 0.00672459602355957 sec
Elapsed time[compute]: 0.019779443740844727 sec

==================== [ SCF CYCLE 11 ] ====================
Debug: sparse nonlocal_op@@@@@@@@@@@@@@@@@@@@@@@@@@@@@@@@@@
Debug: sparse nonlocal_op@@@@@@@@@@@@@@@@@@@@@@@@@@@@@@@@@@
Debug: sparse nonlocal_op@@@@@@@@@@@@@@@@@@@@@@@@@@@@@@@@@@
Debug: sparse nonlocal_op@@@@@@@@@@@@@@@@@@@@@@@@@@@@@@@@@@
Elapsed time[diagonalize]: 6.008455276489258 sec

[ PRINT EIGENVALUES ]
( spin alpha )
* 1 th kpt (=[0. 0. 0.])
num        occ        value
1          2.0        -0.3028938600073877
2          2.0        -0.15096736400713184
3          2.0        -0.1509589180177056
4          2.0        -0.15095028656743423
5          2.0        -0.1494678722134358
6          2.0        -0.14946591968572492
7          2.0        -0.14945172462233589
8          2.0        0.03236315664530035
9          2.0        0.032373065797254214
10         2.0        0.03243056953255546
11         2.0        0.032434459188596464
12         2.0        0.03247154142489687
13         2.0        0.03247761692284194
14         2.0        0.13747168969627266
15         2.0        0.1375228310482228
16         2.0        0.13776868431367567
17         0.0        0.16221746541588009
18         0.0        0.16245319915609108
19         0.0        0.16265993912968763
20         0.0        0.16354222436899904


* 2 th kpt (=[0.5 0.  0. ])
num        occ        value
1          6.0        -0.26300883860851715
2          6.0        -0.26300864461921414
3          6.0        -0.1449245479254451
4          6.0        -0.1449241367720671
5          6.0        -0.14334051881455828
6          6.0        -0.14333987375536456
7          6.0        -0.004534052132465212
8          6.0        -0.00453369713445913
9          6.0        -0.004392832732811528
10         6.0        -0.004392104484961287
11         6.0        0.007944181587885847
12         6.0        0.007961272923208067
13         6.0        0.0678700727851753
14         6.0        0.06787186062923739
15         6.0        0.0679510763614164
16         6.0        0.06795289258914292
17         0.0        0.1784450392477484
18         0.0        0.17845246371276666
19         0.0        0.2515566520284712
20         0.0        0.25159410179672254


* 3 th kpt (=[0.5 0.5 0. ])
num        occ        value
1          6.0        -0.22753947787763862
2          6.0        -0.2275390153513393
3          6.0        -0.22753885230034016
4          6.0        -0.22753859135511778
5          6.0        -0.06422082841579829
6          6.0        -0.06422041070910667
7          6.0        -0.06422000444272007
8          6.0        -0.06421654192637477
9          6.0        -0.0007800004023299587
10         6.0        -0.0007794799889672144
11         6.0        -0.0007793495977634575
12         6.0        -0.0007790143576316299
13         6.0        0.08871279618933242
14         6.0        0.08872917857606043
15         6.0        0.08872938188297615
16         6.0        0.08874353494178033
17         0.0        0.2264317478556672
18         0.0        0.22644323731040858
19         0.0        0.2264433604329373
20         0.0        0.226451881200985


* 4 th kpt (=[0.5 0.5 0.5])
num        occ        value
1          2.0        -0.21688606248967238
2          2.0        -0.2168856682226192
3          2.0        -0.21688526194303492
4          2.0        -0.21688500677403652
5          2.0        -0.11914523939981063
6          2.0        -0.11914515582348377
7          2.0        -0.11914424654956782
8          2.0        -0.11914340513355996
9          2.0        0.09336688738884721
10         2.0        0.09336716175676411
11         2.0        0.09336736685143898
12         2.0        0.09336789976674696
13         2.0        0.09353971530089251
14         2.0        0.09354001269972059
15         2.0        0.0935406639261585
16         2.0        0.09354101038086059
17         0.0        0.19238800802494802
18         0.0        0.19238823909406808
19         0.0        0.19238848153464952
20         0.0        0.19238866937307736


/home/jhwoo/programs/gospel/gospel/Eigensolver/Scipy.py:60: UserWarning: Exited at iteration 20 with accuracies 
[9.52231234e-07+0.j 9.49754566e-07+0.j 8.35134781e-07+0.j
 9.61003619e-07+0.j 2.16204608e-06+0.j 2.45196927e-06+0.j
 2.45191294e-06+0.j 2.32792981e-06+0.j 3.92790691e-06+0.j
 3.23745035e-06+0.j 4.06035819e-06+0.j 4.05171840e-06+0.j
 6.40768567e-06+0.j 4.56892968e-06+0.j 7.47185265e-06+0.j
 6.46991364e-06+0.j 3.05089562e-05+0.j 2.18777381e-05+0.j
 3.08956523e-05+0.j 3.37576813e-05+0.j]
not reaching the requested tolerance 1e-07.
  val, vec = lobpcg(
/home/jhwoo/programs/gospel/gospel/Eigensolver/Scipy.py:60: UserWarning: Exited at iteration 20 with accuracies 
[1.11225822e-06+0.j 1.48946125e-06+0.j 1.19000897e-06+0.j
 1.33888710e-06+0.j 2.58322114e-06+0.j 2.23742846e-06+0.j
 2.91214584e-06+0.j 2.52789463e-06+0.j 8.19461042e-06+0.j
 1.14517781e-05+0.j 1.33851420e-05+0.j 9.93173140e-06+0.j
 9.10395831e-06+0.j 9.24832890e-06+0.j 1.07696807e-05+0.j
 1.16731882e-05+0.j 3.04509521e-05+0.j 3.25228619e-05+0.j
 2.54316358e-05+0.j 2.55228431e-05+0.j]
not reaching the requested tolerance 1e-07.
  val, vec = lobpcg(
/home/jhwoo/programs/gospel/gospel/Eigensolver/Scipy.py:60: UserWarning: Exited at iteration 20 with accuracies 
[2.53486420e-07 4.07641364e-07 4.01071943e-07 6.15632231e-07
 3.26003273e-07 3.12902760e-07 6.38822459e-07 1.08166344e-06
 1.65741740e-06 1.40027179e-06 1.07803428e-06 1.12909531e-06
 7.13616188e-07 2.85739866e-05 1.23102226e-05 2.90176646e-05
 1.39105425e-03 8.33553410e-03 7.72629564e-03 8.12229396e-04]
not reaching the requested tolerance 1e-07.
  val, vec = lobpcg(
/home/jhwoo/programs/gospel/gospel/Eigensolver/Scipy.py:60: UserWarning: Exited at iteration 20 with accuracies 
[1.46734301e-07+0.j 1.55142670e-07+0.j 2.80044698e-07+0.j
 3.69012524e-07+0.j 3.59195054e-07+0.j 3.57687617e-07+0.j
 1.18028820e-06+0.j 1.13667608e-06+0.j 1.20535394e-06+0.j
 1.30454554e-06+0.j 6.22867987e-07+0.j 6.11127441e-07+0.j
 8.97163163e-07+0.j 8.50884922e-07+0.j 8.48109536e-07+0.j
 9.49259649e-07+0.j 3.79666123e-06+0.j 3.71633602e-06+0.j
 5.97152401e-05+0.j 6.29710259e-05+0.j]
not reaching the requested tolerance 1e-07.
  val, vec = lobpcg(
/home/jhwoo/programs/gospel/gospel/Eigensolver/Scipy.py:60: UserWarning: Exited at iteration 20 with accuracies 
[2.25020090e-07+0.j 2.10806480e-07+0.j 2.04311782e-07+0.j
 2.15188231e-07+0.j 4.31087323e-07+0.j 4.13247358e-07+0.j
 3.88563545e-07+0.j 4.25528598e-07+0.j 7.28822851e-07+0.j
 1.08776293e-06+0.j 1.00503546e-06+0.j 8.03082612e-07+0.j
 1.36537341e-06+0.j 1.23079347e-06+0.j 1.11856207e-06+0.j
 1.35109593e-06+0.j 6.68782651e-06+0.j 7.88793799e-06+0.j
 7.37628497e-06+0.j 6.98449081e-06+0.j]
not reaching the requested tolerance 1e-07.
  val, vec = lobpcg(
/home/jhwoo/programs/gospel/gospel/Eigensolver/Scipy.py:60: UserWarning: Exited at iteration 20 with accuracies 
[2.74441425e-07+0.j 2.86903652e-07+0.j 3.16702218e-07+0.j
 3.35033137e-07+0.j 3.76454649e-07+0.j 4.22067294e-07+0.j
 3.60658105e-07+0.j 4.90053358e-07+0.j 1.95356725e-06+0.j
 1.90476570e-06+0.j 1.68472568e-06+0.j 2.27048180e-06+0.j
 2.53831615e-06+0.j 1.77694035e-06+0.j 1.38323502e-06+0.j
 2.31174400e-06+0.j 8.98410717e-06+0.j 8.94723575e-06+0.j
 7.09106372e-06+0.j 8.65353097e-06+0.j]
not reaching the requested tolerance 1e-07.
  val, vec = lobpcg(
/home/jhwoo/programs/gospel/gospel/Eigensolver/Scipy.py:60: UserWarning: Exited at iteration 20 with accuracies 
[1.49564520e-07 3.89279604e-07 3.56164743e-07 3.32408058e-07
 4.21242974e-07 3.40247382e-07 3.76114280e-07 5.14845447e-07
 2.33840853e-06 2.00491146e-06 4.83883262e-07 6.70626267e-07
 1.37869579e-06 9.26391703e-06 5.26159103e-06 9.30762291e-06
 1.31195154e-03 6.58134201e-03 8.11132979e-03 7.52238259e-04]
not reaching the requested tolerance 1e-07.
  val, vec = lobpcg(
/home/jhwoo/programs/gospel/gospel/Eigensolver/Scipy.py:60: UserWarning: Exited at iteration 20 with accuracies 
[1.44565413e-07+0.j 1.49407072e-07+0.j 2.81768461e-07+0.j
 2.25754102e-07+0.j 3.03181762e-07+0.j 3.11723131e-07+0.j
 8.55123118e-07+0.j 9.68881375e-07+0.j 8.77219410e-07+0.j
 8.64356386e-07+0.j 5.99993079e-07+0.j 5.97998398e-07+0.j
 1.04139251e-06+0.j 1.07283973e-06+0.j 1.03744746e-06+0.j
 1.07549764e-06+0.j 1.91898002e-06+0.j 1.98370986e-06+0.j
 1.74716553e-05+0.j 2.12191422e-05+0.j]
not reaching the requested tolerance 1e-07.
  val, vec = lobpcg(
/home/jhwoo/programs/gospel/gospel/Eigensolver/Scipy.py:60: UserWarning: Exited at iteration 20 with accuracies 
[1.75658302e-07+0.j 2.04234127e-07+0.j 1.89545680e-07+0.j
 1.95694642e-07+0.j 4.34131077e-07+0.j 4.68833552e-07+0.j
 4.58528605e-07+0.j 4.43572508e-07+0.j 8.06834999e-07+0.j
 8.13427137e-07+0.j 9.43822503e-07+0.j 7.70140462e-07+0.j
 1.04311665e-06+0.j 1.05779960e-06+0.j 9.31957986e-07+0.j
 1.03959057e-06+0.j 4.97172332e-06+0.j 4.25853400e-06+0.j
 2.56596508e-06+0.j 4.62502715e-06+0.j]
not reaching the requested tolerance 1e-07.
  val, vec = lobpcg(
/home/jhwoo/programs/gospel/gospel/Eigensolver/Scipy.py:60: UserWarning: Exited at iteration 20 with accuracies 
[2.42444469e-07+0.j 1.89475743e-07+0.j 1.88311661e-07+0.j
 2.27959910e-07+0.j 5.83400762e-07+0.j 7.14860419e-07+0.j
 5.84707854e-07+0.j 6.13932429e-07+0.j 9.56505865e-07+0.j
 1.29215950e-06+0.j 1.93111640e-06+0.j 2.05504001e-06+0.j
 2.09657897e-06+0.j 1.36463795e-06+0.j 8.93433605e-07+0.j
 1.74393709e-06+0.j 2.89286087e-06+0.j 3.75902060e-06+0.j
 3.33703657e-06+0.j 4.07397658e-06+0.j]
not reaching the requested tolerance 1e-07.
  val, vec = lobpcg(
/home/jhwoo/programs/gospel/gospel/Eigensolver/Scipy.py:60: UserWarning: Exited at iteration 20 with accuracies 
[6.77247712e-08 7.61727017e-08 8.04692242e-08 1.32900223e-07
 7.30740355e-08 8.42610134e-08 9.53811659e-08 1.71116625e-07
 2.99462908e-07 2.60157583e-07 2.07540150e-07 2.18472655e-07
 1.47415513e-07 1.48229949e-06 1.99908881e-06 1.44676332e-06
 1.36564407e-03 5.99068186e-03 6.96203754e-03 6.30138508e-04]
not reaching the requested tolerance 1e-07.
  val, vec = lobpcg(
/home/jhwoo/programs/gospel/gospel/Eigensolver/Scipy.py:60: UserWarning: Exited at iteration 20 with accuracies 
[7.01413198e-08+0.j 7.68281377e-08+0.j 7.82670029e-08+0.j
 7.99533066e-08+0.j 7.61150564e-08+0.j 7.73060222e-08+0.j
 2.09951439e-07+0.j 2.25712841e-07+0.j 2.07859661e-07+0.j
 2.22592069e-07+0.j 1.06332909e-07+0.j 1.03675428e-07+0.j
 1.96015959e-07+0.j 1.97778884e-07+0.j 2.00810896e-07+0.j
 2.04447173e-07+0.j 5.68461737e-07+0.j 6.00156342e-07+0.j
 6.83135105e-06+0.j 7.46420438e-06+0.j]
not reaching the requested tolerance 1e-07.
  val, vec = lobpcg(
/home/jhwoo/programs/gospel/gospel/Eigensolver/Scipy.py:60: UserWarning: Exited at iteration 20 with accuracies 
[6.14612461e-08+0.j 7.65357917e-08+0.j 7.00894223e-08+0.j
 6.53700518e-08+0.j 9.67648736e-08+0.j 8.05595324e-08+0.j
 8.67716765e-08+0.j 9.66907498e-08+0.j 1.60907899e-07+0.j
 1.49515457e-07+0.j 1.74850459e-07+0.j 1.92285922e-07+0.j
 2.40392388e-07+0.j 2.25157356e-07+0.j 2.38214086e-07+0.j
 2.40454873e-07+0.j 1.12613389e-06+0.j 1.21069487e-06+0.j
 1.31335930e-06+0.j 1.07454765e-06+0.j]
not reaching the requested tolerance 1e-07.
  val, vec = lobpcg(
/home/jhwoo/programs/gospel/gospel/Eigensolver/Scipy.py:60: UserWarning: Exited at iteration 20 with accuracies 
[7.07305762e-08+0.j 7.32370892e-08+0.j 7.40832070e-08+0.j
 7.22655042e-08+0.j 7.60528485e-08+0.j 8.40801465e-08+0.j
 7.82180245e-08+0.j 7.40816538e-08+0.j 4.02099230e-07+0.j
 3.40907591e-07+0.j 2.74866439e-07+0.j 3.88305432e-07+0.j
 3.31753450e-07+0.j 4.33483175e-07+0.j 3.75470878e-07+0.j
 2.62174036e-07+0.j 7.09262165e-07+0.j 8.47046128e-07+0.j
 8.27341856e-07+0.j 8.42089484e-07+0.j]
not reaching the requested tolerance 1e-07.
  val, vec = lobpcg(
/home/jhwoo/programs/gospel/gospel/Eigensolver/Scipy.py:60: UserWarning: Exited at iteration 20 with accuracies 
[5.70988685e-08 7.08980110e-08 6.82385453e-08 8.09468756e-08
 6.74645380e-08 6.37143608e-08 6.19201687e-08 1.29920424e-07
 1.34752735e-07 1.26459419e-07 9.96624897e-08 1.54180146e-07
 1.67074731e-07 9.56807109e-07 1.26852934e-06 5.56261338e-07
 1.87756943e-03 6.63781351e-03 9.30198634e-03 7.71167403e-04]
not reaching the requested tolerance 1e-07.
  val, vec = lobpcg(
Integral of density (=32.00000000000005) is normalized to 32.0
Orbital energy difference = 1.0976315750088617e-05
Density difference (relative) = 1.94840862297073e-05
Elapsed time[calc_external_energy]: 4.4345855712890625e-05 sec
Debug: sparse nonlocal_op@@@@@@@@@@@@@@@@@@@@@@@@@@@@@@@@@@
Debug: sparse nonlocal_op@@@@@@@@@@@@@@@@@@@@@@@@@@@@@@@@@@
Debug: sparse nonlocal_op@@@@@@@@@@@@@@@@@@@@@@@@@@@@@@@@@@
Debug: sparse nonlocal_op@@@@@@@@@@@@@@@@@@@@@@@@@@@@@@@@@@
Debug: sparse nonlocal_op@@@@@@@@@@@@@@@@@@@@@@@@@@@@@@@@@@
Debug: sparse nonlocal_op@@@@@@@@@@@@@@@@@@@@@@@@@@@@@@@@@@
Debug: sparse nonlocal_op@@@@@@@@@@@@@@@@@@@@@@@@@@@@@@@@@@
Debug: sparse nonlocal_op@@@@@@@@@@@@@@@@@@@@@@@@@@@@@@@@@@
Debug: sparse nonlocal_op@@@@@@@@@@@@@@@@@@@@@@@@@@@@@@@@@@
Debug: sparse nonlocal_op@@@@@@@@@@@@@@@@@@@@@@@@@@@@@@@@@@
Debug: sparse nonlocal_op@@@@@@@@@@@@@@@@@@@@@@@@@@@@@@@@@@
Debug: sparse nonlocal_op@@@@@@@@@@@@@@@@@@@@@@@@@@@@@@@@@@
Debug: sparse nonlocal_op@@@@@@@@@@@@@@@@@@@@@@@@@@@@@@@@@@
Debug: sparse nonlocal_op@@@@@@@@@@@@@@@@@@@@@@@@@@@@@@@@@@
Debug: sparse nonlocal_op@@@@@@@@@@@@@@@@@@@@@@@@@@@@@@@@@@
Debug: sparse nonlocal_op@@@@@@@@@@@@@@@@@@@@@@@@@@@@@@@@@@
Debug: sparse nonlocal_op@@@@@@@@@@@@@@@@@@@@@@@@@@@@@@@@@@
Debug: sparse nonlocal_op@@@@@@@@@@@@@@@@@@@@@@@@@@@@@@@@@@
Debug: sparse nonlocal_op@@@@@@@@@@@@@@@@@@@@@@@@@@@@@@@@@@
Debug: sparse nonlocal_op@@@@@@@@@@@@@@@@@@@@@@@@@@@@@@@@@@
Debug: sparse nonlocal_op@@@@@@@@@@@@@@@@@@@@@@@@@@@@@@@@@@
Debug: sparse nonlocal_op@@@@@@@@@@@@@@@@@@@@@@@@@@@@@@@@@@
Debug: sparse nonlocal_op@@@@@@@@@@@@@@@@@@@@@@@@@@@@@@@@@@
Debug: sparse nonlocal_op@@@@@@@@@@@@@@@@@@@@@@@@@@@@@@@@@@
Debug: sparse nonlocal_op@@@@@@@@@@@@@@@@@@@@@@@@@@@@@@@@@@
Debug: sparse nonlocal_op@@@@@@@@@@@@@@@@@@@@@@@@@@@@@@@@@@
Debug: sparse nonlocal_op@@@@@@@@@@@@@@@@@@@@@@@@@@@@@@@@@@
Debug: sparse nonlocal_op@@@@@@@@@@@@@@@@@@@@@@@@@@@@@@@@@@
Debug: sparse nonlocal_op@@@@@@@@@@@@@@@@@@@@@@@@@@@@@@@@@@
Debug: sparse nonlocal_op@@@@@@@@@@@@@@@@@@@@@@@@@@@@@@@@@@
Debug: sparse nonlocal_op@@@@@@@@@@@@@@@@@@@@@@@@@@@@@@@@@@
Debug: sparse nonlocal_op@@@@@@@@@@@@@@@@@@@@@@@@@@@@@@@@@@
Debug: sparse nonlocal_op@@@@@@@@@@@@@@@@@@@@@@@@@@@@@@@@@@
Debug: sparse nonlocal_op@@@@@@@@@@@@@@@@@@@@@@@@@@@@@@@@@@
Debug: sparse nonlocal_op@@@@@@@@@@@@@@@@@@@@@@@@@@@@@@@@@@
Debug: sparse nonlocal_op@@@@@@@@@@@@@@@@@@@@@@@@@@@@@@@@@@
Debug: sparse nonlocal_op@@@@@@@@@@@@@@@@@@@@@@@@@@@@@@@@@@
Debug: sparse nonlocal_op@@@@@@@@@@@@@@@@@@@@@@@@@@@@@@@@@@
Debug: sparse nonlocal_op@@@@@@@@@@@@@@@@@@@@@@@@@@@@@@@@@@
Debug: sparse nonlocal_op@@@@@@@@@@@@@@@@@@@@@@@@@@@@@@@@@@
Debug: sparse nonlocal_op@@@@@@@@@@@@@@@@@@@@@@@@@@@@@@@@@@
Debug: sparse nonlocal_op@@@@@@@@@@@@@@@@@@@@@@@@@@@@@@@@@@
Debug: sparse nonlocal_op@@@@@@@@@@@@@@@@@@@@@@@@@@@@@@@@@@
Debug: sparse nonlocal_op@@@@@@@@@@@@@@@@@@@@@@@@@@@@@@@@@@
Debug: sparse nonlocal_op@@@@@@@@@@@@@@@@@@@@@@@@@@@@@@@@@@
Debug: sparse nonlocal_op@@@@@@@@@@@@@@@@@@@@@@@@@@@@@@@@@@
Debug: sparse nonlocal_op@@@@@@@@@@@@@@@@@@@@@@@@@@@@@@@@@@
Debug: sparse nonlocal_op@@@@@@@@@@@@@@@@@@@@@@@@@@@@@@@@@@
Debug: sparse nonlocal_op@@@@@@@@@@@@@@@@@@@@@@@@@@@@@@@@@@
Debug: sparse nonlocal_op@@@@@@@@@@@@@@@@@@@@@@@@@@@@@@@@@@
Debug: sparse nonlocal_op@@@@@@@@@@@@@@@@@@@@@@@@@@@@@@@@@@
Debug: sparse nonlocal_op@@@@@@@@@@@@@@@@@@@@@@@@@@@@@@@@@@
Debug: sparse nonlocal_op@@@@@@@@@@@@@@@@@@@@@@@@@@@@@@@@@@
Debug: sparse nonlocal_op@@@@@@@@@@@@@@@@@@@@@@@@@@@@@@@@@@
Debug: sparse nonlocal_op@@@@@@@@@@@@@@@@@@@@@@@@@@@@@@@@@@
Debug: sparse nonlocal_op@@@@@@@@@@@@@@@@@@@@@@@@@@@@@@@@@@
Debug: sparse nonlocal_op@@@@@@@@@@@@@@@@@@@@@@@@@@@@@@@@@@
Debug: sparse nonlocal_op@@@@@@@@@@@@@@@@@@@@@@@@@@@@@@@@@@
Debug: sparse nonlocal_op@@@@@@@@@@@@@@@@@@@@@@@@@@@@@@@@@@
Debug: sparse nonlocal_op@@@@@@@@@@@@@@@@@@@@@@@@@@@@@@@@@@
Debug: sparse nonlocal_op@@@@@@@@@@@@@@@@@@@@@@@@@@@@@@@@@@
Debug: sparse nonlocal_op@@@@@@@@@@@@@@@@@@@@@@@@@@@@@@@@@@
Debug: sparse nonlocal_op@@@@@@@@@@@@@@@@@@@@@@@@@@@@@@@@@@
Debug: sparse nonlocal_op@@@@@@@@@@@@@@@@@@@@@@@@@@@@@@@@@@
Elapsed time[calc_nonlocal_energy]: 0.0201718807220459 sec

============ Energy (Hartree) ============
|   Total Energy        : -38.7008212351 |
------------------------------------------
| * Ion-ion Energy      : 0.0            |
| * Eigenvals sum for 0 : -1.5343963386  |
| * Hartree Energy      : 13.8860264381  |
| * XC Energy           : -17.4027386694 |
| * Kinetic Energy      : 12.2977018686  |
| * External Energy     : -54.4698630578 |
| * Non-local Energy    : 6.9880521854   |
==========================================
Elapsed time[calc_and_print_energies]: 0.06599116325378418 sec
Total energy difference = -4.026823458502804e-05 Hartree
Elapsed time for 11 th cycle: 6.084278583526611 sec

==================== [ END CYCLE 11 ] ====================
Elapsed time[_get_mixed_var]: 0.0003294944763183594 sec
Elapsed time[compute_potential]: 0.006767749786376953 sec
Elapsed time[compute]: 0.019561290740966797 sec

==================== [ SCF CYCLE 12 ] ====================
Debug: sparse nonlocal_op@@@@@@@@@@@@@@@@@@@@@@@@@@@@@@@@@@
Debug: sparse nonlocal_op@@@@@@@@@@@@@@@@@@@@@@@@@@@@@@@@@@
Debug: sparse nonlocal_op@@@@@@@@@@@@@@@@@@@@@@@@@@@@@@@@@@
Debug: sparse nonlocal_op@@@@@@@@@@@@@@@@@@@@@@@@@@@@@@@@@@
Elapsed time[diagonalize]: 5.870463848114014 sec

[ PRINT EIGENVALUES ]
( spin alpha )
* 1 th kpt (=[0. 0. 0.])
num        occ        value
1          2.0        -0.30289384639237904
2          2.0        -0.15096763014811884
3          2.0        -0.15095909522092804
4          2.0        -0.15095044092698134
5          2.0        -0.14946790755812012
6          2.0        -0.14946607098325168
7          2.0        -0.1494519137466165
8          2.0        0.032362856119612364
9          2.0        0.03237303114401982
10         2.0        0.03243020533981551
11         2.0        0.032434433498170705
12         2.0        0.03247141829609117
13         2.0        0.03247737049217519
14         2.0        0.1374714893076482
15         2.0        0.1375226269741529
16         2.0        0.13776847141567097
17         0.0        0.16221633726047452
18         0.0        0.16242322156429076
19         0.0        0.16260485270523953
20         0.0        0.16354297103360424


* 2 th kpt (=[0.5 0.  0. ])
num        occ        value
1          6.0        -0.2630088412336772
2          6.0        -0.2630087063269918
3          6.0        -0.14492472180183577
4          6.0        -0.14492451057677364
5          6.0        -0.1433405003440073
6          6.0        -0.14334024582848656
7          6.0        -0.004533858592609977
8          6.0        -0.004533577210565202
9          6.0        -0.004392384043747197
10         6.0        -0.004392086667261746
11         6.0        0.007943941826811473
12         6.0        0.007961032932592363
13         6.0        0.0678698631947908
14         6.0        0.06787164226738752
15         6.0        0.067950889335064
16         6.0        0.06795268860432328
17         0.0        0.1784456594275705
18         0.0        0.1784530839662676
19         0.0        0.25155729179908326
20         0.0        0.25159474138848786


* 3 th kpt (=[0.5 0.5 0. ])
num        occ        value
1          6.0        -0.2275392648678417
2          6.0        -0.2275391072332078
3          6.0        -0.2275390443328287
4          6.0        -0.22753891931109688
5          6.0        -0.06422166286429326
6          6.0        -0.06421971193183884
7          6.0        -0.06421958473710263
8          6.0        -0.06421751007748613
9          6.0        -0.0007796511082062193
10         6.0        -0.0007793045221401522
11         6.0        -0.000779261765429984
12         6.0        -0.0007789045384907504
13         6.0        0.08871309716877303
14         6.0        0.08872848451561538
15         6.0        0.08872853498918451
16         6.0        0.08874382989049394
17         0.0        0.2264327634030242
18         0.0        0.22644289952334973
19         0.0        0.2264429237434423
20         0.0        0.22645289386429363


* 4 th kpt (=[0.5 0.5 0.5])
num        occ        value
1          2.0        -0.2168858327219747
2          2.0        -0.21688567979832654
3          2.0        -0.21688564745184516
4          2.0        -0.21688556773856144
5          2.0        -0.11914459902039813
6          2.0        -0.11914437604641398
7          2.0        -0.11914434834047918
8          2.0        -0.11914411936019713
9          2.0        0.09336699626692313
10         2.0        0.09336703257242836
11         2.0        0.09336708029065224
12         2.0        0.09336722540190419
13         2.0        0.09353999350194529
14         2.0        0.09354007711298223
15         2.0        0.09354012617290493
16         2.0        0.09354017554992908
17         0.0        0.19238857894255804
18         0.0        0.19238869367104572
19         0.0        0.1923887241000816
20         0.0        0.19238883860916106


Integral of density (=32.0000000000001) is normalized to 32.0
Orbital energy difference = -3.2942594980767126e-06
Density difference (relative) = 9.063540821553325e-06
Elapsed time[calc_external_energy]: 4.38690185546875e-05 sec
Debug: sparse nonlocal_op@@@@@@@@@@@@@@@@@@@@@@@@@@@@@@@@@@
Debug: sparse nonlocal_op@@@@@@@@@@@@@@@@@@@@@@@@@@@@@@@@@@
Debug: sparse nonlocal_op@@@@@@@@@@@@@@@@@@@@@@@@@@@@@@@@@@
Debug: sparse nonlocal_op@@@@@@@@@@@@@@@@@@@@@@@@@@@@@@@@@@
Debug: sparse nonlocal_op@@@@@@@@@@@@@@@@@@@@@@@@@@@@@@@@@@
Debug: sparse nonlocal_op@@@@@@@@@@@@@@@@@@@@@@@@@@@@@@@@@@
Debug: sparse nonlocal_op@@@@@@@@@@@@@@@@@@@@@@@@@@@@@@@@@@
Debug: sparse nonlocal_op@@@@@@@@@@@@@@@@@@@@@@@@@@@@@@@@@@
Debug: sparse nonlocal_op@@@@@@@@@@@@@@@@@@@@@@@@@@@@@@@@@@
Debug: sparse nonlocal_op@@@@@@@@@@@@@@@@@@@@@@@@@@@@@@@@@@
Debug: sparse nonlocal_op@@@@@@@@@@@@@@@@@@@@@@@@@@@@@@@@@@
Debug: sparse nonlocal_op@@@@@@@@@@@@@@@@@@@@@@@@@@@@@@@@@@
Debug: sparse nonlocal_op@@@@@@@@@@@@@@@@@@@@@@@@@@@@@@@@@@
Debug: sparse nonlocal_op@@@@@@@@@@@@@@@@@@@@@@@@@@@@@@@@@@
Debug: sparse nonlocal_op@@@@@@@@@@@@@@@@@@@@@@@@@@@@@@@@@@
Debug: sparse nonlocal_op@@@@@@@@@@@@@@@@@@@@@@@@@@@@@@@@@@
Debug: sparse nonlocal_op@@@@@@@@@@@@@@@@@@@@@@@@@@@@@@@@@@
Debug: sparse nonlocal_op@@@@@@@@@@@@@@@@@@@@@@@@@@@@@@@@@@
Debug: sparse nonlocal_op@@@@@@@@@@@@@@@@@@@@@@@@@@@@@@@@@@
Debug: sparse nonlocal_op@@@@@@@@@@@@@@@@@@@@@@@@@@@@@@@@@@
Debug: sparse nonlocal_op@@@@@@@@@@@@@@@@@@@@@@@@@@@@@@@@@@
Debug: sparse nonlocal_op@@@@@@@@@@@@@@@@@@@@@@@@@@@@@@@@@@
Debug: sparse nonlocal_op@@@@@@@@@@@@@@@@@@@@@@@@@@@@@@@@@@
Debug: sparse nonlocal_op@@@@@@@@@@@@@@@@@@@@@@@@@@@@@@@@@@
Debug: sparse nonlocal_op@@@@@@@@@@@@@@@@@@@@@@@@@@@@@@@@@@
Debug: sparse nonlocal_op@@@@@@@@@@@@@@@@@@@@@@@@@@@@@@@@@@
Debug: sparse nonlocal_op@@@@@@@@@@@@@@@@@@@@@@@@@@@@@@@@@@
Debug: sparse nonlocal_op@@@@@@@@@@@@@@@@@@@@@@@@@@@@@@@@@@
Debug: sparse nonlocal_op@@@@@@@@@@@@@@@@@@@@@@@@@@@@@@@@@@
Debug: sparse nonlocal_op@@@@@@@@@@@@@@@@@@@@@@@@@@@@@@@@@@
Debug: sparse nonlocal_op@@@@@@@@@@@@@@@@@@@@@@@@@@@@@@@@@@
Debug: sparse nonlocal_op@@@@@@@@@@@@@@@@@@@@@@@@@@@@@@@@@@
Debug: sparse nonlocal_op@@@@@@@@@@@@@@@@@@@@@@@@@@@@@@@@@@
Debug: sparse nonlocal_op@@@@@@@@@@@@@@@@@@@@@@@@@@@@@@@@@@
Debug: sparse nonlocal_op@@@@@@@@@@@@@@@@@@@@@@@@@@@@@@@@@@
Debug: sparse nonlocal_op@@@@@@@@@@@@@@@@@@@@@@@@@@@@@@@@@@
Debug: sparse nonlocal_op@@@@@@@@@@@@@@@@@@@@@@@@@@@@@@@@@@
Debug: sparse nonlocal_op@@@@@@@@@@@@@@@@@@@@@@@@@@@@@@@@@@
Debug: sparse nonlocal_op@@@@@@@@@@@@@@@@@@@@@@@@@@@@@@@@@@
Debug: sparse nonlocal_op@@@@@@@@@@@@@@@@@@@@@@@@@@@@@@@@@@
Debug: sparse nonlocal_op@@@@@@@@@@@@@@@@@@@@@@@@@@@@@@@@@@
Debug: sparse nonlocal_op@@@@@@@@@@@@@@@@@@@@@@@@@@@@@@@@@@
Debug: sparse nonlocal_op@@@@@@@@@@@@@@@@@@@@@@@@@@@@@@@@@@
Debug: sparse nonlocal_op@@@@@@@@@@@@@@@@@@@@@@@@@@@@@@@@@@
Debug: sparse nonlocal_op@@@@@@@@@@@@@@@@@@@@@@@@@@@@@@@@@@
Debug: sparse nonlocal_op@@@@@@@@@@@@@@@@@@@@@@@@@@@@@@@@@@
Debug: sparse nonlocal_op@@@@@@@@@@@@@@@@@@@@@@@@@@@@@@@@@@
Debug: sparse nonlocal_op@@@@@@@@@@@@@@@@@@@@@@@@@@@@@@@@@@
Debug: sparse nonlocal_op@@@@@@@@@@@@@@@@@@@@@@@@@@@@@@@@@@
Debug: sparse nonlocal_op@@@@@@@@@@@@@@@@@@@@@@@@@@@@@@@@@@
Debug: sparse nonlocal_op@@@@@@@@@@@@@@@@@@@@@@@@@@@@@@@@@@
Debug: sparse nonlocal_op@@@@@@@@@@@@@@@@@@@@@@@@@@@@@@@@@@
Debug: sparse nonlocal_op@@@@@@@@@@@@@@@@@@@@@@@@@@@@@@@@@@
Debug: sparse nonlocal_op@@@@@@@@@@@@@@@@@@@@@@@@@@@@@@@@@@
Debug: sparse nonlocal_op@@@@@@@@@@@@@@@@@@@@@@@@@@@@@@@@@@
Debug: sparse nonlocal_op@@@@@@@@@@@@@@@@@@@@@@@@@@@@@@@@@@
Debug: sparse nonlocal_op@@@@@@@@@@@@@@@@@@@@@@@@@@@@@@@@@@
Debug: sparse nonlocal_op@@@@@@@@@@@@@@@@@@@@@@@@@@@@@@@@@@
Debug: sparse nonlocal_op@@@@@@@@@@@@@@@@@@@@@@@@@@@@@@@@@@
Debug: sparse nonlocal_op@@@@@@@@@@@@@@@@@@@@@@@@@@@@@@@@@@
Debug: sparse nonlocal_op@@@@@@@@@@@@@@@@@@@@@@@@@@@@@@@@@@
Debug: sparse nonlocal_op@@@@@@@@@@@@@@@@@@@@@@@@@@@@@@@@@@
Debug: sparse nonlocal_op@@@@@@@@@@@@@@@@@@@@@@@@@@@@@@@@@@
Debug: sparse nonlocal_op@@@@@@@@@@@@@@@@@@@@@@@@@@@@@@@@@@
Elapsed time[calc_nonlocal_energy]: 0.021123170852661133 sec

============ Energy (Hartree) ============
|   Total Energy        : -38.7007876285 |
------------------------------------------
| * Ion-ion Energy      : 0.0            |
| * Eigenvals sum for 0 : -1.5343996329  |
| * Hartree Energy      : 13.88604291    |
| * XC Energy           : -17.4027363355 |
| * Kinetic Energy      : 12.2977099884  |
| * External Energy     : -54.4698686571 |
| * Non-local Energy    : 6.9880644658   |
==========================================
Elapsed time[calc_and_print_energies]: 0.06707262992858887 sec
Total energy difference = 3.360668419816193e-05 Hartree
Elapsed time for 12 th cycle: 5.948265314102173 sec

==================== [ END CYCLE 12 ] ====================
Elapsed time[_get_mixed_var]: 0.0003421306610107422 sec
Elapsed time[compute_potential]: 0.006807088851928711 sec
Elapsed time[compute]: 0.0197601318359375 sec

==================== [ SCF CYCLE 13 ] ====================
Debug: sparse nonlocal_op@@@@@@@@@@@@@@@@@@@@@@@@@@@@@@@@@@
Debug: sparse nonlocal_op@@@@@@@@@@@@@@@@@@@@@@@@@@@@@@@@@@
Debug: sparse nonlocal_op@@@@@@@@@@@@@@@@@@@@@@@@@@@@@@@@@@
Debug: sparse nonlocal_op@@@@@@@@@@@@@@@@@@@@@@@@@@@@@@@@@@
Elapsed time[diagonalize]: 4.950394868850708 sec

[ PRINT EIGENVALUES ]
( spin alpha )
* 1 th kpt (=[0. 0. 0.])
num        occ        value
1          2.0        -0.3028938987092911
2          2.0        -0.1509677575208557
3          2.0        -0.15095918501711697
4          2.0        -0.1509505201235512
5          2.0        -0.1494680497397963
6          2.0        -0.14946625822329512
7          2.0        -0.14945211056100127
8          2.0        0.0323626937169833
9          2.0        0.032372974035360026
10         2.0        0.03243002342559579
11         2.0        0.03243438846413091
12         2.0        0.03247132467491472
13         2.0        0.03247724666869989
14         2.0        0.1374713385157221
15         2.0        0.137522476639153
16         2.0        0.13776832831881405
17         0.0        0.16221440272431256
18         0.0        0.16239787530824565
19         0.0        0.1625570672191576
20         0.0        0.1635429101641434


* 2 th kpt (=[0.5 0.  0. ])
num        occ        value
1          6.0        -0.2630089130305134
2          6.0        -0.26300878184259935
3          6.0        -0.14492480171260794
4          6.0        -0.1449246842396433
5          6.0        -0.14334065571418825
6          6.0        -0.14334049994942846
7          6.0        -0.004533773412643064
8          6.0        -0.0045336235679166005
9          6.0        -0.004392256205020217
10         6.0        -0.0043920781444907716
11         6.0        0.007943754435461208
12         6.0        0.007960845452502696
13         6.0        0.06786973584717094
14         6.0        0.0678715130232017
15         6.0        0.06795077151342538
16         6.0        0.06795256995279329
17         0.0        0.17844584472877534
18         0.0        0.17845326902918773
19         0.0        0.251557490563126
20         0.0        0.2515949402167745


* 3 th kpt (=[0.5 0.5 0. ])
num        occ        value
1          6.0        -0.22753931879176312
2          6.0        -0.2275392224553384
3          6.0        -0.22753919655150093
4          6.0        -0.22753901645704588
5          6.0        -0.06422193564765066
6          6.0        -0.06421967987932217
7          6.0        -0.06421963695414275
8          6.0        -0.06421779295295255
9          6.0        -0.000779586336433155
10         6.0        -0.0007792807538327218
11         6.0        -0.0007792452281391574
12         6.0        -0.0007788796867801216
13         6.0        0.0887130508454008
14         6.0        0.08872825937645525
15         6.0        0.08872827959434212
16         6.0        0.08874378310153326
17         0.0        0.22643294962169036
18         0.0        0.22644282151554482
19         0.0        0.2264428668078184
20         0.0        0.2264530796334194


* 4 th kpt (=[0.5 0.5 0.5])
num        occ        value
1          2.0        -0.21688591842392038
2          2.0        -0.216885854739021
3          2.0        -0.21688580211196354
4          2.0        -0.21688571964707745
5          2.0        -0.1191445378045699
6          2.0        -0.11914440075449238
7          2.0        -0.11914426899831085
8          2.0        -0.11914420592222034
9          2.0        0.09336683353186348
10         2.0        0.0933669206164678
11         2.0        0.09336695805917684
12         2.0        0.09336699535650027
13         2.0        0.09353985089237953
14         2.0        0.09353988980017361
15         2.0        0.09353997507102982
16         2.0        0.09354004454719064
17         0.0        0.19238865033052915
18         0.0        0.1923887091708281
19         0.0        0.19238873282403374
20         0.0        0.19238882357277573


Integral of density (=32.000000000000036) is normalized to 32.00000000000001
Orbital energy difference = -3.1458767777436947e-06
Density difference (relative) = 5.058049661130544e-06
Elapsed time[calc_external_energy]: 7.653236389160156e-05 sec
Debug: sparse nonlocal_op@@@@@@@@@@@@@@@@@@@@@@@@@@@@@@@@@@
Debug: sparse nonlocal_op@@@@@@@@@@@@@@@@@@@@@@@@@@@@@@@@@@
Debug: sparse nonlocal_op@@@@@@@@@@@@@@@@@@@@@@@@@@@@@@@@@@
Debug: sparse nonlocal_op@@@@@@@@@@@@@@@@@@@@@@@@@@@@@@@@@@
Debug: sparse nonlocal_op@@@@@@@@@@@@@@@@@@@@@@@@@@@@@@@@@@
Debug: sparse nonlocal_op@@@@@@@@@@@@@@@@@@@@@@@@@@@@@@@@@@
Debug: sparse nonlocal_op@@@@@@@@@@@@@@@@@@@@@@@@@@@@@@@@@@
Debug: sparse nonlocal_op@@@@@@@@@@@@@@@@@@@@@@@@@@@@@@@@@@
Debug: sparse nonlocal_op@@@@@@@@@@@@@@@@@@@@@@@@@@@@@@@@@@
Debug: sparse nonlocal_op@@@@@@@@@@@@@@@@@@@@@@@@@@@@@@@@@@
Debug: sparse nonlocal_op@@@@@@@@@@@@@@@@@@@@@@@@@@@@@@@@@@
Debug: sparse nonlocal_op@@@@@@@@@@@@@@@@@@@@@@@@@@@@@@@@@@
Debug: sparse nonlocal_op@@@@@@@@@@@@@@@@@@@@@@@@@@@@@@@@@@
Debug: sparse nonlocal_op@@@@@@@@@@@@@@@@@@@@@@@@@@@@@@@@@@
Debug: sparse nonlocal_op@@@@@@@@@@@@@@@@@@@@@@@@@@@@@@@@@@
Debug: sparse nonlocal_op@@@@@@@@@@@@@@@@@@@@@@@@@@@@@@@@@@
Debug: sparse nonlocal_op@@@@@@@@@@@@@@@@@@@@@@@@@@@@@@@@@@
Debug: sparse nonlocal_op@@@@@@@@@@@@@@@@@@@@@@@@@@@@@@@@@@
Debug: sparse nonlocal_op@@@@@@@@@@@@@@@@@@@@@@@@@@@@@@@@@@
Debug: sparse nonlocal_op@@@@@@@@@@@@@@@@@@@@@@@@@@@@@@@@@@
Debug: sparse nonlocal_op@@@@@@@@@@@@@@@@@@@@@@@@@@@@@@@@@@
Debug: sparse nonlocal_op@@@@@@@@@@@@@@@@@@@@@@@@@@@@@@@@@@
Debug: sparse nonlocal_op@@@@@@@@@@@@@@@@@@@@@@@@@@@@@@@@@@
Debug: sparse nonlocal_op@@@@@@@@@@@@@@@@@@@@@@@@@@@@@@@@@@
Debug: sparse nonlocal_op@@@@@@@@@@@@@@@@@@@@@@@@@@@@@@@@@@
Debug: sparse nonlocal_op@@@@@@@@@@@@@@@@@@@@@@@@@@@@@@@@@@
Debug: sparse nonlocal_op@@@@@@@@@@@@@@@@@@@@@@@@@@@@@@@@@@
Debug: sparse nonlocal_op@@@@@@@@@@@@@@@@@@@@@@@@@@@@@@@@@@
Debug: sparse nonlocal_op@@@@@@@@@@@@@@@@@@@@@@@@@@@@@@@@@@
Debug: sparse nonlocal_op@@@@@@@@@@@@@@@@@@@@@@@@@@@@@@@@@@
Debug: sparse nonlocal_op@@@@@@@@@@@@@@@@@@@@@@@@@@@@@@@@@@
Debug: sparse nonlocal_op@@@@@@@@@@@@@@@@@@@@@@@@@@@@@@@@@@
Debug: sparse nonlocal_op@@@@@@@@@@@@@@@@@@@@@@@@@@@@@@@@@@
Debug: sparse nonlocal_op@@@@@@@@@@@@@@@@@@@@@@@@@@@@@@@@@@
Debug: sparse nonlocal_op@@@@@@@@@@@@@@@@@@@@@@@@@@@@@@@@@@
Debug: sparse nonlocal_op@@@@@@@@@@@@@@@@@@@@@@@@@@@@@@@@@@
Debug: sparse nonlocal_op@@@@@@@@@@@@@@@@@@@@@@@@@@@@@@@@@@
Debug: sparse nonlocal_op@@@@@@@@@@@@@@@@@@@@@@@@@@@@@@@@@@
Debug: sparse nonlocal_op@@@@@@@@@@@@@@@@@@@@@@@@@@@@@@@@@@
Debug: sparse nonlocal_op@@@@@@@@@@@@@@@@@@@@@@@@@@@@@@@@@@
Debug: sparse nonlocal_op@@@@@@@@@@@@@@@@@@@@@@@@@@@@@@@@@@
Debug: sparse nonlocal_op@@@@@@@@@@@@@@@@@@@@@@@@@@@@@@@@@@
Debug: sparse nonlocal_op@@@@@@@@@@@@@@@@@@@@@@@@@@@@@@@@@@
Debug: sparse nonlocal_op@@@@@@@@@@@@@@@@@@@@@@@@@@@@@@@@@@
Debug: sparse nonlocal_op@@@@@@@@@@@@@@@@@@@@@@@@@@@@@@@@@@
Debug: sparse nonlocal_op@@@@@@@@@@@@@@@@@@@@@@@@@@@@@@@@@@
Debug: sparse nonlocal_op@@@@@@@@@@@@@@@@@@@@@@@@@@@@@@@@@@
Debug: sparse nonlocal_op@@@@@@@@@@@@@@@@@@@@@@@@@@@@@@@@@@
Debug: sparse nonlocal_op@@@@@@@@@@@@@@@@@@@@@@@@@@@@@@@@@@
Debug: sparse nonlocal_op@@@@@@@@@@@@@@@@@@@@@@@@@@@@@@@@@@
Debug: sparse nonlocal_op@@@@@@@@@@@@@@@@@@@@@@@@@@@@@@@@@@
Debug: sparse nonlocal_op@@@@@@@@@@@@@@@@@@@@@@@@@@@@@@@@@@
Debug: sparse nonlocal_op@@@@@@@@@@@@@@@@@@@@@@@@@@@@@@@@@@
Debug: sparse nonlocal_op@@@@@@@@@@@@@@@@@@@@@@@@@@@@@@@@@@
Debug: sparse nonlocal_op@@@@@@@@@@@@@@@@@@@@@@@@@@@@@@@@@@
Debug: sparse nonlocal_op@@@@@@@@@@@@@@@@@@@@@@@@@@@@@@@@@@
Debug: sparse nonlocal_op@@@@@@@@@@@@@@@@@@@@@@@@@@@@@@@@@@
Debug: sparse nonlocal_op@@@@@@@@@@@@@@@@@@@@@@@@@@@@@@@@@@
Debug: sparse nonlocal_op@@@@@@@@@@@@@@@@@@@@@@@@@@@@@@@@@@
Debug: sparse nonlocal_op@@@@@@@@@@@@@@@@@@@@@@@@@@@@@@@@@@
Debug: sparse nonlocal_op@@@@@@@@@@@@@@@@@@@@@@@@@@@@@@@@@@
Debug: sparse nonlocal_op@@@@@@@@@@@@@@@@@@@@@@@@@@@@@@@@@@
Debug: sparse nonlocal_op@@@@@@@@@@@@@@@@@@@@@@@@@@@@@@@@@@
Debug: sparse nonlocal_op@@@@@@@@@@@@@@@@@@@@@@@@@@@@@@@@@@
Elapsed time[calc_nonlocal_energy]: 0.020086288452148438 sec

============ Energy (Hartree) ============
|   Total Energy        : -38.700756116  |
------------------------------------------
| * Ion-ion Energy      : 0.0            |
| * Eigenvals sum for 0 : -1.5344027788  |
| * Hartree Energy      : 13.8860595977  |
| * XC Energy           : -17.4027318304 |
| * Kinetic Energy      : 12.2977142023  |
| * External Energy     : -54.4698734613 |
| * Non-local Energy    : 6.9880753758   |
==========================================
Elapsed time[calc_and_print_energies]: 0.06819677352905273 sec
Total energy difference = 3.1512463465332985e-05 Hartree
Elapsed time for 13 th cycle: 5.030717611312866 sec

==================== [ END CYCLE 13 ] ====================
Elapsed time[_get_mixed_var]: 0.0004885196685791016 sec
Elapsed time[compute_potential]: 0.0071103572845458984 sec
Elapsed time[compute]: 0.019781112670898438 sec

==================== [ SCF CYCLE 14 ] ====================
Debug: sparse nonlocal_op@@@@@@@@@@@@@@@@@@@@@@@@@@@@@@@@@@
Debug: sparse nonlocal_op@@@@@@@@@@@@@@@@@@@@@@@@@@@@@@@@@@
Debug: sparse nonlocal_op@@@@@@@@@@@@@@@@@@@@@@@@@@@@@@@@@@
Debug: sparse nonlocal_op@@@@@@@@@@@@@@@@@@@@@@@@@@@@@@@@@@
Elapsed time[diagonalize]: 4.542817115783691 sec

[ PRINT EIGENVALUES ]
( spin alpha )
* 1 th kpt (=[0. 0. 0.])
num        occ        value
1          2.0        -0.3028938550209607
2          2.0        -0.150967760226385
3          2.0        -0.150959176699833
4          2.0        -0.1509505089921818
5          2.0        -0.1494680657387128
6          2.0        -0.1494662862057032
7          2.0        -0.14945214325485143
8          2.0        0.03236267060987085
9          2.0        0.03237298172040791
10         2.0        0.032429990922635474
11         2.0        0.03243439610922303
12         2.0        0.032471320932916485
13         2.0        0.03247723316915328
14         2.0        0.13747132513867025
15         2.0        0.13752246329164175
16         2.0        0.13776831883791316
17         0.0        0.16221313471659213
18         0.0        0.16238097099059998
19         0.0        0.16252343939284547
20         0.0        0.16354286657591824


* 2 th kpt (=[0.5 0.  0. ])
num        occ        value
1          6.0        -0.263008881401877
2          6.0        -0.2630087538386714
3          6.0        -0.14492475788836381
4          6.0        -0.14492475254567835
5          6.0        -0.1433406266588649
6          6.0        -0.1433406199879584
7          6.0        -0.00453361446807885
8          6.0        -0.0045336016978110285
9          6.0        -0.004392065772188705
10         6.0        -0.004392050146446516
11         6.0        0.007943719470248576
12         6.0        0.007960810476813723
13         6.0        0.06786971930795285
14         6.0        0.0678714957264525
15         6.0        0.06795075880858975
16         6.0        0.06795255663223082
17         0.0        0.17844605740536787
18         0.0        0.17845348158797694
19         0.0        0.25155770754681994
20         0.0        0.2515951572468541


* 3 th kpt (=[0.5 0.5 0. ])
num        occ        value
1          6.0        -0.22753929650004975
2          6.0        -0.22753921087970394
3          6.0        -0.22753918212785337
4          6.0        -0.22753902652961075
5          6.0        -0.0642219192008778
6          6.0        -0.06421971885437683
7          6.0        -0.06421967845528433
8          6.0        -0.06421778111753557
9          6.0        -0.0007794858840591349
10         6.0        -0.0007791764568024313
11         6.0        -0.0007791495086730125
12         6.0        -0.0007788021066381201
13         6.0        0.0887130096937323
14         6.0        0.08872825705858951
15         6.0        0.08872827298941975
16         6.0        0.08874374155509426
17         0.0        0.22643304628561256
18         0.0        0.22644296642440193
19         0.0        0.22644300117890068
20         0.0        0.22645317594643485


* 4 th kpt (=[0.5 0.5 0.5])
num        occ        value
1          2.0        -0.21688586657125059
2          2.0        -0.21688586564736514
3          2.0        -0.21688583135400932
4          2.0        -0.21688579147524198
5          2.0        -0.11914436350171446
6          2.0        -0.1191442884948901
7          2.0        -0.11914421498621552
8          2.0        -0.11914421139768988
9          2.0        0.093366861591522
10         2.0        0.0933668934107973
11         2.0        0.0933668985322064
12         2.0        0.0933669391779376
13         2.0        0.09353985058591315
14         2.0        0.09353988878691046
15         2.0        0.09353994754280136
16         2.0        0.09353996307168562
17         0.0        0.19238883512870972
18         0.0        0.19238883778481475
19         0.0        0.19238885404668576
20         0.0        0.19238888244214344


Integral of density (=32.000000000000014) is normalized to 32.00000000000001
Orbital energy difference = 3.495044218482235e-07
Density difference (relative) = 2.5997423745780856e-06
Elapsed time[calc_external_energy]: 4.363059997558594e-05 sec
Debug: sparse nonlocal_op@@@@@@@@@@@@@@@@@@@@@@@@@@@@@@@@@@
Debug: sparse nonlocal_op@@@@@@@@@@@@@@@@@@@@@@@@@@@@@@@@@@
Debug: sparse nonlocal_op@@@@@@@@@@@@@@@@@@@@@@@@@@@@@@@@@@
Debug: sparse nonlocal_op@@@@@@@@@@@@@@@@@@@@@@@@@@@@@@@@@@
Debug: sparse nonlocal_op@@@@@@@@@@@@@@@@@@@@@@@@@@@@@@@@@@
Debug: sparse nonlocal_op@@@@@@@@@@@@@@@@@@@@@@@@@@@@@@@@@@
Debug: sparse nonlocal_op@@@@@@@@@@@@@@@@@@@@@@@@@@@@@@@@@@
Debug: sparse nonlocal_op@@@@@@@@@@@@@@@@@@@@@@@@@@@@@@@@@@
Debug: sparse nonlocal_op@@@@@@@@@@@@@@@@@@@@@@@@@@@@@@@@@@
Debug: sparse nonlocal_op@@@@@@@@@@@@@@@@@@@@@@@@@@@@@@@@@@
Debug: sparse nonlocal_op@@@@@@@@@@@@@@@@@@@@@@@@@@@@@@@@@@
Debug: sparse nonlocal_op@@@@@@@@@@@@@@@@@@@@@@@@@@@@@@@@@@
Debug: sparse nonlocal_op@@@@@@@@@@@@@@@@@@@@@@@@@@@@@@@@@@
Debug: sparse nonlocal_op@@@@@@@@@@@@@@@@@@@@@@@@@@@@@@@@@@
Debug: sparse nonlocal_op@@@@@@@@@@@@@@@@@@@@@@@@@@@@@@@@@@
Debug: sparse nonlocal_op@@@@@@@@@@@@@@@@@@@@@@@@@@@@@@@@@@
Debug: sparse nonlocal_op@@@@@@@@@@@@@@@@@@@@@@@@@@@@@@@@@@
Debug: sparse nonlocal_op@@@@@@@@@@@@@@@@@@@@@@@@@@@@@@@@@@
Debug: sparse nonlocal_op@@@@@@@@@@@@@@@@@@@@@@@@@@@@@@@@@@
Debug: sparse nonlocal_op@@@@@@@@@@@@@@@@@@@@@@@@@@@@@@@@@@
Debug: sparse nonlocal_op@@@@@@@@@@@@@@@@@@@@@@@@@@@@@@@@@@
Debug: sparse nonlocal_op@@@@@@@@@@@@@@@@@@@@@@@@@@@@@@@@@@
Debug: sparse nonlocal_op@@@@@@@@@@@@@@@@@@@@@@@@@@@@@@@@@@
Debug: sparse nonlocal_op@@@@@@@@@@@@@@@@@@@@@@@@@@@@@@@@@@
Debug: sparse nonlocal_op@@@@@@@@@@@@@@@@@@@@@@@@@@@@@@@@@@
Debug: sparse nonlocal_op@@@@@@@@@@@@@@@@@@@@@@@@@@@@@@@@@@
Debug: sparse nonlocal_op@@@@@@@@@@@@@@@@@@@@@@@@@@@@@@@@@@
Debug: sparse nonlocal_op@@@@@@@@@@@@@@@@@@@@@@@@@@@@@@@@@@
Debug: sparse nonlocal_op@@@@@@@@@@@@@@@@@@@@@@@@@@@@@@@@@@
Debug: sparse nonlocal_op@@@@@@@@@@@@@@@@@@@@@@@@@@@@@@@@@@
Debug: sparse nonlocal_op@@@@@@@@@@@@@@@@@@@@@@@@@@@@@@@@@@
Debug: sparse nonlocal_op@@@@@@@@@@@@@@@@@@@@@@@@@@@@@@@@@@
Debug: sparse nonlocal_op@@@@@@@@@@@@@@@@@@@@@@@@@@@@@@@@@@
Debug: sparse nonlocal_op@@@@@@@@@@@@@@@@@@@@@@@@@@@@@@@@@@
Debug: sparse nonlocal_op@@@@@@@@@@@@@@@@@@@@@@@@@@@@@@@@@@
Debug: sparse nonlocal_op@@@@@@@@@@@@@@@@@@@@@@@@@@@@@@@@@@
Debug: sparse nonlocal_op@@@@@@@@@@@@@@@@@@@@@@@@@@@@@@@@@@
Debug: sparse nonlocal_op@@@@@@@@@@@@@@@@@@@@@@@@@@@@@@@@@@
Debug: sparse nonlocal_op@@@@@@@@@@@@@@@@@@@@@@@@@@@@@@@@@@
Debug: sparse nonlocal_op@@@@@@@@@@@@@@@@@@@@@@@@@@@@@@@@@@
Debug: sparse nonlocal_op@@@@@@@@@@@@@@@@@@@@@@@@@@@@@@@@@@
Debug: sparse nonlocal_op@@@@@@@@@@@@@@@@@@@@@@@@@@@@@@@@@@
Debug: sparse nonlocal_op@@@@@@@@@@@@@@@@@@@@@@@@@@@@@@@@@@
Debug: sparse nonlocal_op@@@@@@@@@@@@@@@@@@@@@@@@@@@@@@@@@@
Debug: sparse nonlocal_op@@@@@@@@@@@@@@@@@@@@@@@@@@@@@@@@@@
Debug: sparse nonlocal_op@@@@@@@@@@@@@@@@@@@@@@@@@@@@@@@@@@
Debug: sparse nonlocal_op@@@@@@@@@@@@@@@@@@@@@@@@@@@@@@@@@@
Debug: sparse nonlocal_op@@@@@@@@@@@@@@@@@@@@@@@@@@@@@@@@@@
Debug: sparse nonlocal_op@@@@@@@@@@@@@@@@@@@@@@@@@@@@@@@@@@
Debug: sparse nonlocal_op@@@@@@@@@@@@@@@@@@@@@@@@@@@@@@@@@@
Debug: sparse nonlocal_op@@@@@@@@@@@@@@@@@@@@@@@@@@@@@@@@@@
Debug: sparse nonlocal_op@@@@@@@@@@@@@@@@@@@@@@@@@@@@@@@@@@
Debug: sparse nonlocal_op@@@@@@@@@@@@@@@@@@@@@@@@@@@@@@@@@@
Debug: sparse nonlocal_op@@@@@@@@@@@@@@@@@@@@@@@@@@@@@@@@@@
Debug: sparse nonlocal_op@@@@@@@@@@@@@@@@@@@@@@@@@@@@@@@@@@
Debug: sparse nonlocal_op@@@@@@@@@@@@@@@@@@@@@@@@@@@@@@@@@@
Debug: sparse nonlocal_op@@@@@@@@@@@@@@@@@@@@@@@@@@@@@@@@@@
Debug: sparse nonlocal_op@@@@@@@@@@@@@@@@@@@@@@@@@@@@@@@@@@
Debug: sparse nonlocal_op@@@@@@@@@@@@@@@@@@@@@@@@@@@@@@@@@@
Debug: sparse nonlocal_op@@@@@@@@@@@@@@@@@@@@@@@@@@@@@@@@@@
Debug: sparse nonlocal_op@@@@@@@@@@@@@@@@@@@@@@@@@@@@@@@@@@
Debug: sparse nonlocal_op@@@@@@@@@@@@@@@@@@@@@@@@@@@@@@@@@@
Debug: sparse nonlocal_op@@@@@@@@@@@@@@@@@@@@@@@@@@@@@@@@@@
Debug: sparse nonlocal_op@@@@@@@@@@@@@@@@@@@@@@@@@@@@@@@@@@
Elapsed time[calc_nonlocal_energy]: 0.020550251007080078 sec

============ Energy (Hartree) ============
|   Total Energy        : -38.7007400504 |
------------------------------------------
| * Ion-ion Energy      : 0.0            |
| * Eigenvals sum for 0 : -1.5344024293  |
| * Hartree Energy      : 13.8860692542  |
| * XC Energy           : -17.4027306762 |
| * Kinetic Energy      : 12.2977162815  |
| * External Energy     : -54.4698759359 |
| * Non-local Energy    : 6.9880810259   |
==========================================
Elapsed time[calc_and_print_energies]: 0.06616377830505371 sec
Total energy difference = 1.6065541039722575e-05 Hartree
Elapsed time for 14 th cycle: 4.618445873260498 sec

==================== [ END CYCLE 14 ] ====================
Elapsed time[_get_mixed_var]: 0.0003414154052734375 sec
Elapsed time[compute_potential]: 0.006731748580932617 sec
Elapsed time[compute]: 0.01985645294189453 sec

==================== [ SCF CYCLE 15 ] ====================
Debug: sparse nonlocal_op@@@@@@@@@@@@@@@@@@@@@@@@@@@@@@@@@@
Debug: sparse nonlocal_op@@@@@@@@@@@@@@@@@@@@@@@@@@@@@@@@@@
Debug: sparse nonlocal_op@@@@@@@@@@@@@@@@@@@@@@@@@@@@@@@@@@
Debug: sparse nonlocal_op@@@@@@@@@@@@@@@@@@@@@@@@@@@@@@@@@@
Elapsed time[diagonalize]: 4.132748365402222 sec

[ PRINT EIGENVALUES ]
( spin alpha )
* 1 th kpt (=[0. 0. 0.])
num        occ        value
1          2.0        -0.30289374976275085
2          2.0        -0.15096766645146315
3          2.0        -0.15095909285164524
4          2.0        -0.15095042848666013
5          2.0        -0.14946797255612268
6          2.0        -0.1494661824892577
7          2.0        -0.14945203726093248
8          2.0        0.032362757686673675
9          2.0        0.03237304010632025
10         2.0        0.03243007775535897
11         2.0        0.03243444526422558
12         2.0        0.03247138652309044
13         2.0        0.03247730722260331
14         2.0        0.13747142327849227
15         2.0        0.13752256085182832
16         2.0        0.1377684154114818
17         0.0        0.1622118184269645
18         0.0        0.16236721756286135
19         0.0        0.16249534651870154
20         0.0        0.16354279480641296


* 2 th kpt (=[0.5 0.  0. ])
num        occ        value
1          6.0        -0.26300877988378135
2          6.0        -0.2630086519015109
3          6.0        -0.14492468943845915
4          6.0        -0.14492465799486506
5          6.0        -0.14334054736087554
6          6.0        -0.14334050903753945
7          6.0        -0.0045335096210169165
8          6.0        -0.004533476763148488
9          6.0        -0.004391970914526536
10         6.0        -0.004391930932713297
11         6.0        0.00794381705036196
12         6.0        0.007960908058886747
13         6.0        0.06786979251087337
14         6.0        0.06787156899102187
15         6.0        0.06795083008401048
16         6.0        0.06795262795082573
17         0.0        0.17844622783382327
18         0.0        0.17845365200504948
19         0.0        0.2515578736205876
20         0.0        0.25159532332672413


* 3 th kpt (=[0.5 0.5 0. ])
num        occ        value
1          6.0        -0.22753921895763227
2          6.0        -0.22753908435429654
3          6.0        -0.22753907721558786
4          6.0        -0.2275389500507029
5          6.0        -0.06422174074108872
6          6.0        -0.06421969661958736
7          6.0        -0.06421967920098764
8          6.0        -0.06421760270982287
9          6.0        -0.0007793834272299449
10         6.0        -0.0007790499358977078
11         6.0        -0.000779030951175314
12         6.0        -0.0007786996263761029
13         6.0        0.08871302667267202
14         6.0        0.08872839679825813
15         6.0        0.08872840615472025
16         6.0        0.0887437585284287
17         0.0        0.22643310135396283
18         0.0        0.22644317888399165
19         0.0        0.22644319812714758
20         0.0        0.22645323096002054


* 4 th kpt (=[0.5 0.5 0.5])
num        occ        value
1          2.0        -0.21688576926091868
2          2.0        -0.2168857526166195
3          2.0        -0.21688574682824688
4          2.0        -0.21688572843435427
5          2.0        -0.11914418022527547
6          2.0        -0.1191441611076319
7          2.0        -0.11914414884659012
8          2.0        -0.11914411834937373
9          2.0        0.09336695966587172
10         2.0        0.0933669749659139
11         2.0        0.0933669788204577
12         2.0        0.09336699716286406
13         2.0        0.0935399730404689
14         2.0        0.09353998681140212
15         2.0        0.09353999679132906
16         2.0        0.09354000264955546
17         0.0        0.19238901464692137
18         0.0        0.19238901884105825
19         0.0        0.1923890276920389
20         0.0        0.1923890419777358


Integral of density (=32.00000000000009) is normalized to 32.0
Orbital energy difference = 2.962755861535271e-06
Density difference (relative) = 1.3236758971265747e-06
Elapsed time[calc_external_energy]: 4.363059997558594e-05 sec
Debug: sparse nonlocal_op@@@@@@@@@@@@@@@@@@@@@@@@@@@@@@@@@@
Debug: sparse nonlocal_op@@@@@@@@@@@@@@@@@@@@@@@@@@@@@@@@@@
Debug: sparse nonlocal_op@@@@@@@@@@@@@@@@@@@@@@@@@@@@@@@@@@
Debug: sparse nonlocal_op@@@@@@@@@@@@@@@@@@@@@@@@@@@@@@@@@@
Debug: sparse nonlocal_op@@@@@@@@@@@@@@@@@@@@@@@@@@@@@@@@@@
Debug: sparse nonlocal_op@@@@@@@@@@@@@@@@@@@@@@@@@@@@@@@@@@
Debug: sparse nonlocal_op@@@@@@@@@@@@@@@@@@@@@@@@@@@@@@@@@@
Debug: sparse nonlocal_op@@@@@@@@@@@@@@@@@@@@@@@@@@@@@@@@@@
Debug: sparse nonlocal_op@@@@@@@@@@@@@@@@@@@@@@@@@@@@@@@@@@
Debug: sparse nonlocal_op@@@@@@@@@@@@@@@@@@@@@@@@@@@@@@@@@@
Debug: sparse nonlocal_op@@@@@@@@@@@@@@@@@@@@@@@@@@@@@@@@@@
Debug: sparse nonlocal_op@@@@@@@@@@@@@@@@@@@@@@@@@@@@@@@@@@
Debug: sparse nonlocal_op@@@@@@@@@@@@@@@@@@@@@@@@@@@@@@@@@@
Debug: sparse nonlocal_op@@@@@@@@@@@@@@@@@@@@@@@@@@@@@@@@@@
Debug: sparse nonlocal_op@@@@@@@@@@@@@@@@@@@@@@@@@@@@@@@@@@
Debug: sparse nonlocal_op@@@@@@@@@@@@@@@@@@@@@@@@@@@@@@@@@@
Debug: sparse nonlocal_op@@@@@@@@@@@@@@@@@@@@@@@@@@@@@@@@@@
Debug: sparse nonlocal_op@@@@@@@@@@@@@@@@@@@@@@@@@@@@@@@@@@
Debug: sparse nonlocal_op@@@@@@@@@@@@@@@@@@@@@@@@@@@@@@@@@@
Debug: sparse nonlocal_op@@@@@@@@@@@@@@@@@@@@@@@@@@@@@@@@@@
Debug: sparse nonlocal_op@@@@@@@@@@@@@@@@@@@@@@@@@@@@@@@@@@
Debug: sparse nonlocal_op@@@@@@@@@@@@@@@@@@@@@@@@@@@@@@@@@@
Debug: sparse nonlocal_op@@@@@@@@@@@@@@@@@@@@@@@@@@@@@@@@@@
Debug: sparse nonlocal_op@@@@@@@@@@@@@@@@@@@@@@@@@@@@@@@@@@
Debug: sparse nonlocal_op@@@@@@@@@@@@@@@@@@@@@@@@@@@@@@@@@@
Debug: sparse nonlocal_op@@@@@@@@@@@@@@@@@@@@@@@@@@@@@@@@@@
Debug: sparse nonlocal_op@@@@@@@@@@@@@@@@@@@@@@@@@@@@@@@@@@
Debug: sparse nonlocal_op@@@@@@@@@@@@@@@@@@@@@@@@@@@@@@@@@@
Debug: sparse nonlocal_op@@@@@@@@@@@@@@@@@@@@@@@@@@@@@@@@@@
Debug: sparse nonlocal_op@@@@@@@@@@@@@@@@@@@@@@@@@@@@@@@@@@
Debug: sparse nonlocal_op@@@@@@@@@@@@@@@@@@@@@@@@@@@@@@@@@@
Debug: sparse nonlocal_op@@@@@@@@@@@@@@@@@@@@@@@@@@@@@@@@@@
Debug: sparse nonlocal_op@@@@@@@@@@@@@@@@@@@@@@@@@@@@@@@@@@
Debug: sparse nonlocal_op@@@@@@@@@@@@@@@@@@@@@@@@@@@@@@@@@@
Debug: sparse nonlocal_op@@@@@@@@@@@@@@@@@@@@@@@@@@@@@@@@@@
Debug: sparse nonlocal_op@@@@@@@@@@@@@@@@@@@@@@@@@@@@@@@@@@
Debug: sparse nonlocal_op@@@@@@@@@@@@@@@@@@@@@@@@@@@@@@@@@@
Debug: sparse nonlocal_op@@@@@@@@@@@@@@@@@@@@@@@@@@@@@@@@@@
Debug: sparse nonlocal_op@@@@@@@@@@@@@@@@@@@@@@@@@@@@@@@@@@
Debug: sparse nonlocal_op@@@@@@@@@@@@@@@@@@@@@@@@@@@@@@@@@@
Debug: sparse nonlocal_op@@@@@@@@@@@@@@@@@@@@@@@@@@@@@@@@@@
Debug: sparse nonlocal_op@@@@@@@@@@@@@@@@@@@@@@@@@@@@@@@@@@
Debug: sparse nonlocal_op@@@@@@@@@@@@@@@@@@@@@@@@@@@@@@@@@@
Debug: sparse nonlocal_op@@@@@@@@@@@@@@@@@@@@@@@@@@@@@@@@@@
Debug: sparse nonlocal_op@@@@@@@@@@@@@@@@@@@@@@@@@@@@@@@@@@
Debug: sparse nonlocal_op@@@@@@@@@@@@@@@@@@@@@@@@@@@@@@@@@@
Debug: sparse nonlocal_op@@@@@@@@@@@@@@@@@@@@@@@@@@@@@@@@@@
Debug: sparse nonlocal_op@@@@@@@@@@@@@@@@@@@@@@@@@@@@@@@@@@
Debug: sparse nonlocal_op@@@@@@@@@@@@@@@@@@@@@@@@@@@@@@@@@@
Debug: sparse nonlocal_op@@@@@@@@@@@@@@@@@@@@@@@@@@@@@@@@@@
Debug: sparse nonlocal_op@@@@@@@@@@@@@@@@@@@@@@@@@@@@@@@@@@
Debug: sparse nonlocal_op@@@@@@@@@@@@@@@@@@@@@@@@@@@@@@@@@@
Debug: sparse nonlocal_op@@@@@@@@@@@@@@@@@@@@@@@@@@@@@@@@@@
Debug: sparse nonlocal_op@@@@@@@@@@@@@@@@@@@@@@@@@@@@@@@@@@
Debug: sparse nonlocal_op@@@@@@@@@@@@@@@@@@@@@@@@@@@@@@@@@@
Debug: sparse nonlocal_op@@@@@@@@@@@@@@@@@@@@@@@@@@@@@@@@@@
Debug: sparse nonlocal_op@@@@@@@@@@@@@@@@@@@@@@@@@@@@@@@@@@
Debug: sparse nonlocal_op@@@@@@@@@@@@@@@@@@@@@@@@@@@@@@@@@@
Debug: sparse nonlocal_op@@@@@@@@@@@@@@@@@@@@@@@@@@@@@@@@@@
Debug: sparse nonlocal_op@@@@@@@@@@@@@@@@@@@@@@@@@@@@@@@@@@
Debug: sparse nonlocal_op@@@@@@@@@@@@@@@@@@@@@@@@@@@@@@@@@@
Debug: sparse nonlocal_op@@@@@@@@@@@@@@@@@@@@@@@@@@@@@@@@@@
Debug: sparse nonlocal_op@@@@@@@@@@@@@@@@@@@@@@@@@@@@@@@@@@
Debug: sparse nonlocal_op@@@@@@@@@@@@@@@@@@@@@@@@@@@@@@@@@@
Elapsed time[calc_nonlocal_energy]: 0.01966547966003418 sec

============ Energy (Hartree) ============
|   Total Energy        : -38.7007430264 |
------------------------------------------
| * Ion-ion Energy      : 0.0            |
| * Eigenvals sum for 0 : -1.5343994665  |
| * Hartree Energy      : 13.8860692446  |
| * XC Energy           : -17.4027328044 |
| * Kinetic Energy      : 12.2977161063  |
| * External Energy     : -54.4698754331 |
| * Non-local Energy    : 6.9880798603   |
==========================================
Elapsed time[calc_and_print_energies]: 0.06507992744445801 sec
Total energy difference = -2.9759121105144004e-06 Hartree
Elapsed time for 15 th cycle: 4.2076451778411865 sec

==================== [ END CYCLE 15 ] ====================
Elapsed time[_get_mixed_var]: 0.0003407001495361328 sec
Elapsed time[compute_potential]: 0.0067560672760009766 sec
Elapsed time[compute]: 0.019598960876464844 sec

==================== [ SCF CYCLE 16 ] ====================
Debug: sparse nonlocal_op@@@@@@@@@@@@@@@@@@@@@@@@@@@@@@@@@@
Debug: sparse nonlocal_op@@@@@@@@@@@@@@@@@@@@@@@@@@@@@@@@@@
Debug: sparse nonlocal_op@@@@@@@@@@@@@@@@@@@@@@@@@@@@@@@@@@
Debug: sparse nonlocal_op@@@@@@@@@@@@@@@@@@@@@@@@@@@@@@@@@@
Elapsed time[diagonalize]: 2.230879068374634 sec

[ PRINT EIGENVALUES ]
( spin alpha )
* 1 th kpt (=[0. 0. 0.])
num        occ        value
1          2.0        -0.3028936908730869
2          2.0        -0.15096761046660465
3          2.0        -0.1509590420457717
4          2.0        -0.15095037930551103
5          2.0        -0.14946791678754184
6          2.0        -0.14946612146662827
7          2.0        -0.1494519753167815
8          2.0        0.03236280694438408
9          2.0        0.03237307455322159
10         2.0        0.032430126081072916
11         2.0        0.03243447470233819
12         2.0        0.0324714241378342
13         2.0        0.03247734895792678
14         2.0        0.13747148121700734
15         2.0        0.13752261828574508
16         2.0        0.1377684713851631
17         0.0        0.16221083118661972
18         0.0        0.1623586721564994
19         0.0        0.16248165652110214
20         0.0        0.16354276482584917


* 2 th kpt (=[0.5 0.  0. ])
num        occ        value
1          6.0        -0.26300872191568236
2          6.0        -0.26300859431793255
3          6.0        -0.1449246291581539
4          6.0        -0.14492461717732832
5          6.0        -0.14334048028232696
6          6.0        -0.1433404612886003
7          6.0        -0.004533442015960545
8          6.0        -0.0045334245079237
9          6.0        -0.0043919063559604956
10         6.0        -0.004391884177848357
11         6.0        0.007943877584958733
12         6.0        0.00796096859423271
13         6.0        0.06786983490885026
14         6.0        0.06787161133118706
15         6.0        0.06795087124199142
16         6.0        0.06795266907226995
17         0.0        0.1784463161245916
18         0.0        0.17845374030007283
19         0.0        0.25155795903777717
20         0.0        0.2515954087429189


* 3 th kpt (=[0.5 0.5 0. ])
num        occ        value
1          6.0        -0.22753916642726876
2          6.0        -0.22753902574190762
3          6.0        -0.22753901575066884
4          6.0        -0.22753889865857527
5          6.0        -0.06422166646761299
6          6.0        -0.06421965801741113
7          6.0        -0.06421963924851777
8          6.0        -0.06421752864748546
9          6.0        -0.0007793258033541816
10         6.0        -0.000778988603213319
11         6.0        -0.0007789697111906687
12         6.0        -0.0007786425844304015
13         6.0        0.08871305890008226
14         6.0        0.08872845416041067
15         6.0        0.08872846446624744
16         6.0        0.08874379074215107
17         0.0        0.2264331566346515
18         0.0        0.22644326450028562
19         0.0        0.2264432834757943
20         0.0        0.22645328622480096


* 4 th kpt (=[0.5 0.5 0.5])
num        occ        value
1          2.0        -0.2168857133794804
2          2.0        -0.216885700319111
3          2.0        -0.21688568765724936
4          2.0        -0.21688568144985343
5          2.0        -0.11914411149869321
6          2.0        -0.11914410905379351
7          2.0        -0.11914408055091755
8          2.0        -0.11914405340354843
9          2.0        0.0933670099759068
10         2.0        0.09336702156395471
11         2.0        0.09336702583403829
12         2.0        0.09336704343728755
13         2.0        0.09354001538735987
14         2.0        0.09354002445260133
15         2.0        0.09354004431220764
16         2.0        0.09354005773794657
17         0.0        0.19238910983950447
18         0.0        0.1923891217837923
19         0.0        0.19238913050087733
20         0.0        0.19238913553756282


/home/jhwoo/programs/gospel/gospel/Eigensolver/Scipy.py:60: UserWarning: Exited at iteration 20 with accuracies 
[7.61353011e-08+0.j 8.10070045e-08+0.j 6.95983296e-08+0.j
 7.88859005e-08+0.j 8.01793691e-08+0.j 6.48371794e-08+0.j
 1.25979851e-07+0.j 1.30146098e-07+0.j 1.53349280e-07+0.j
 1.62920122e-07+0.j 7.44835071e-08+0.j 7.52259364e-08+0.j
 1.19160483e-07+0.j 1.22497364e-07+0.j 1.13862447e-07+0.j
 1.14651122e-07+0.j 3.97277817e-07+0.j 4.00058641e-07+0.j
 2.18848456e-06+0.j 2.37956958e-06+0.j]
not reaching the requested tolerance 1e-07.
  val, vec = lobpcg(
/home/jhwoo/programs/gospel/gospel/Eigensolver/Scipy.py:60: UserWarning: Exited at iteration 20 with accuracies 
[6.16950221e-08+0.j 6.91185463e-08+0.j 6.45252675e-08+0.j
 5.60852985e-08+0.j 7.70635009e-08+0.j 8.86105142e-08+0.j
 8.15703670e-08+0.j 7.73695469e-08+0.j 1.14219199e-07+0.j
 1.04076171e-07+0.j 1.03761384e-07+0.j 9.93251512e-08+0.j
 1.65898878e-07+0.j 1.37521150e-07+0.j 1.66630162e-07+0.j
 1.66935730e-07+0.j 6.51892933e-07+0.j 7.06748310e-07+0.j
 8.94962049e-07+0.j 6.50229485e-07+0.j]
not reaching the requested tolerance 1e-07.
  val, vec = lobpcg(
/home/jhwoo/programs/gospel/gospel/Eigensolver/Scipy.py:60: UserWarning: Exited at iteration 20 with accuracies 
[5.76877987e-08+0.j 6.58012108e-08+0.j 6.10826986e-08+0.j
 6.49430138e-08+0.j 7.10489751e-08+0.j 6.92746933e-08+0.j
 5.77859112e-08+0.j 6.76442447e-08+0.j 2.65577604e-07+0.j
 2.53717394e-07+0.j 2.68430967e-07+0.j 2.32841678e-07+0.j
 3.54319052e-07+0.j 3.25408824e-07+0.j 2.54706050e-07+0.j
 3.55026264e-07+0.j 7.38762022e-07+0.j 7.42906447e-07+0.j
 6.47344248e-07+0.j 6.23753820e-07+0.j]
not reaching the requested tolerance 1e-07.
  val, vec = lobpcg(
/home/jhwoo/programs/gospel/gospel/Eigensolver/Scipy.py:60: UserWarning: Exited at iteration 20 with accuracies 
[6.60592556e-08 6.69701210e-08 5.87494611e-08 5.20525032e-08
 5.45342773e-08 4.97180868e-08 4.84406157e-08 6.64779596e-08
 7.39806071e-08 5.72709136e-08 8.41501383e-08 6.11874315e-08
 6.61731387e-08 2.23381748e-07 2.26945270e-07 1.98235148e-07
 1.61850348e-03 4.50377721e-03 6.14368873e-03 4.22352941e-04]
not reaching the requested tolerance 1e-07.
  val, vec = lobpcg(
/home/jhwoo/programs/gospel/gospel/Eigensolver/Scipy.py:60: UserWarning: Exited at iteration 20 with accuracies 
[5.81466765e-08+0.j 5.98699668e-08+0.j 6.54172321e-08+0.j
 6.73243555e-08+0.j 7.13874625e-08+0.j 6.86724393e-08+0.j
 7.50757438e-08+0.j 8.50958690e-08+0.j 9.17219485e-08+0.j
 8.13186877e-08+0.j 7.09095895e-08+0.j 7.11659448e-08+0.j
 8.07055859e-08+0.j 8.50969913e-08+0.j 7.74348704e-08+0.j
 7.96061422e-08+0.j 8.92777824e-08+0.j 9.74777751e-08+0.j
 6.80937351e-07+0.j 7.60683961e-07+0.j]
not reaching the requested tolerance 1e-07.
  val, vec = lobpcg(
/home/jhwoo/programs/gospel/gospel/Eigensolver/Scipy.py:60: UserWarning: Exited at iteration 20 with accuracies 
[5.27981449e-08+0.j 6.71175301e-08+0.j 6.68393538e-08+0.j
 6.05241355e-08+0.j 6.03954650e-08+0.j 7.90261945e-08+0.j
 8.00548442e-08+0.j 6.03684723e-08+0.j 9.15329549e-08+0.j
 8.20731123e-08+0.j 8.50231939e-08+0.j 8.83930447e-08+0.j
 8.48545472e-08+0.j 8.39195950e-08+0.j 7.70439910e-08+0.j
 8.49724751e-08+0.j 2.23030992e-07+0.j 2.55607890e-07+0.j
 2.99872905e-07+0.j 2.22221204e-07+0.j]
not reaching the requested tolerance 1e-07.
  val, vec = lobpcg(
/home/jhwoo/programs/gospel/gospel/Eigensolver/Scipy.py:60: UserWarning: Exited at iteration 20 with accuracies 
[7.50989091e-08+0.j 6.78966939e-08+0.j 7.39741638e-08+0.j
 6.85094747e-08+0.j 5.47907623e-08+0.j 7.25186966e-08+0.j
 6.17206001e-08+0.j 7.31520369e-08+0.j 6.79579430e-08+0.j
 7.24717770e-08+0.j 8.16494191e-08+0.j 6.82514670e-08+0.j
 8.28109536e-08+0.j 7.57499858e-08+0.j 6.78885889e-08+0.j
 9.37936743e-08+0.j 3.31468403e-07+0.j 3.40849237e-07+0.j
 2.72791491e-07+0.j 2.71111239e-07+0.j]
not reaching the requested tolerance 1e-07.
  val, vec = lobpcg(
/home/jhwoo/programs/gospel/gospel/Eigensolver/Scipy.py:60: UserWarning: Exited at iteration 20 with accuracies 
[6.32352536e-08 7.10924315e-08 6.30787956e-08 6.64923068e-08
 6.32110104e-08 6.58048861e-08 4.88696329e-08 7.88703124e-08
 6.91725296e-08 7.87885374e-08 7.48380738e-08 7.65662543e-08
 8.59054607e-08 1.58802418e-07 1.04692492e-07 1.53038040e-07
 1.15196550e-03 4.36489709e-03 6.51774950e-03 7.07447824e-04]
not reaching the requested tolerance 1e-07.
  val, vec = lobpcg(
/home/jhwoo/programs/gospel/gospel/Eigensolver/Scipy.py:60: UserWarning: Exited at iteration 20 with accuracies 
[5.58880818e-08+0.j 5.66869530e-08+0.j 6.75817921e-08+0.j
 7.25975137e-08+0.j 6.97003714e-08+0.j 6.82769927e-08+0.j
 8.08565688e-08+0.j 7.55318737e-08+0.j 7.34860259e-08+0.j
 7.59484044e-08+0.j 8.17857067e-08+0.j 8.12460238e-08+0.j
 8.17168567e-08+0.j 8.16141769e-08+0.j 7.95238164e-08+0.j
 8.16284750e-08+0.j 9.40218443e-08+0.j 9.26059172e-08+0.j
 2.65648866e-07+0.j 3.13133546e-07+0.j]
not reaching the requested tolerance 1e-07.
  val, vec = lobpcg(
/home/jhwoo/programs/gospel/gospel/Eigensolver/Scipy.py:60: UserWarning: Exited at iteration 20 with accuracies 
[6.02715039e-08+0.j 5.37292732e-08+0.j 5.02280564e-08+0.j
 6.37308617e-08+0.j 7.05708096e-08+0.j 7.01419995e-08+0.j
 6.68719686e-08+0.j 7.01872345e-08+0.j 8.79874773e-08+0.j
 7.67480757e-08+0.j 7.80781686e-08+0.j 8.80418030e-08+0.j
 9.11585712e-08+0.j 7.29853545e-08+0.j 8.75592201e-08+0.j
 9.13710810e-08+0.j 1.91197641e-07+0.j 2.07603432e-07+0.j
 1.83565975e-07+0.j 1.90542708e-07+0.j]
not reaching the requested tolerance 1e-07.
  val, vec = lobpcg(
/home/jhwoo/programs/gospel/gospel/Eigensolver/Scipy.py:60: UserWarning: Exited at iteration 20 with accuracies 
[6.28107954e-08+0.j 6.28347634e-08+0.j 8.20964712e-08+0.j
 6.70379265e-08+0.j 6.18369372e-08+0.j 6.69604819e-08+0.j
 7.09762640e-08+0.j 6.66067320e-08+0.j 8.40775339e-08+0.j
 8.59153102e-08+0.j 9.02457920e-08+0.j 9.00901093e-08+0.j
 9.69937454e-08+0.j 8.84678198e-08+0.j 9.68162381e-08+0.j
 9.70582110e-08+0.j 9.80531280e-08+0.j 1.14949419e-07+0.j
 9.17203855e-08+0.j 9.43887496e-08+0.j]
not reaching the requested tolerance 1e-07.
  val, vec = lobpcg(
/home/jhwoo/programs/gospel/gospel/Eigensolver/Scipy.py:60: UserWarning: Exited at iteration 20 with accuracies 
[5.39673717e-08 8.14411356e-08 8.89156439e-08 8.03893268e-08
 8.19886121e-08 8.59969763e-08 7.94925304e-08 8.40151483e-08
 6.89188837e-08 8.37813596e-08 9.22517302e-08 8.94478665e-08
 6.28435357e-08 1.25809539e-07 8.72972414e-08 9.12152251e-08
 1.37720456e-03 3.36576984e-03 4.47943697e-03 3.59010161e-04]
not reaching the requested tolerance 1e-07.
  val, vec = lobpcg(
/home/jhwoo/programs/gospel/gospel/Eigensolver/Scipy.py:60: UserWarning: Exited at iteration 20 with accuracies 
[6.55443122e-08+0.j 6.56245486e-08+0.j 8.02884035e-08+0.j
 7.45111766e-08+0.j 8.21006303e-08+0.j 8.71467549e-08+0.j
 7.72328447e-08+0.j 9.04081536e-08+0.j 8.87247797e-08+0.j
 8.02687841e-08+0.j 7.42111382e-08+0.j 7.41652026e-08+0.j
 8.49101906e-08+0.j 8.03513126e-08+0.j 8.10322496e-08+0.j
 8.14220326e-08+0.j 9.90559592e-08+0.j 9.71550792e-08+0.j
 1.43180252e-07+0.j 1.83128236e-07+0.j]
not reaching the requested tolerance 1e-07.
  val, vec = lobpcg(
/home/jhwoo/programs/gospel/gospel/Eigensolver/Scipy.py:60: UserWarning: Exited at iteration 20 with accuracies 
[7.32062180e-08+0.j 7.29672197e-08+0.j 7.55291997e-08+0.j
 7.46922770e-08+0.j 7.78157123e-08+0.j 6.87101762e-08+0.j
 7.06711407e-08+0.j 7.87121063e-08+0.j 8.78907609e-08+0.j
 8.25524849e-08+0.j 8.49461342e-08+0.j 8.85300341e-08+0.j
 9.34181663e-08+0.j 9.10375231e-08+0.j 8.45702548e-08+0.j
 9.44437722e-08+0.j 1.12644350e-07+0.j 9.31148047e-08+0.j
 9.00852434e-08+0.j 1.11749680e-07+0.j]
not reaching the requested tolerance 1e-07.
  val, vec = lobpcg(
/home/jhwoo/programs/gospel/gospel/Eigensolver/Scipy.py:60: UserWarning: Exited at iteration 20 with accuracies 
[9.32734825e-08 8.68731461e-08 9.00640599e-08 7.89770635e-08
 8.55123396e-08 9.20813175e-08 9.27598070e-08 8.40522956e-08
 9.01102397e-08 8.41304282e-08 8.79535011e-08 8.93632125e-08
 8.90536744e-08 9.17716820e-08 7.74363509e-08 7.67047741e-08
 7.66678411e-04 2.87745827e-03 3.54619519e-03 4.49056739e-04]
not reaching the requested tolerance 1e-07.
  val, vec = lobpcg(
Integral of density (=32.000000000000014) is normalized to 32.0
Orbital energy difference = 1.7009641748444437e-06
Density difference (relative) = 6.845768414096452e-07
Elapsed time[calc_external_energy]: 4.363059997558594e-05 sec
Debug: sparse nonlocal_op@@@@@@@@@@@@@@@@@@@@@@@@@@@@@@@@@@
Debug: sparse nonlocal_op@@@@@@@@@@@@@@@@@@@@@@@@@@@@@@@@@@
Debug: sparse nonlocal_op@@@@@@@@@@@@@@@@@@@@@@@@@@@@@@@@@@
Debug: sparse nonlocal_op@@@@@@@@@@@@@@@@@@@@@@@@@@@@@@@@@@
Debug: sparse nonlocal_op@@@@@@@@@@@@@@@@@@@@@@@@@@@@@@@@@@
Debug: sparse nonlocal_op@@@@@@@@@@@@@@@@@@@@@@@@@@@@@@@@@@
Debug: sparse nonlocal_op@@@@@@@@@@@@@@@@@@@@@@@@@@@@@@@@@@
Debug: sparse nonlocal_op@@@@@@@@@@@@@@@@@@@@@@@@@@@@@@@@@@
Debug: sparse nonlocal_op@@@@@@@@@@@@@@@@@@@@@@@@@@@@@@@@@@
Debug: sparse nonlocal_op@@@@@@@@@@@@@@@@@@@@@@@@@@@@@@@@@@
Debug: sparse nonlocal_op@@@@@@@@@@@@@@@@@@@@@@@@@@@@@@@@@@
Debug: sparse nonlocal_op@@@@@@@@@@@@@@@@@@@@@@@@@@@@@@@@@@
Debug: sparse nonlocal_op@@@@@@@@@@@@@@@@@@@@@@@@@@@@@@@@@@
Debug: sparse nonlocal_op@@@@@@@@@@@@@@@@@@@@@@@@@@@@@@@@@@
Debug: sparse nonlocal_op@@@@@@@@@@@@@@@@@@@@@@@@@@@@@@@@@@
Debug: sparse nonlocal_op@@@@@@@@@@@@@@@@@@@@@@@@@@@@@@@@@@
Debug: sparse nonlocal_op@@@@@@@@@@@@@@@@@@@@@@@@@@@@@@@@@@
Debug: sparse nonlocal_op@@@@@@@@@@@@@@@@@@@@@@@@@@@@@@@@@@
Debug: sparse nonlocal_op@@@@@@@@@@@@@@@@@@@@@@@@@@@@@@@@@@
Debug: sparse nonlocal_op@@@@@@@@@@@@@@@@@@@@@@@@@@@@@@@@@@
Debug: sparse nonlocal_op@@@@@@@@@@@@@@@@@@@@@@@@@@@@@@@@@@
Debug: sparse nonlocal_op@@@@@@@@@@@@@@@@@@@@@@@@@@@@@@@@@@
Debug: sparse nonlocal_op@@@@@@@@@@@@@@@@@@@@@@@@@@@@@@@@@@
Debug: sparse nonlocal_op@@@@@@@@@@@@@@@@@@@@@@@@@@@@@@@@@@
Debug: sparse nonlocal_op@@@@@@@@@@@@@@@@@@@@@@@@@@@@@@@@@@
Debug: sparse nonlocal_op@@@@@@@@@@@@@@@@@@@@@@@@@@@@@@@@@@
Debug: sparse nonlocal_op@@@@@@@@@@@@@@@@@@@@@@@@@@@@@@@@@@
Debug: sparse nonlocal_op@@@@@@@@@@@@@@@@@@@@@@@@@@@@@@@@@@
Debug: sparse nonlocal_op@@@@@@@@@@@@@@@@@@@@@@@@@@@@@@@@@@
Debug: sparse nonlocal_op@@@@@@@@@@@@@@@@@@@@@@@@@@@@@@@@@@
Debug: sparse nonlocal_op@@@@@@@@@@@@@@@@@@@@@@@@@@@@@@@@@@
Debug: sparse nonlocal_op@@@@@@@@@@@@@@@@@@@@@@@@@@@@@@@@@@
Debug: sparse nonlocal_op@@@@@@@@@@@@@@@@@@@@@@@@@@@@@@@@@@
Debug: sparse nonlocal_op@@@@@@@@@@@@@@@@@@@@@@@@@@@@@@@@@@
Debug: sparse nonlocal_op@@@@@@@@@@@@@@@@@@@@@@@@@@@@@@@@@@
Debug: sparse nonlocal_op@@@@@@@@@@@@@@@@@@@@@@@@@@@@@@@@@@
Debug: sparse nonlocal_op@@@@@@@@@@@@@@@@@@@@@@@@@@@@@@@@@@
Debug: sparse nonlocal_op@@@@@@@@@@@@@@@@@@@@@@@@@@@@@@@@@@
Debug: sparse nonlocal_op@@@@@@@@@@@@@@@@@@@@@@@@@@@@@@@@@@
Debug: sparse nonlocal_op@@@@@@@@@@@@@@@@@@@@@@@@@@@@@@@@@@
Debug: sparse nonlocal_op@@@@@@@@@@@@@@@@@@@@@@@@@@@@@@@@@@
Debug: sparse nonlocal_op@@@@@@@@@@@@@@@@@@@@@@@@@@@@@@@@@@
Debug: sparse nonlocal_op@@@@@@@@@@@@@@@@@@@@@@@@@@@@@@@@@@
Debug: sparse nonlocal_op@@@@@@@@@@@@@@@@@@@@@@@@@@@@@@@@@@
Debug: sparse nonlocal_op@@@@@@@@@@@@@@@@@@@@@@@@@@@@@@@@@@
Debug: sparse nonlocal_op@@@@@@@@@@@@@@@@@@@@@@@@@@@@@@@@@@
Debug: sparse nonlocal_op@@@@@@@@@@@@@@@@@@@@@@@@@@@@@@@@@@
Debug: sparse nonlocal_op@@@@@@@@@@@@@@@@@@@@@@@@@@@@@@@@@@
Debug: sparse nonlocal_op@@@@@@@@@@@@@@@@@@@@@@@@@@@@@@@@@@
Debug: sparse nonlocal_op@@@@@@@@@@@@@@@@@@@@@@@@@@@@@@@@@@
Debug: sparse nonlocal_op@@@@@@@@@@@@@@@@@@@@@@@@@@@@@@@@@@
Debug: sparse nonlocal_op@@@@@@@@@@@@@@@@@@@@@@@@@@@@@@@@@@
Debug: sparse nonlocal_op@@@@@@@@@@@@@@@@@@@@@@@@@@@@@@@@@@
Debug: sparse nonlocal_op@@@@@@@@@@@@@@@@@@@@@@@@@@@@@@@@@@
Debug: sparse nonlocal_op@@@@@@@@@@@@@@@@@@@@@@@@@@@@@@@@@@
Debug: sparse nonlocal_op@@@@@@@@@@@@@@@@@@@@@@@@@@@@@@@@@@
Debug: sparse nonlocal_op@@@@@@@@@@@@@@@@@@@@@@@@@@@@@@@@@@
Debug: sparse nonlocal_op@@@@@@@@@@@@@@@@@@@@@@@@@@@@@@@@@@
Debug: sparse nonlocal_op@@@@@@@@@@@@@@@@@@@@@@@@@@@@@@@@@@
Debug: sparse nonlocal_op@@@@@@@@@@@@@@@@@@@@@@@@@@@@@@@@@@
Debug: sparse nonlocal_op@@@@@@@@@@@@@@@@@@@@@@@@@@@@@@@@@@
Debug: sparse nonlocal_op@@@@@@@@@@@@@@@@@@@@@@@@@@@@@@@@@@
Debug: sparse nonlocal_op@@@@@@@@@@@@@@@@@@@@@@@@@@@@@@@@@@
Debug: sparse nonlocal_op@@@@@@@@@@@@@@@@@@@@@@@@@@@@@@@@@@
Elapsed time[calc_nonlocal_energy]: 0.020434141159057617 sec

============ Energy (Hartree) ============
|   Total Energy        : -38.7007465617 |
------------------------------------------
| * Ion-ion Energy      : 0.0            |
| * Eigenvals sum for 0 : -1.5343977655  |
| * Hartree Energy      : 13.8860677131  |
| * XC Energy           : -17.4027343036 |
| * Kinetic Energy      : 12.2977159207  |
| * External Energy     : -54.4698751491 |
| * Non-local Energy    : 6.9880792572   |
==========================================
Elapsed time[calc_and_print_energies]: 0.06592750549316406 sec
Total energy difference = -3.5353699772144864e-06 Hartree
Elapsed time for 16 th cycle: 2.306131601333618 sec

==================== [ END CYCLE 16 ] ====================
Elapsed time[_get_mixed_var]: 0.0003390312194824219 sec
Elapsed time[compute_potential]: 0.006760835647583008 sec
Elapsed time[compute]: 0.019801616668701172 sec

==================== [ SCF CYCLE 17 ] ====================
Debug: sparse nonlocal_op@@@@@@@@@@@@@@@@@@@@@@@@@@@@@@@@@@
Debug: sparse nonlocal_op@@@@@@@@@@@@@@@@@@@@@@@@@@@@@@@@@@
Debug: sparse nonlocal_op@@@@@@@@@@@@@@@@@@@@@@@@@@@@@@@@@@
Debug: sparse nonlocal_op@@@@@@@@@@@@@@@@@@@@@@@@@@@@@@@@@@
Elapsed time[diagonalize]: 2.0685715675354004 sec

[ PRINT EIGENVALUES ]
( spin alpha )
* 1 th kpt (=[0. 0. 0.])
num        occ        value
1          2.0        -0.3028936560776211
2          2.0        -0.15096757795615606
3          2.0        -0.15095901117194724
4          2.0        -0.15095034894080994
5          2.0        -0.14946788411205048
6          2.0        -0.14946608705029824
7          2.0        -0.149451940940378
8          2.0        0.03236283226270189
9          2.0        0.03237309509408218
10         2.0        0.03243014970454822
11         2.0        0.032434492482699306
12         2.0        0.032471444831914185
13         2.0        0.03247737068472019
14         2.0        0.13747151432368276
15         2.0        0.13752265096433453
16         2.0        0.13776850264149046
17         0.0        0.1622099582066281
18         0.0        0.16235132225021914
19         0.0        0.16247080859843333
20         0.0        0.1635427106207276


* 2 th kpt (=[0.5 0.  0. ])
num        occ        value
1          6.0        -0.26300868794895055
2          6.0        -0.2630085602711332
3          6.0        -0.14492460036352764
4          6.0        -0.1449245856876702
5          6.0        -0.1433404457175594
6          6.0        -0.14334043117539924
7          6.0        -0.004533407508317795
8          6.0        -0.004533389653795092
9          6.0        -0.00439187032722495
10         6.0        -0.004391852799189217
11         6.0        0.007943913250972899
12         6.0        0.007961004261493413
13         6.0        0.06786985773335215
14         6.0        0.06787163415144527
15         6.0        0.06795089350344215
16         6.0        0.06795269132734555
17         0.0        0.17844637234387703
18         0.0        0.17845379652312923
19         0.0        0.25155801361061425
20         0.0        0.2515954633156178


* 3 th kpt (=[0.5 0.5 0. ])
num        occ        value
1          6.0        -0.2275391310320049
2          6.0        -0.22753899313010664
3          6.0        -0.22753898777245304
4          6.0        -0.22753886368118548
5          6.0        -0.06422164366937358
6          6.0        -0.06421961207411728
7          6.0        -0.06421959811732103
8          6.0        -0.06421750593769814
9          6.0        -0.0007792892281344877
10         6.0        -0.000778954111073511
11         6.0        -0.0007789362302816129
12         6.0        -0.0007786061187842807
13         6.0        0.08871309038196501
14         6.0        0.08872847270999129
15         6.0        0.08872848100840733
16         6.0        0.08874382222165947
17         0.0        0.2264332108252057
18         0.0        0.22644329870713725
19         0.0        0.22644331754993058
20         0.0        0.22645334040492254


* 4 th kpt (=[0.5 0.5 0.5])
num        occ        value
1          2.0        -0.21688567480050192
2          2.0        -0.21688567013659663
3          2.0        -0.21688565918676378
4          2.0        -0.21688565461449272
5          2.0        -0.11914406588408606
6          2.0        -0.11914406135893107
7          2.0        -0.11914404506825683
8          2.0        -0.1191440297711495
9          2.0        0.09336704200489085
10         2.0        0.0933670504938644
11         2.0        0.09336705167305007
12         2.0        0.09336706219901184
13         2.0        0.09354004843659935
14         2.0        0.09354005302270459
15         2.0        0.09354006523743819
16         2.0        0.09354007429971865
17         0.0        0.19238917731292754
18         0.0        0.19238918527547444
19         0.0        0.19238919291042356
20         0.0        0.192389196401412


Integral of density (=32.00000000000001) is normalized to 31.999999999999993
Orbital energy difference = 9.798628066715054e-07
Density difference (relative) = 2.6297094061449615e-07
Elapsed time[calc_external_energy]: 4.410743713378906e-05 sec
Debug: sparse nonlocal_op@@@@@@@@@@@@@@@@@@@@@@@@@@@@@@@@@@
Debug: sparse nonlocal_op@@@@@@@@@@@@@@@@@@@@@@@@@@@@@@@@@@
Debug: sparse nonlocal_op@@@@@@@@@@@@@@@@@@@@@@@@@@@@@@@@@@
Debug: sparse nonlocal_op@@@@@@@@@@@@@@@@@@@@@@@@@@@@@@@@@@
Debug: sparse nonlocal_op@@@@@@@@@@@@@@@@@@@@@@@@@@@@@@@@@@
Debug: sparse nonlocal_op@@@@@@@@@@@@@@@@@@@@@@@@@@@@@@@@@@
Debug: sparse nonlocal_op@@@@@@@@@@@@@@@@@@@@@@@@@@@@@@@@@@
Debug: sparse nonlocal_op@@@@@@@@@@@@@@@@@@@@@@@@@@@@@@@@@@
Debug: sparse nonlocal_op@@@@@@@@@@@@@@@@@@@@@@@@@@@@@@@@@@
Debug: sparse nonlocal_op@@@@@@@@@@@@@@@@@@@@@@@@@@@@@@@@@@
Debug: sparse nonlocal_op@@@@@@@@@@@@@@@@@@@@@@@@@@@@@@@@@@
Debug: sparse nonlocal_op@@@@@@@@@@@@@@@@@@@@@@@@@@@@@@@@@@
Debug: sparse nonlocal_op@@@@@@@@@@@@@@@@@@@@@@@@@@@@@@@@@@
Debug: sparse nonlocal_op@@@@@@@@@@@@@@@@@@@@@@@@@@@@@@@@@@
Debug: sparse nonlocal_op@@@@@@@@@@@@@@@@@@@@@@@@@@@@@@@@@@
Debug: sparse nonlocal_op@@@@@@@@@@@@@@@@@@@@@@@@@@@@@@@@@@
Debug: sparse nonlocal_op@@@@@@@@@@@@@@@@@@@@@@@@@@@@@@@@@@
Debug: sparse nonlocal_op@@@@@@@@@@@@@@@@@@@@@@@@@@@@@@@@@@
Debug: sparse nonlocal_op@@@@@@@@@@@@@@@@@@@@@@@@@@@@@@@@@@
Debug: sparse nonlocal_op@@@@@@@@@@@@@@@@@@@@@@@@@@@@@@@@@@
Debug: sparse nonlocal_op@@@@@@@@@@@@@@@@@@@@@@@@@@@@@@@@@@
Debug: sparse nonlocal_op@@@@@@@@@@@@@@@@@@@@@@@@@@@@@@@@@@
Debug: sparse nonlocal_op@@@@@@@@@@@@@@@@@@@@@@@@@@@@@@@@@@
Debug: sparse nonlocal_op@@@@@@@@@@@@@@@@@@@@@@@@@@@@@@@@@@
Debug: sparse nonlocal_op@@@@@@@@@@@@@@@@@@@@@@@@@@@@@@@@@@
Debug: sparse nonlocal_op@@@@@@@@@@@@@@@@@@@@@@@@@@@@@@@@@@
Debug: sparse nonlocal_op@@@@@@@@@@@@@@@@@@@@@@@@@@@@@@@@@@
Debug: sparse nonlocal_op@@@@@@@@@@@@@@@@@@@@@@@@@@@@@@@@@@
Debug: sparse nonlocal_op@@@@@@@@@@@@@@@@@@@@@@@@@@@@@@@@@@
Debug: sparse nonlocal_op@@@@@@@@@@@@@@@@@@@@@@@@@@@@@@@@@@
Debug: sparse nonlocal_op@@@@@@@@@@@@@@@@@@@@@@@@@@@@@@@@@@
Debug: sparse nonlocal_op@@@@@@@@@@@@@@@@@@@@@@@@@@@@@@@@@@
Debug: sparse nonlocal_op@@@@@@@@@@@@@@@@@@@@@@@@@@@@@@@@@@
Debug: sparse nonlocal_op@@@@@@@@@@@@@@@@@@@@@@@@@@@@@@@@@@
Debug: sparse nonlocal_op@@@@@@@@@@@@@@@@@@@@@@@@@@@@@@@@@@
Debug: sparse nonlocal_op@@@@@@@@@@@@@@@@@@@@@@@@@@@@@@@@@@
Debug: sparse nonlocal_op@@@@@@@@@@@@@@@@@@@@@@@@@@@@@@@@@@
Debug: sparse nonlocal_op@@@@@@@@@@@@@@@@@@@@@@@@@@@@@@@@@@
Debug: sparse nonlocal_op@@@@@@@@@@@@@@@@@@@@@@@@@@@@@@@@@@
Debug: sparse nonlocal_op@@@@@@@@@@@@@@@@@@@@@@@@@@@@@@@@@@
Debug: sparse nonlocal_op@@@@@@@@@@@@@@@@@@@@@@@@@@@@@@@@@@
Debug: sparse nonlocal_op@@@@@@@@@@@@@@@@@@@@@@@@@@@@@@@@@@
Debug: sparse nonlocal_op@@@@@@@@@@@@@@@@@@@@@@@@@@@@@@@@@@
Debug: sparse nonlocal_op@@@@@@@@@@@@@@@@@@@@@@@@@@@@@@@@@@
Debug: sparse nonlocal_op@@@@@@@@@@@@@@@@@@@@@@@@@@@@@@@@@@
Debug: sparse nonlocal_op@@@@@@@@@@@@@@@@@@@@@@@@@@@@@@@@@@
Debug: sparse nonlocal_op@@@@@@@@@@@@@@@@@@@@@@@@@@@@@@@@@@
Debug: sparse nonlocal_op@@@@@@@@@@@@@@@@@@@@@@@@@@@@@@@@@@
Debug: sparse nonlocal_op@@@@@@@@@@@@@@@@@@@@@@@@@@@@@@@@@@
Debug: sparse nonlocal_op@@@@@@@@@@@@@@@@@@@@@@@@@@@@@@@@@@
Debug: sparse nonlocal_op@@@@@@@@@@@@@@@@@@@@@@@@@@@@@@@@@@
Debug: sparse nonlocal_op@@@@@@@@@@@@@@@@@@@@@@@@@@@@@@@@@@
Debug: sparse nonlocal_op@@@@@@@@@@@@@@@@@@@@@@@@@@@@@@@@@@
Debug: sparse nonlocal_op@@@@@@@@@@@@@@@@@@@@@@@@@@@@@@@@@@
Debug: sparse nonlocal_op@@@@@@@@@@@@@@@@@@@@@@@@@@@@@@@@@@
Debug: sparse nonlocal_op@@@@@@@@@@@@@@@@@@@@@@@@@@@@@@@@@@
Debug: sparse nonlocal_op@@@@@@@@@@@@@@@@@@@@@@@@@@@@@@@@@@
Debug: sparse nonlocal_op@@@@@@@@@@@@@@@@@@@@@@@@@@@@@@@@@@
Debug: sparse nonlocal_op@@@@@@@@@@@@@@@@@@@@@@@@@@@@@@@@@@
Debug: sparse nonlocal_op@@@@@@@@@@@@@@@@@@@@@@@@@@@@@@@@@@
Debug: sparse nonlocal_op@@@@@@@@@@@@@@@@@@@@@@@@@@@@@@@@@@
Debug: sparse nonlocal_op@@@@@@@@@@@@@@@@@@@@@@@@@@@@@@@@@@
Debug: sparse nonlocal_op@@@@@@@@@@@@@@@@@@@@@@@@@@@@@@@@@@
Debug: sparse nonlocal_op@@@@@@@@@@@@@@@@@@@@@@@@@@@@@@@@@@
Elapsed time[calc_nonlocal_energy]: 0.02099776268005371 sec

============ Energy (Hartree) ============
|   Total Energy        : -38.7007496553 |
------------------------------------------
| * Ion-ion Energy      : 0.0            |
| * Eigenvals sum for 0 : -1.5343967857  |
| * Hartree Energy      : 13.8860665121  |
| * XC Energy           : -17.4027353191 |
| * Kinetic Energy      : 12.2977157113  |
| * External Energy     : -54.4698746239 |
| * Non-local Energy    : 6.9880780643   |
==========================================
Elapsed time[calc_and_print_energies]: 0.06667447090148926 sec
Total energy difference = -3.0935811423660198e-06 Hartree
Elapsed time for 17 th cycle: 2.1453099250793457 sec

==================== [ END CYCLE 17 ] ====================
Elapsed time[_get_mixed_var]: 0.0003306865692138672 sec
Elapsed time[compute_potential]: 0.006767988204956055 sec
Elapsed time[compute]: 0.019775390625 sec

==================== [ SCF CYCLE 18 ] ====================
Debug: sparse nonlocal_op@@@@@@@@@@@@@@@@@@@@@@@@@@@@@@@@@@
Debug: sparse nonlocal_op@@@@@@@@@@@@@@@@@@@@@@@@@@@@@@@@@@
Debug: sparse nonlocal_op@@@@@@@@@@@@@@@@@@@@@@@@@@@@@@@@@@
Debug: sparse nonlocal_op@@@@@@@@@@@@@@@@@@@@@@@@@@@@@@@@@@
Elapsed time[diagonalize]: 0.45450377464294434 sec

[ PRINT EIGENVALUES ]
( spin alpha )
* 1 th kpt (=[0. 0. 0.])
num        occ        value
1          2.0        -0.30289366086262437
2          2.0        -0.15096758452906778
3          2.0        -0.15095901619931465
4          2.0        -0.1509503534994939
5          2.0        -0.14946789069990327
6          2.0        -0.14946609518446757
7          2.0        -0.1494519495714161
8          2.0        0.03236282434485546
9          2.0        0.03237309151407484
10         2.0        0.03243014102785357
11         2.0        0.03243448947082407
12         2.0        0.03247143972689022
13         2.0        0.03247736423850504
14         2.0        0.1374715070005978
15         2.0        0.1375226436197413
16         2.0        0.13776849529925067
17         0.0        0.1622090276662149
18         0.0        0.1623446339716049
19         0.0        0.1624606112820425
20         0.0        0.16354258630241694


* 2 th kpt (=[0.5 0.  0. ])
num        occ        value
1          6.0        -0.26300869315272857
2          6.0        -0.2630085655252544
3          6.0        -0.14492460491741815
4          6.0        -0.14492459315968173
5          6.0        -0.14334045292762554
6          6.0        -0.1433404406832633
7          6.0        -0.004533410071777334
8          6.0        -0.004533394108622656
9          6.0        -0.004391871313492561
10         6.0        -0.0043918553740441265
11         6.0        0.007943905443318161
12         6.0        0.007960996453568387
13         6.0        0.06786985140492072
14         6.0        0.06787162781990895
15         6.0        0.06795088749340333
16         6.0        0.06795268531576766
17         0.0        0.1784463725889867
18         0.0        0.17845379676851017
19         0.0        0.25155801435629066
20         0.0        0.2515954640628226


* 3 th kpt (=[0.5 0.5 0. ])
num        occ        value
1          6.0        -0.2275391345497542
2          6.0        -0.22753900129234106
3          6.0        -0.22753899599145594
4          6.0        -0.22753886728426834
5          6.0        -0.06422166032004101
6          6.0        -0.06421960886880126
7          6.0        -0.06421959505074461
8          6.0        -0.0642175225972922
9          6.0        -0.0007792910498593084
10         6.0        -0.0007789580322959676
11         6.0        -0.0007789402577758365
12         6.0        -0.0007786079804625591
13         6.0        0.0887130906161519
14         6.0        0.08872845891275288
15         6.0        0.08872846715097968
16         6.0        0.08874382245720931
17         0.0        0.22643321796859636
18         0.0        0.22644328766428926
19         0.0        0.22644330650018404
20         0.0        0.22645334754610266


* 4 th kpt (=[0.5 0.5 0.5])
num        occ        value
1          2.0        -0.21688567843542494
2          2.0        -0.2168856733416062
3          2.0        -0.21688566909523863
4          2.0        -0.21688566446578345
5          2.0        -0.11914406264391267
6          2.0        -0.11914405783357365
7          2.0        -0.11914405163223794
8          2.0        -0.11914404411260932
9          2.0        0.09336704004458717
10         2.0        0.09336704227576827
11         2.0        0.09336704468700659
12         2.0        0.09336705109432157
13         2.0        0.09354004656836223
14         2.0        0.09354005101188827
15         2.0        0.09354005578153682
16         2.0        0.09354005929630958
17         0.0        0.1923891774514848
18         0.0        0.19238918254573198
19         0.0        0.19238918748975897
20         0.0        0.19238919106575295


Integral of density (=32.00000000000001) is normalized to 31.999999999999993
Orbital energy difference = -1.8417477343213307e-07
Density difference (relative) = 1.7626756606720766e-07
Elapsed time[calc_external_energy]: 4.482269287109375e-05 sec
Debug: sparse nonlocal_op@@@@@@@@@@@@@@@@@@@@@@@@@@@@@@@@@@
Debug: sparse nonlocal_op@@@@@@@@@@@@@@@@@@@@@@@@@@@@@@@@@@
Debug: sparse nonlocal_op@@@@@@@@@@@@@@@@@@@@@@@@@@@@@@@@@@
Debug: sparse nonlocal_op@@@@@@@@@@@@@@@@@@@@@@@@@@@@@@@@@@
Debug: sparse nonlocal_op@@@@@@@@@@@@@@@@@@@@@@@@@@@@@@@@@@
Debug: sparse nonlocal_op@@@@@@@@@@@@@@@@@@@@@@@@@@@@@@@@@@
Debug: sparse nonlocal_op@@@@@@@@@@@@@@@@@@@@@@@@@@@@@@@@@@
Debug: sparse nonlocal_op@@@@@@@@@@@@@@@@@@@@@@@@@@@@@@@@@@
Debug: sparse nonlocal_op@@@@@@@@@@@@@@@@@@@@@@@@@@@@@@@@@@
Debug: sparse nonlocal_op@@@@@@@@@@@@@@@@@@@@@@@@@@@@@@@@@@
Debug: sparse nonlocal_op@@@@@@@@@@@@@@@@@@@@@@@@@@@@@@@@@@
Debug: sparse nonlocal_op@@@@@@@@@@@@@@@@@@@@@@@@@@@@@@@@@@
Debug: sparse nonlocal_op@@@@@@@@@@@@@@@@@@@@@@@@@@@@@@@@@@
Debug: sparse nonlocal_op@@@@@@@@@@@@@@@@@@@@@@@@@@@@@@@@@@
Debug: sparse nonlocal_op@@@@@@@@@@@@@@@@@@@@@@@@@@@@@@@@@@
Debug: sparse nonlocal_op@@@@@@@@@@@@@@@@@@@@@@@@@@@@@@@@@@
Debug: sparse nonlocal_op@@@@@@@@@@@@@@@@@@@@@@@@@@@@@@@@@@
Debug: sparse nonlocal_op@@@@@@@@@@@@@@@@@@@@@@@@@@@@@@@@@@
Debug: sparse nonlocal_op@@@@@@@@@@@@@@@@@@@@@@@@@@@@@@@@@@
Debug: sparse nonlocal_op@@@@@@@@@@@@@@@@@@@@@@@@@@@@@@@@@@
Debug: sparse nonlocal_op@@@@@@@@@@@@@@@@@@@@@@@@@@@@@@@@@@
Debug: sparse nonlocal_op@@@@@@@@@@@@@@@@@@@@@@@@@@@@@@@@@@
Debug: sparse nonlocal_op@@@@@@@@@@@@@@@@@@@@@@@@@@@@@@@@@@
Debug: sparse nonlocal_op@@@@@@@@@@@@@@@@@@@@@@@@@@@@@@@@@@
Debug: sparse nonlocal_op@@@@@@@@@@@@@@@@@@@@@@@@@@@@@@@@@@
Debug: sparse nonlocal_op@@@@@@@@@@@@@@@@@@@@@@@@@@@@@@@@@@
Debug: sparse nonlocal_op@@@@@@@@@@@@@@@@@@@@@@@@@@@@@@@@@@
Debug: sparse nonlocal_op@@@@@@@@@@@@@@@@@@@@@@@@@@@@@@@@@@
Debug: sparse nonlocal_op@@@@@@@@@@@@@@@@@@@@@@@@@@@@@@@@@@
Debug: sparse nonlocal_op@@@@@@@@@@@@@@@@@@@@@@@@@@@@@@@@@@
Debug: sparse nonlocal_op@@@@@@@@@@@@@@@@@@@@@@@@@@@@@@@@@@
Debug: sparse nonlocal_op@@@@@@@@@@@@@@@@@@@@@@@@@@@@@@@@@@
Debug: sparse nonlocal_op@@@@@@@@@@@@@@@@@@@@@@@@@@@@@@@@@@
Debug: sparse nonlocal_op@@@@@@@@@@@@@@@@@@@@@@@@@@@@@@@@@@
Debug: sparse nonlocal_op@@@@@@@@@@@@@@@@@@@@@@@@@@@@@@@@@@
Debug: sparse nonlocal_op@@@@@@@@@@@@@@@@@@@@@@@@@@@@@@@@@@
Debug: sparse nonlocal_op@@@@@@@@@@@@@@@@@@@@@@@@@@@@@@@@@@
Debug: sparse nonlocal_op@@@@@@@@@@@@@@@@@@@@@@@@@@@@@@@@@@
Debug: sparse nonlocal_op@@@@@@@@@@@@@@@@@@@@@@@@@@@@@@@@@@
Debug: sparse nonlocal_op@@@@@@@@@@@@@@@@@@@@@@@@@@@@@@@@@@
Debug: sparse nonlocal_op@@@@@@@@@@@@@@@@@@@@@@@@@@@@@@@@@@
Debug: sparse nonlocal_op@@@@@@@@@@@@@@@@@@@@@@@@@@@@@@@@@@
Debug: sparse nonlocal_op@@@@@@@@@@@@@@@@@@@@@@@@@@@@@@@@@@
Debug: sparse nonlocal_op@@@@@@@@@@@@@@@@@@@@@@@@@@@@@@@@@@
Debug: sparse nonlocal_op@@@@@@@@@@@@@@@@@@@@@@@@@@@@@@@@@@
Debug: sparse nonlocal_op@@@@@@@@@@@@@@@@@@@@@@@@@@@@@@@@@@
Debug: sparse nonlocal_op@@@@@@@@@@@@@@@@@@@@@@@@@@@@@@@@@@
Debug: sparse nonlocal_op@@@@@@@@@@@@@@@@@@@@@@@@@@@@@@@@@@
Debug: sparse nonlocal_op@@@@@@@@@@@@@@@@@@@@@@@@@@@@@@@@@@
Debug: sparse nonlocal_op@@@@@@@@@@@@@@@@@@@@@@@@@@@@@@@@@@
Debug: sparse nonlocal_op@@@@@@@@@@@@@@@@@@@@@@@@@@@@@@@@@@
Debug: sparse nonlocal_op@@@@@@@@@@@@@@@@@@@@@@@@@@@@@@@@@@
Debug: sparse nonlocal_op@@@@@@@@@@@@@@@@@@@@@@@@@@@@@@@@@@
Debug: sparse nonlocal_op@@@@@@@@@@@@@@@@@@@@@@@@@@@@@@@@@@
Debug: sparse nonlocal_op@@@@@@@@@@@@@@@@@@@@@@@@@@@@@@@@@@
Debug: sparse nonlocal_op@@@@@@@@@@@@@@@@@@@@@@@@@@@@@@@@@@
Debug: sparse nonlocal_op@@@@@@@@@@@@@@@@@@@@@@@@@@@@@@@@@@
Debug: sparse nonlocal_op@@@@@@@@@@@@@@@@@@@@@@@@@@@@@@@@@@
Debug: sparse nonlocal_op@@@@@@@@@@@@@@@@@@@@@@@@@@@@@@@@@@
Debug: sparse nonlocal_op@@@@@@@@@@@@@@@@@@@@@@@@@@@@@@@@@@
Debug: sparse nonlocal_op@@@@@@@@@@@@@@@@@@@@@@@@@@@@@@@@@@
Debug: sparse nonlocal_op@@@@@@@@@@@@@@@@@@@@@@@@@@@@@@@@@@
Debug: sparse nonlocal_op@@@@@@@@@@@@@@@@@@@@@@@@@@@@@@@@@@
Debug: sparse nonlocal_op@@@@@@@@@@@@@@@@@@@@@@@@@@@@@@@@@@
Elapsed time[calc_nonlocal_energy]: 0.02128148078918457 sec

============ Energy (Hartree) ============
|   Total Energy        : -38.7007492099 |
------------------------------------------
| * Ion-ion Energy      : 0.0            |
| * Eigenvals sum for 0 : -1.5343969699  |
| * Hartree Energy      : 13.8860667995  |
| * XC Energy           : -17.4027351898 |
| * Kinetic Energy      : 12.2977157252  |
| * External Energy     : -54.4698746335 |
| * Non-local Energy    : 6.9880780887   |
==========================================
Elapsed time[calc_and_print_energies]: 0.06739926338195801 sec
Total energy difference = 4.453635256140842e-07 Hartree
Elapsed time for 18 th cycle: 0.5322122573852539 sec

==================== [ END CYCLE 18 ] ====================
SCF CONVERGED with 18 iters!!
Elapsed time[calc_external_energy]: 5.316734313964844e-05 sec
Debug: sparse nonlocal_op@@@@@@@@@@@@@@@@@@@@@@@@@@@@@@@@@@
Debug: sparse nonlocal_op@@@@@@@@@@@@@@@@@@@@@@@@@@@@@@@@@@
Debug: sparse nonlocal_op@@@@@@@@@@@@@@@@@@@@@@@@@@@@@@@@@@
Debug: sparse nonlocal_op@@@@@@@@@@@@@@@@@@@@@@@@@@@@@@@@@@
Debug: sparse nonlocal_op@@@@@@@@@@@@@@@@@@@@@@@@@@@@@@@@@@
Debug: sparse nonlocal_op@@@@@@@@@@@@@@@@@@@@@@@@@@@@@@@@@@
Debug: sparse nonlocal_op@@@@@@@@@@@@@@@@@@@@@@@@@@@@@@@@@@
Debug: sparse nonlocal_op@@@@@@@@@@@@@@@@@@@@@@@@@@@@@@@@@@
Debug: sparse nonlocal_op@@@@@@@@@@@@@@@@@@@@@@@@@@@@@@@@@@
Debug: sparse nonlocal_op@@@@@@@@@@@@@@@@@@@@@@@@@@@@@@@@@@
Debug: sparse nonlocal_op@@@@@@@@@@@@@@@@@@@@@@@@@@@@@@@@@@
Debug: sparse nonlocal_op@@@@@@@@@@@@@@@@@@@@@@@@@@@@@@@@@@
Debug: sparse nonlocal_op@@@@@@@@@@@@@@@@@@@@@@@@@@@@@@@@@@
Debug: sparse nonlocal_op@@@@@@@@@@@@@@@@@@@@@@@@@@@@@@@@@@
Debug: sparse nonlocal_op@@@@@@@@@@@@@@@@@@@@@@@@@@@@@@@@@@
Debug: sparse nonlocal_op@@@@@@@@@@@@@@@@@@@@@@@@@@@@@@@@@@
Debug: sparse nonlocal_op@@@@@@@@@@@@@@@@@@@@@@@@@@@@@@@@@@
Debug: sparse nonlocal_op@@@@@@@@@@@@@@@@@@@@@@@@@@@@@@@@@@
Debug: sparse nonlocal_op@@@@@@@@@@@@@@@@@@@@@@@@@@@@@@@@@@
Debug: sparse nonlocal_op@@@@@@@@@@@@@@@@@@@@@@@@@@@@@@@@@@
Debug: sparse nonlocal_op@@@@@@@@@@@@@@@@@@@@@@@@@@@@@@@@@@
Debug: sparse nonlocal_op@@@@@@@@@@@@@@@@@@@@@@@@@@@@@@@@@@
Debug: sparse nonlocal_op@@@@@@@@@@@@@@@@@@@@@@@@@@@@@@@@@@
Debug: sparse nonlocal_op@@@@@@@@@@@@@@@@@@@@@@@@@@@@@@@@@@
Debug: sparse nonlocal_op@@@@@@@@@@@@@@@@@@@@@@@@@@@@@@@@@@
Debug: sparse nonlocal_op@@@@@@@@@@@@@@@@@@@@@@@@@@@@@@@@@@
Debug: sparse nonlocal_op@@@@@@@@@@@@@@@@@@@@@@@@@@@@@@@@@@
Debug: sparse nonlocal_op@@@@@@@@@@@@@@@@@@@@@@@@@@@@@@@@@@
Debug: sparse nonlocal_op@@@@@@@@@@@@@@@@@@@@@@@@@@@@@@@@@@
Debug: sparse nonlocal_op@@@@@@@@@@@@@@@@@@@@@@@@@@@@@@@@@@
Debug: sparse nonlocal_op@@@@@@@@@@@@@@@@@@@@@@@@@@@@@@@@@@
Debug: sparse nonlocal_op@@@@@@@@@@@@@@@@@@@@@@@@@@@@@@@@@@
Debug: sparse nonlocal_op@@@@@@@@@@@@@@@@@@@@@@@@@@@@@@@@@@
Debug: sparse nonlocal_op@@@@@@@@@@@@@@@@@@@@@@@@@@@@@@@@@@
Debug: sparse nonlocal_op@@@@@@@@@@@@@@@@@@@@@@@@@@@@@@@@@@
Debug: sparse nonlocal_op@@@@@@@@@@@@@@@@@@@@@@@@@@@@@@@@@@
Debug: sparse nonlocal_op@@@@@@@@@@@@@@@@@@@@@@@@@@@@@@@@@@
Debug: sparse nonlocal_op@@@@@@@@@@@@@@@@@@@@@@@@@@@@@@@@@@
Debug: sparse nonlocal_op@@@@@@@@@@@@@@@@@@@@@@@@@@@@@@@@@@
Debug: sparse nonlocal_op@@@@@@@@@@@@@@@@@@@@@@@@@@@@@@@@@@
Debug: sparse nonlocal_op@@@@@@@@@@@@@@@@@@@@@@@@@@@@@@@@@@
Debug: sparse nonlocal_op@@@@@@@@@@@@@@@@@@@@@@@@@@@@@@@@@@
Debug: sparse nonlocal_op@@@@@@@@@@@@@@@@@@@@@@@@@@@@@@@@@@
Debug: sparse nonlocal_op@@@@@@@@@@@@@@@@@@@@@@@@@@@@@@@@@@
Debug: sparse nonlocal_op@@@@@@@@@@@@@@@@@@@@@@@@@@@@@@@@@@
Debug: sparse nonlocal_op@@@@@@@@@@@@@@@@@@@@@@@@@@@@@@@@@@
Debug: sparse nonlocal_op@@@@@@@@@@@@@@@@@@@@@@@@@@@@@@@@@@
Debug: sparse nonlocal_op@@@@@@@@@@@@@@@@@@@@@@@@@@@@@@@@@@
Debug: sparse nonlocal_op@@@@@@@@@@@@@@@@@@@@@@@@@@@@@@@@@@
Debug: sparse nonlocal_op@@@@@@@@@@@@@@@@@@@@@@@@@@@@@@@@@@
Debug: sparse nonlocal_op@@@@@@@@@@@@@@@@@@@@@@@@@@@@@@@@@@
Debug: sparse nonlocal_op@@@@@@@@@@@@@@@@@@@@@@@@@@@@@@@@@@
Debug: sparse nonlocal_op@@@@@@@@@@@@@@@@@@@@@@@@@@@@@@@@@@
Debug: sparse nonlocal_op@@@@@@@@@@@@@@@@@@@@@@@@@@@@@@@@@@
/home/jhwoo/programs/gospel/gospel/Eigensolver/Scipy.py:60: UserWarning: Exited at iteration 20 with accuracies 
[7.31932132e-08 9.19631428e-08 9.34938495e-08 7.48717010e-08
 8.81540095e-08 8.32207603e-08 7.67695944e-08 8.22806412e-08
 8.11386502e-08 8.31832797e-08 8.39846271e-08 8.47540421e-08
 8.22062679e-08 7.00206852e-08 7.52465539e-08 7.10158083e-08
 1.27456927e-03 2.92586403e-03 3.63948029e-03 3.22188854e-04]
not reaching the requested tolerance 1e-07.
  val, vec = lobpcg(
/home/jhwoo/programs/gospel/gospel/Eigensolver/Scipy.py:60: UserWarning: Exited at iteration 20 with accuracies 
[7.36633459e-08 8.90913032e-08 8.94965597e-08 7.43438265e-08
 8.50435050e-08 8.09727846e-08 7.54294665e-08 7.78932436e-08
 7.77139865e-08 7.91302127e-08 7.91335316e-08 7.99617234e-08
 7.72700458e-08 6.92016571e-08 6.80186625e-08 7.21182612e-08
 7.01744344e-04 2.65433920e-03 3.65465679e-03 4.69080874e-04]
not reaching the requested tolerance 1e-07.
  val, vec = lobpcg(
Debug: sparse nonlocal_op@@@@@@@@@@@@@@@@@@@@@@@@@@@@@@@@@@
Debug: sparse nonlocal_op@@@@@@@@@@@@@@@@@@@@@@@@@@@@@@@@@@
Debug: sparse nonlocal_op@@@@@@@@@@@@@@@@@@@@@@@@@@@@@@@@@@
Debug: sparse nonlocal_op@@@@@@@@@@@@@@@@@@@@@@@@@@@@@@@@@@
Debug: sparse nonlocal_op@@@@@@@@@@@@@@@@@@@@@@@@@@@@@@@@@@
Debug: sparse nonlocal_op@@@@@@@@@@@@@@@@@@@@@@@@@@@@@@@@@@
Debug: sparse nonlocal_op@@@@@@@@@@@@@@@@@@@@@@@@@@@@@@@@@@
Debug: sparse nonlocal_op@@@@@@@@@@@@@@@@@@@@@@@@@@@@@@@@@@
Debug: sparse nonlocal_op@@@@@@@@@@@@@@@@@@@@@@@@@@@@@@@@@@
Debug: sparse nonlocal_op@@@@@@@@@@@@@@@@@@@@@@@@@@@@@@@@@@
Elapsed time[calc_nonlocal_energy]: 0.02099132537841797 sec

============ Energy (Hartree) ============
|   Total Energy        : -38.7007492099 |
------------------------------------------
| * Ion-ion Energy      : 0.0            |
| * Eigenvals sum for 0 : -1.5343969699  |
| * Hartree Energy      : 13.8860667995  |
| * XC Energy           : -17.4027351898 |
| * Kinetic Energy      : 12.2977157252  |
| * External Energy     : -54.4698746335 |
| * Non-local Energy    : 6.9880780887   |
==========================================
Elapsed time[calc_and_print_energies]: 0.06673145294189453 sec
Total Energy: -38.700749209945656 Ha
Fermi Level : 4.0171829899695455 eV
Gap: 0.665 eV
Transition (v -> c):
  (s=0, k=0, n=15, [0.00, 0.00, 0.00]) -> (s=0, k=0, n=16, [0.00, 0.00, 0.00])

* TOTAL TIME : 95.93663573265076 sec
