/home/jhwoo/.conda/envs/GOSPEL_torch11/lib/python3.9/site-packages/scipy/sparse/_index.py:146: SparseEfficiencyWarning: Changing the sparsity structure of a csr_matrix is expensive. lil_matrix is more efficient.
  self._set_arrayXarray(i, j, x)
/home/jhwoo/programs/tucy/tucy/Tucy.py:113: UserWarning: Exited at iteration 20 with accuracies 
[0.0630702  0.03525994 0.05316994 0.06579691 0.0760842  0.09393677
 0.10005519 0.0452291  0.06733153 0.07587888 0.1350363  0.16728931
 0.29576197 0.09705964 0.24898855 0.4233982  0.11462898 0.1196768
 0.17297962 0.29220128]
not reaching the requested tolerance 1e-07.
  val, vec = scipy.sparse.linalg.lobpcg(**solve_options)
/home/jhwoo/programs/tucy/tucy/Tucy.py:113: UserWarning: Exited at iteration 20 with accuracies 
[0.03326918+0.j 0.05463248+0.j 0.03789098+0.j 0.0414046 +0.j
 0.0875563 +0.j 0.10783944+0.j 0.06480276+0.j 0.05483492+0.j
 0.08975207+0.j 0.12249991+0.j 0.16220204+0.j 0.09463743+0.j
 0.17785916+0.j 0.10823306+0.j 0.1929053 +0.j 0.23417481+0.j
 0.18776622+0.j 0.17114727+0.j 0.10792643+0.j 0.25695977+0.j]
not reaching the requested tolerance 1e-07.
  val, vec = scipy.sparse.linalg.lobpcg(**solve_options)
/home/jhwoo/programs/tucy/tucy/Tucy.py:113: UserWarning: Exited at iteration 20 with accuracies 
[0.03354354+0.j 0.05408991+0.j 0.03120483+0.j 0.04655152+0.j
 0.06606386+0.j 0.15250479+0.j 0.03353048+0.j 0.06737929+0.j
 0.1330636 +0.j 0.23511733+0.j 0.10982952+0.j 0.16963052+0.j
 0.08673242+0.j 0.10115753+0.j 0.15972395+0.j 0.28011625+0.j
 0.19435434+0.j 0.25460247+0.j 0.09861862+0.j 0.12932655+0.j]
not reaching the requested tolerance 1e-07.
  val, vec = scipy.sparse.linalg.lobpcg(**solve_options)
/home/jhwoo/programs/tucy/tucy/Tucy.py:113: UserWarning: Exited at iteration 20 with accuracies 
[0.0414029 +0.j 0.03693496+0.j 0.05674274+0.j 0.10059574+0.j
 0.0571942 +0.j 0.0490597 +0.j 0.06469367+0.j 0.13752914+0.j
 0.06721923+0.j 0.16184817+0.j 0.07364197+0.j 0.12694299+0.j
 0.13810805+0.j 0.12381186+0.j 0.2175515 +0.j 0.24491722+0.j
 0.22108239+0.j 0.25411868+0.j 0.23389002+0.j 0.3051691 +0.j]
not reaching the requested tolerance 1e-07.
  val, vec = scipy.sparse.linalg.lobpcg(**solve_options)
/home/jhwoo/programs/tucy/tucy/Tucy.py:113: UserWarning: Exited at iteration 20 with accuracies 
[0.02415721+0.j 0.04468352+0.j 0.04952962+0.j 0.06600767+0.j
 0.06852477+0.j 0.07777741+0.j 0.06818353+0.j 0.14025203+0.j
 0.08028789+0.j 0.15263602+0.j 0.05881252+0.j 0.07207454+0.j
 0.0840758 +0.j 0.17408099+0.j 0.12007303+0.j 0.21421312+0.j
 0.19472566+0.j 0.29426941+0.j 0.27140636+0.j 0.27610531+0.j]
not reaching the requested tolerance 1e-07.
  val, vec = scipy.sparse.linalg.lobpcg(**solve_options)
/home/jhwoo/programs/tucy/tucy/Tucy.py:113: UserWarning: Exited at iteration 20 with accuracies 
[0.03464855+0.j 0.03247409+0.j 0.11156489+0.j 0.1197694 +0.j
 0.06105829+0.j 0.0484815 +0.j 0.08608271+0.j 0.10620421+0.j
 0.08193247+0.j 0.10534452+0.j 0.09038662+0.j 0.11633029+0.j
 0.22776111+0.j 0.17442212+0.j 0.1744672 +0.j 0.15207999+0.j
 0.17040702+0.j 0.20942776+0.j 0.22858949+0.j 0.26151209+0.j]
not reaching the requested tolerance 1e-07.
  val, vec = scipy.sparse.linalg.lobpcg(**solve_options)
/home/jhwoo/programs/tucy/tucy/Tucy.py:113: UserWarning: Exited at iteration 20 with accuracies 
[0.0210675 +0.j 0.0319765 +0.j 0.05766663+0.j 0.07263628+0.j
 0.04773086+0.j 0.07363562+0.j 0.12356042+0.j 0.16880088+0.j
 0.04700133+0.j 0.07982323+0.j 0.10061336+0.j 0.15693107+0.j
 0.04925797+0.j 0.10036434+0.j 0.1263123 +0.j 0.19256205+0.j
 0.16180738+0.j 0.23997907+0.j 0.30338188+0.j 0.2790465 +0.j]
not reaching the requested tolerance 1e-07.
  val, vec = scipy.sparse.linalg.lobpcg(**solve_options)
/home/jhwoo/programs/tucy/tucy/Tucy.py:113: UserWarning: Exited at iteration 20 with accuracies 
[0.03782398+0.j 0.02804006+0.j 0.0373433 +0.j 0.07016685+0.j
 0.04392386+0.j 0.05390298+0.j 0.08769965+0.j 0.05224989+0.j
 0.10701678+0.j 0.1099383 +0.j 0.13857208+0.j 0.06778209+0.j
 0.11584758+0.j 0.12120581+0.j 0.09825578+0.j 0.23326572+0.j
 0.20069092+0.j 0.22562287+0.j 0.21674258+0.j 0.36416955+0.j]
not reaching the requested tolerance 1e-07.
  val, vec = scipy.sparse.linalg.lobpcg(**solve_options)
/home/jhwoo/programs/tucy/tucy/Tucy.py:113: UserWarning: Exited at iteration 20 with accuracies 
[0.02546053+0.j 0.0452827 +0.j 0.03703512+0.j 0.06802038+0.j
 0.04312379+0.j 0.06668809+0.j 0.04592032+0.j 0.12018468+0.j
 0.05761328+0.j 0.09771805+0.j 0.09877739+0.j 0.1817141 +0.j
 0.08520738+0.j 0.1554675 +0.j 0.09854246+0.j 0.23713703+0.j
 0.20037285+0.j 0.22785469+0.j 0.27145574+0.j 0.23980888+0.j]
not reaching the requested tolerance 1e-07.
  val, vec = scipy.sparse.linalg.lobpcg(**solve_options)
/home/jhwoo/programs/tucy/tucy/Tucy.py:113: UserWarning: Exited at iteration 20 with accuracies 
[0.03848745+0.j 0.02496715+0.j 0.05433593+0.j 0.07879008+0.j
 0.05249704+0.j 0.06853942+0.j 0.11663843+0.j 0.0498371 +0.j
 0.07414922+0.j 0.14909508+0.j 0.2406388 +0.j 0.07633508+0.j
 0.15796487+0.j 0.24548529+0.j 0.14943513+0.j 0.3453686 +0.j
 0.16940187+0.j 0.23126158+0.j 0.3058381 +0.j 0.34008885+0.j]
not reaching the requested tolerance 1e-07.
  val, vec = scipy.sparse.linalg.lobpcg(**solve_options)
/home/jhwoo/programs/tucy/tucy/Tucy.py:113: UserWarning: Exited at iteration 20 with accuracies 
[0.02380881+0.j 0.03106564+0.j 0.03092453+0.j 0.07053718+0.j
 0.02872628+0.j 0.04511024+0.j 0.06951136+0.j 0.13246856+0.j
 0.05708102+0.j 0.08379212+0.j 0.11986257+0.j 0.2533095 +0.j
 0.0649685 +0.j 0.11878293+0.j 0.16601343+0.j 0.22590771+0.j
 0.10611999+0.j 0.15509109+0.j 0.14604873+0.j 0.17298066+0.j]
not reaching the requested tolerance 1e-07.
  val, vec = scipy.sparse.linalg.lobpcg(**solve_options)
/home/jhwoo/programs/tucy/tucy/Tucy.py:113: UserWarning: Exited at iteration 20 with accuracies 
[0.02061606+0.j 0.02787673+0.j 0.039392  +0.j 0.06093002+0.j
 0.03491141+0.j 0.08652184+0.j 0.05634807+0.j 0.1104334 +0.j
 0.07514507+0.j 0.15657271+0.j 0.07563419+0.j 0.11892954+0.j
 0.10592831+0.j 0.1513508 +0.j 0.13184609+0.j 0.17935254+0.j
 0.1733943 +0.j 0.254453  +0.j 0.20703083+0.j 0.22910241+0.j]
not reaching the requested tolerance 1e-07.
  val, vec = scipy.sparse.linalg.lobpcg(**solve_options)
/home/jhwoo/programs/tucy/tucy/Tucy.py:113: UserWarning: Exited at iteration 20 with accuracies 
[0.01888593+0.j 0.03110013+0.j 0.04540263+0.j 0.06539828+0.j
 0.02748305+0.j 0.03461947+0.j 0.06453658+0.j 0.10617207+0.j
 0.03330339+0.j 0.0481946 +0.j 0.07405348+0.j 0.09914892+0.j
 0.11769274+0.j 0.1505895 +0.j 0.23191999+0.j 0.37059698+0.j
 0.06505264+0.j 0.10071029+0.j 0.13823719+0.j 0.16312517+0.j]
not reaching the requested tolerance 1e-07.
  val, vec = scipy.sparse.linalg.lobpcg(**solve_options)
/home/jhwoo/programs/gospel/gospel/smearing_functions.py:11: RuntimeWarning: overflow encountered in exp
  return 1 / (np.exp(val) + 1)
Date :  2022-05-26 14:01:17.158651

============================= [ Grid ] =============================
* cell     (Bohr) : 
[[6.746 0.    0.   ]
 [0.    6.746 0.   ]
 [0.    0.    6.746]]
* cell     (ang ) : 
[[3.57 0.   0.  ]
 [0.   3.57 0.  ]
 [0.   0.   3.57]]
* spacings (Bohr) : [0.293 0.293 0.293]
* spacings (ang ) : [0.155 0.155 0.155]
* gpts            : [23 23 23]
* ngpts           : 12167
* pbc             : [ True  True  True]
* FD_order        : 3
* center_point    : [3.37316113 3.37316113 3.37316113] (Bohr)
====================================================================


============================ [ Kpoint ] =============================
* kpts mesh : (4, 4, 4, 'gamma')
Print all k-points and mapping to irreducible k-points
  1 ->  1 : [0. 0. 0.]
  2 ->  2 : [0.25 0.   0.  ]
  3 ->  3 : [0.5 0.  0. ]
  4 ->  2 : [-0.25  0.    0.  ]
  5 ->  2 : [0.   0.25 0.  ]
  6 ->  6 : [0.25 0.25 0.  ]
  7 ->  7 : [0.5  0.25 0.  ]
  8 ->  8 : [-0.25  0.25  0.  ]
  9 ->  3 : [0.  0.5 0. ]
 10 ->  7 : [0.25 0.5  0.  ]
 11 -> 11 : [0.5 0.5 0. ]
 12 ->  7 : [-0.25  0.5   0.  ]
 13 ->  2 : [ 0.   -0.25  0.  ]
 14 ->  8 : [ 0.25 -0.25  0.  ]
 15 ->  7 : [ 0.5  -0.25  0.  ]
 16 ->  6 : [-0.25 -0.25  0.  ]
 17 ->  2 : [0.   0.   0.25]
 18 ->  6 : [0.25 0.   0.25]
 19 ->  7 : [0.5  0.   0.25]
 20 ->  8 : [-0.25  0.    0.25]
 21 ->  6 : [0.   0.25 0.25]
 22 -> 22 : [0.25 0.25 0.25]
 23 -> 23 : [0.5  0.25 0.25]
 24 -> 24 : [-0.25  0.25  0.25]
 25 ->  7 : [0.   0.5  0.25]
 26 -> 23 : [0.25 0.5  0.25]
 27 -> 27 : [0.5  0.5  0.25]
 28 -> 28 : [-0.25  0.5   0.25]
 29 ->  8 : [ 0.   -0.25  0.25]
 30 -> 24 : [ 0.25 -0.25  0.25]
 31 -> 28 : [ 0.5  -0.25  0.25]
 32 -> 24 : [-0.25 -0.25  0.25]
 33 ->  3 : [0.  0.  0.5]
 34 ->  7 : [0.25 0.   0.5 ]
 35 -> 11 : [0.5 0.  0.5]
 36 ->  7 : [-0.25  0.    0.5 ]
 37 ->  7 : [0.   0.25 0.5 ]
 38 -> 23 : [0.25 0.25 0.5 ]
 39 -> 27 : [0.5  0.25 0.5 ]
 40 -> 28 : [-0.25  0.25  0.5 ]
 41 -> 11 : [0.  0.5 0.5]
 42 -> 27 : [0.25 0.5  0.5 ]
 43 -> 43 : [0.5 0.5 0.5]
 44 -> 27 : [-0.25  0.5   0.5 ]
 45 ->  7 : [ 0.   -0.25  0.5 ]
 46 -> 28 : [ 0.25 -0.25  0.5 ]
 47 -> 27 : [ 0.5  -0.25  0.5 ]
 48 -> 23 : [-0.25 -0.25  0.5 ]
 49 ->  2 : [ 0.    0.   -0.25]
 50 ->  8 : [ 0.25  0.   -0.25]
 51 ->  7 : [ 0.5   0.   -0.25]
 52 ->  6 : [-0.25  0.   -0.25]
 53 ->  8 : [ 0.    0.25 -0.25]
 54 -> 24 : [ 0.25  0.25 -0.25]
 55 -> 28 : [ 0.5   0.25 -0.25]
 56 -> 24 : [-0.25  0.25 -0.25]
 57 ->  7 : [ 0.    0.5  -0.25]
 58 -> 28 : [ 0.25  0.5  -0.25]
 59 -> 27 : [ 0.5   0.5  -0.25]
 60 -> 23 : [-0.25  0.5  -0.25]
 61 ->  6 : [ 0.   -0.25 -0.25]
 62 -> 24 : [ 0.25 -0.25 -0.25]
 63 -> 23 : [ 0.5  -0.25 -0.25]
 64 -> 22 : [-0.25 -0.25 -0.25]

* nkpts   : 64
* nibzkpts: 13
=====================================================================

Warning: 'rho_cutoff'(=6.01) value is too large or small. 'rho_cutoff' is set to 6.01.
Elapsed time[_calc_energy_correction]: 0.022533893585205078 sec

=========================== [ Compensation ] ==========================
 symbol | r_gauss | r_short (Bohr) | r_comp (Bohr)
      C |     1.0 | 4.6000000000000005 |         3.672
=======================================================================

Elapsed time[calc_local_pot]: 0.06753373146057129 sec
KB projector non-zero ratio: 30.495397386372975 %

========================== [ KB_projector ] ==========================
* number of atoms : 8
* use_dense_proj  : False
 index | symbol | # of projectors
     0 |      C |               8
     1 |      C |               8
     2 |      C |               8
     3 |      C |               8
     4 |      C |               8
     5 |      C |               8
     6 |      C |               8
     7 |      C |               8
======================================================================

Elapsed time[create_Pseudopotential]: 2.7359447479248047 sec

========================= [ Pseudopotential ] =========================
* type      : NCPP
* upf       : 
    /appl/ACE-Molecule/DATA/sg15_oncv_upf_2020-02-06/C_ONCV_PBE-1.2.upf
* NLCC      : True
* use_comp  : True
* comp_grid : 0.1
* filtering : True
=======================================================================

'Poisson_ISF_python.py'
ISF_cutoff is set to [100 100 100].
ISF method is used for Poisson
* [0.05, 0.2] : 12 points
* [0.2, 0.4] : 12 points
* [0.4, 2.0] : 12 points
* [2.0, 500.0] : 12 points

============================= [ Poisson ] =============================
* type          : ISF
* use_fine_grid : False
* ISF_cutoff    : [100 100 100]
=======================================================================


========================== [ XC_Functional ] ==========================
* functional : ['gga_x_pbe' 'gga_c_pbe']
* weight     : [1. 1.]

Functional ID: 101
Functional Name: gga_x_pbe
Attributes:
    Name: Perdew, Burke & Ernzerhof
    Kind: 0
  Family: 2
Citations:
   J. P. Perdew, K. Burke, and M. Ernzerhof, Phys. Rev. Lett. 77, 3865 (1996)
   J. P. Perdew, K. Burke, and M. Ernzerhof, Phys. Rev. Lett. 78, 1396 (1997)
Functional ID: 130
Functional Name: gga_c_pbe
Attributes:
    Name: Perdew, Burke & Ernzerhof
    Kind: 1
  Family: 2
Citations:
   J. P. Perdew, K. Burke, and M. Ernzerhof, Phys. Rev. Lett. 77, 3865 (1996)
   J. P. Perdew, K. Burke, and M. Ernzerhof, Phys. Rev. Lett. 78, 1396 (1997)
=======================================================================


========================== [ Occupation ] ==========================
* smearing    : Fermi-Dirac
* temperature : 0.01
* nelec       : 32.0
* nspins      : 1
* nbands      : 20
* nkpts       : 64
====================================================================


========================== [ Preconditioner ] =========================
* precond_type  : None
=======================================================================


====================== [ Eigensolver(Tucker) ] ======================
* type          : tucker
* convg_tol     : 1e-07
* maxiter       : 20
* tucker_iter   : 1
* ranks         : (12, 12, 12)
* ignore_kbproj : True
* diag_method   : lobpcg
* local_shift   : -500.0
* mode          : hosvd
=====================================================================

Elapsed time[calc_NLCC_core_density]: 7.128715515136719e-05 sec

============================ [ Density ] ===========================
* nelec         : 32.0
* nspins        : 1
* magmom        : 0.0
* fix_magmom    : True
* density guess : rhoatom
* orbital guess : None
* occ guess     : None
=====================================================================

=========================[ Input Parameters ]=========================
{'centered': False,
 'convergence': {'density_tol': 0.0001,
                 'energy_tol': 1e-06,
                 'orbital_energy_tol': 1e-06,
                 'scf_maxiter': 35},
 'eigensolver': {'check_residue': False,
                 'ignore_kbproj': True,
                 'ranks': (12, 12, 12),
                 'type': 'tucker'},
 'force': {'deriv_comp': True, 'deriv_density': False},
 'grid': {'FD_order': 3, 'gpts': None, 'spacing': 0.15875316316915233},
 'init_guess': {'density': 'rhoatom', 'occ': None, 'orbital': None},
 'kpts': (4, 4, 4, 'gamma'),
 'kpts_and_weights': None,
 'mixing': {'history': 3,
            'parameter': 0.2,
            'pulay_beta': 0.3,
            'scheme': 'pulay',
            'what': 'density'},
 'nbands': None,
 'nelec': None,
 'occupation': {'MP_order': 2,
                'fix_magmom': True,
                'magmom': 0.0,
                'smearing': 'Fermi-Dirac',
                'temperature': 0.01},
 'output_file': None,
 'poisson': None,
 'pp': {'NLCC': True,
        'comp_grid': 0.1,
        'filtering': True,
        'num_near_cell': 1,
        'upf': ['/appl/ACE-Molecule/DATA/sg15_oncv_upf_2020-02-06/C_ONCV_PBE-1.2.upf'],
        'use_comp': True,
        'use_dense_proj': False},
 'precond_type': None,
 'print_energies': True,
 'spin': 'unpolarized',
 'symmetry': True,
 'use_cuda': False,
 'verbose': 0,
 'xc': {'type': 'gga_x_pbe + gga_c_pbe', 'weight': None}}

* pbc                      : [ True  True  True]

* Positions of atoms (ang) :
C : [0. 0. 0.]
C : [0.8925 0.8925 0.8925]
C : [0.    1.785 1.785]
C : [0.8925 2.6775 2.6775]
C : [1.785 0.    1.785]
C : [2.6775 0.8925 2.6775]
C : [1.785 1.785 0.   ]
C : [2.6775 2.6775 0.8925]
======================================================================
Elapsed time[initialize]: 2.9375972747802734 sec

============================ [ Mixing ] =============================
* what       : density
* scheme     : pulay
* parameter  : 0.2
* pulay_beta : 0.3
* history    : 3
=====================================================================


============================== [ SCF ] ==============================
* scf_maxiter        : 35
* energy_tol         : 1e-06
* density_tol        : 0.0001
* orbital_energy_tol : 1e-06
=====================================================================


==================== [ SCF CYCLE 1 ] ====================
integral of init_density :  31.944977920347164
Integral of density (=31.944977920347164) is normalized to 32.0
Elapsed time[compute_potential]: 0.00445866584777832 sec
Elapsed time[compute]: 0.013117313385009766 sec
Elapsed time[_get_mixed_var]: 3.5762786865234375e-06 sec
==== Tucker Diagonalization ====
Elapsed time[decompose]: 0.494520902633667 sec
Elapsed time[decompose]: 0.293865442276001 sec
Elapsed time[decompose]: 0.2956509590148926 sec
Elapsed time[decompose]: 0.28731775283813477 sec
Elapsed time[decompose]: 0.28581690788269043 sec
Elapsed time[decompose]: 0.23004746437072754 sec
Elapsed time[decompose]: 0.18583154678344727 sec
Elapsed time[decompose]: 0.18716192245483398 sec
Elapsed time[decompose]: 0.18724679946899414 sec
Elapsed time[decompose]: 0.18908452987670898 sec
Elapsed time[decompose]: 0.18695878982543945 sec
Elapsed time[decompose]: 0.1864476203918457 sec
Elapsed time[decompose]: 0.18738222122192383 sec
Elapsed time[project_kinetic_to_core]: 0.01626276969909668 sec
Elapsed time[project_local_potential_to_core]: 0.024892807006835938 sec
Elapsed time[project_KB_projectors_to_core]: 0.01406097412109375 sec
Elapsed time[project_kinetic_to_core]: 0.029821157455444336 sec
Elapsed time[project_local_potential_to_core]: 0.05730795860290527 sec
Elapsed time[project_KB_projectors_to_core]: 0.036849260330200195 sec
Elapsed time[project_kinetic_to_core]: 0.041303157806396484 sec
Elapsed time[project_local_potential_to_core]: 0.05754828453063965 sec
Elapsed time[project_KB_projectors_to_core]: 0.03636503219604492 sec
Elapsed time[project_kinetic_to_core]: 0.04067277908325195 sec
Elapsed time[project_local_potential_to_core]: 0.057478904724121094 sec
Elapsed time[project_KB_projectors_to_core]: 0.036185264587402344 sec
Elapsed time[project_kinetic_to_core]: 0.04071354866027832 sec
Elapsed time[project_local_potential_to_core]: 0.05727028846740723 sec
Elapsed time[project_KB_projectors_to_core]: 0.036240339279174805 sec
Elapsed time[project_kinetic_to_core]: 0.04111933708190918 sec
Elapsed time[project_local_potential_to_core]: 0.05740237236022949 sec
Elapsed time[project_KB_projectors_to_core]: 0.03620791435241699 sec
Elapsed time[project_kinetic_to_core]: 0.040956974029541016 sec
Elapsed time[project_local_potential_to_core]: 0.05733442306518555 sec
Elapsed time[project_KB_projectors_to_core]: 0.03619098663330078 sec
Elapsed time[project_kinetic_to_core]: 0.04132342338562012 sec
Elapsed time[project_local_potential_to_core]: 0.05723214149475098 sec
Elapsed time[project_KB_projectors_to_core]: 0.03631591796875 sec
Elapsed time[project_kinetic_to_core]: 0.04128551483154297 sec
Elapsed time[project_local_potential_to_core]: 0.05736207962036133 sec
Elapsed time[project_KB_projectors_to_core]: 0.036089181900024414 sec
Elapsed time[project_kinetic_to_core]: 0.0409693717956543 sec
Elapsed time[project_local_potential_to_core]: 0.0573420524597168 sec
Elapsed time[project_KB_projectors_to_core]: 0.03629446029663086 sec
Elapsed time[project_kinetic_to_core]: 0.04220890998840332 sec
Elapsed time[project_local_potential_to_core]: 0.05749106407165527 sec
Elapsed time[project_KB_projectors_to_core]: 0.036162376403808594 sec
Elapsed time[project_kinetic_to_core]: 0.04120302200317383 sec
Elapsed time[project_local_potential_to_core]: 0.05728316307067871 sec
Elapsed time[project_KB_projectors_to_core]: 0.036379337310791016 sec
Elapsed time[project_kinetic_to_core]: 0.04125356674194336 sec
Elapsed time[project_local_potential_to_core]: 0.05737042427062988 sec
Elapsed time[project_KB_projectors_to_core]: 0.03639364242553711 sec
Elapsed time[restore_orbital]: 0.0008099079132080078 sec
Elapsed time[core_diagonalize]: 0.1337130069732666 sec
Elapsed time[restore_orbital]: 0.0019762516021728516 sec
Elapsed time[core_diagonalize]: 0.3818347454071045 sec
Elapsed time[restore_orbital]: 0.0018601417541503906 sec
Elapsed time[core_diagonalize]: 0.3799405097961426 sec
Elapsed time[restore_orbital]: 0.0018544197082519531 sec
Elapsed time[core_diagonalize]: 0.38125038146972656 sec
Elapsed time[restore_orbital]: 0.0018203258514404297 sec
Elapsed time[core_diagonalize]: 0.3814961910247803 sec
Elapsed time[restore_orbital]: 0.0018389225006103516 sec
Elapsed time[core_diagonalize]: 0.38004159927368164 sec
Elapsed time[restore_orbital]: 0.0018503665924072266 sec
Elapsed time[core_diagonalize]: 0.3821406364440918 sec
Elapsed time[restore_orbital]: 0.0018429756164550781 sec
Elapsed time[core_diagonalize]: 0.3810081481933594 sec
Elapsed time[restore_orbital]: 0.001804351806640625 sec
Elapsed time[core_diagonalize]: 0.382112979888916 sec
Elapsed time[restore_orbital]: 0.0018858909606933594 sec
Elapsed time[core_diagonalize]: 0.383516788482666 sec
Elapsed time[restore_orbital]: 0.0017650127410888672 sec
Elapsed time[core_diagonalize]: 0.3818385601043701 sec
Elapsed time[restore_orbital]: 0.0018923282623291016 sec
Elapsed time[core_diagonalize]: 0.3810265064239502 sec
Elapsed time[restore_orbital]: 0.0024518966674804688 sec
Elapsed time[core_diagonalize]: 0.38141417503356934 sec
Elapsed time[diagonalize]: 9.644395351409912 sec

[ PRINT EIGENVALUES ]
( spin alpha )
* 1 th kpt (=[0. 0. 0.])
num        occ        value
1          2.0        -0.6550905511055634
2          2.0        -0.343099703756559
3          2.0        -0.34282093292241766
4          2.0        -0.3425598405272932
5          2.0        -0.3422238135377432
6          2.0        -0.34171114369977973
7          2.0        -0.3412327364407694
8          2.0        -0.10780968655588993
9          2.0        -0.1073522259285714
10         2.0        -0.10710201325732617
11         2.0        -0.10433832654712731
12         2.0        -0.1000032709786587
13         2.0        -0.08424742923955086
14         2.0        0.11516556893614247
15         2.0        0.13429201296540433
16         2.0        0.16854348572820196
17         0.0        0.3199898027107067
18         0.0        0.32383986705785944
19         0.0        0.3348020772428268
20         0.0        0.350084474499336


* 2 th kpt (=[0.25 0.   0.  ])
num        occ        value
1          12.0       -0.6350698996629007
2          12.0       -0.47328012206253767
3          12.0       -0.33210372696581275
4          12.0       -0.3320664017483411
5          12.0       -0.330974790551509
6          12.0       -0.32999824143067874
7          12.0       -0.19291690941826398
8          12.0       -0.14033143155759112
9          12.0       -0.13924734271160535
10         12.0       -0.13714974128538246
11         12.0       -0.13455018081796188
12         12.0       -0.08652716699875354
13         12.0       -0.08190427061339414
14         12.0       0.05701086989183826
15         12.0       0.06378415828483891
16         12.0       0.08168943771134893
17         0.0        0.30326047023117125
18         0.0        0.3467930932060884
19         0.0        0.39489541665884387
20         0.0        0.4165466162681101


* 3 th kpt (=[0.5 0.  0. ])
num        occ        value
1          6.0        -0.5734080540999953
2          6.0        -0.5731295100399283
3          6.0        -0.31755691891626237
4          6.0        -0.3173118665048964
5          6.0        -0.31696350872517437
6          6.0        -0.3124033640474904
7          6.0        -0.17420346629765188
8          6.0        -0.17350527952818728
9          6.0        -0.17063922444186688
10         6.0        -0.1602676103849464
11         6.0        -0.043998755778207325
12         6.0        -0.039716904100228864
13         6.0        -0.029394221361696806
14         6.0        -0.028796199868010672
15         6.0        -0.025281963180402937
16         6.0        -0.014921383255156783
17         0.0        0.310416594551622
18         0.0        0.32130550475246844
19         0.0        0.5341779755702556
20         0.0        0.5469497149943199


* 4 th kpt (=[0.25 0.25 0.  ])
num        occ        value
1          12.0       -0.6145961127569237
2          12.0       -0.45584451765927875
3          12.0       -0.455495221082108
4          12.0       -0.3519490929343794
5          12.0       -0.30613175624695294
6          12.0       -0.20976736542496893
7          12.0       -0.208086444241878
8          12.0       -0.205563956771847
9          12.0       -0.12930388647490332
10         12.0       -0.12391401133887273
11         12.0       -0.09103027304490396
12         12.0       -0.08828340561795461
13         12.0       -0.06786263927088568
14         12.0       -0.022113777294176667
15         12.0       0.01267850849644916
16         12.0       0.10584629296058495
17         0.0        0.3740776740315887
18         0.0        0.3937848709198062
19         0.0        0.40755939440551175
20         0.0        0.4263776792242486


* 5 th kpt (=[0.5  0.25 0.  ])
num        occ        value
1          24.0       -0.55384825912608
2          24.0       -0.5536082799788563
3          24.0       -0.4065584698001921
4          24.0       -0.406096421796909
5          24.0       -0.2586236624498077
6          24.0       -0.2582833293529278
7          24.0       -0.19405051225033473
8          24.0       -0.19107046410526912
9          24.0       -0.1163510895806521
10         24.0       -0.1114867752149017
11         24.0       -0.07656840024061448
12         24.0       -0.07561650989195265
13         24.0       -0.07441218985110534
14         24.0       -0.0691916882274039
15         24.0       0.01687722847496792
16         24.0       0.02398909896588355
17         0.0        0.3884200581941276
18         0.0        0.43266126522995985
19         0.0        0.4980953066064479
20         0.0        0.5193016842941791


* 6 th kpt (=[-0.25  0.25  0.  ])
num        occ        value
1          12.0       -0.6147269775356449
2          12.0       -0.4558938209705762
3          12.0       -0.4537613353302453
4          12.0       -0.3512398963821395
5          12.0       -0.30612464657158256
6          12.0       -0.20962819902330476
7          12.0       -0.20873704281658625
8          12.0       -0.20640862934293439
9          12.0       -0.12881616168634116
10         12.0       -0.12816361617081606
11         12.0       -0.09042082183059812
12         12.0       -0.08789500595381138
13         12.0       -0.06115621988482893
14         12.0       -0.018891018072122567
15         12.0       0.007955025858446527
16         12.0       0.09465029035202148
17         0.0        0.368293304352658
18         0.0        0.3840749754412758
19         0.0        0.40450602799416263
20         0.0        0.45878504444132


* 7 th kpt (=[0.5 0.5 0. ])
num        occ        value
1          6.0        -0.4956474949345796
2          6.0        -0.49555046546825426
3          6.0        -0.49518253339390705
4          6.0        -0.494796374395946
5          6.0        -0.19634510161156946
6          6.0        -0.19573112385831157
7          6.0        -0.19352433933088103
8          6.0        -0.19016204748375493
9          6.0        -0.15104281238678519
10         6.0        -0.1501837247760132
11         6.0        -0.1492696715600013
12         6.0        -0.14615480140311654
13         6.0        0.01013349034646976
14         6.0        0.011639685117936704
15         6.0        0.013178496905903272
16         6.0        0.019939407063249513
17         0.0        0.43875726206854904
18         0.0        0.4527986638558423
19         0.0        0.49366420322637117
20         0.0        0.5054773029979572


* 8 th kpt (=[0.25 0.25 0.25])
num        occ        value
1          4.0        -0.5945504019491606
2          4.0        -0.44040540291001995
3          4.0        -0.4402683980173863
4          4.0        -0.43965651628587454
5          4.0        -0.26874548943584137
6          4.0        -0.2685535455401574
7          4.0        -0.2675012695227074
8          4.0        -0.12186709713240347
9          4.0        -0.11990181955800779
10         4.0        -0.11880652340799827
11         4.0        -0.1126760628781281
12         4.0        -0.05497235445203588
13         4.0        -0.05275566318818998
14         4.0        -0.052288139062737486
15         4.0        0.05629769319249536
16         4.0        0.06777129618550305
17         0.0        0.3778676048085827
18         0.0        0.38525102715095516
19         0.0        0.41799915310236485
20         0.0        0.46432694082394926


* 9 th kpt (=[0.5  0.25 0.25])
num        occ        value
1          12.0       -0.5346269180199839
2          12.0       -0.5344014298150961
3          12.0       -0.41504183097655206
4          12.0       -0.41445042736493326
5          12.0       -0.32212384799205435
6          12.0       -0.3215996000590581
7          12.0       -0.2073439913514434
8          12.0       -0.20441049113853457
9          12.0       -0.10776120686957705
10         12.0       -0.10639255137639886
11         12.0       -0.04572209126683715
12         12.0       -0.03955992074802498
13         12.0       -0.006429183789276013
14         12.0       0.0001037710272472545
15         12.0       0.003312653575263728
16         12.0       0.011925883911114172
17         0.0        0.41184336964664886
18         0.0        0.45095132063529364
19         0.0        0.45911161767670305
20         0.0        0.4907751036413199


* 10 th kpt (=[-0.25  0.25  0.25])
num        occ        value
1          12.0       -0.5945426553043304
2          12.0       -0.44042831073628064
3          12.0       -0.44000443830752795
4          12.0       -0.4393971911306087
5          12.0       -0.2685719295695161
6          12.0       -0.2682072722338444
7          12.0       -0.26590050641758534
8          12.0       -0.12196127271503902
9          12.0       -0.12068883718652434
10         12.0       -0.11422849333976354
11         12.0       -0.10186999477593124
12         12.0       -0.054882902076980336
13         12.0       -0.05062575628534298
14         12.0       -0.04040044498291855
15         12.0       0.05933591772091507
16         12.0       0.08348392157546204
17         0.0        0.37365114971808133
18         0.0        0.3911314766041718
19         0.0        0.4073631200506274
20         0.0        0.45938254566487885


* 11 th kpt (=[0.5  0.5  0.25])
num        occ        value
1          12.0       -0.47922866873870934
2          12.0       -0.47916012991931217
3          12.0       -0.47913118480762573
4          12.0       -0.47851403710438417
5          12.0       -0.2942513007204522
6          12.0       -0.29407797082426135
7          12.0       -0.2935002025923677
8          12.0       -0.29031785899900253
9          12.0       -0.04570850012903491
10         12.0       -0.044782707123109736
11         12.0       -0.042880326572520173
12         12.0       -0.0254386720442865
13         12.0       0.013466963092667896
14         12.0       0.01518650965384754
15         12.0       0.0185327117571545
16         12.0       0.024810402018004007
17         0.0        0.43948023270464226
18         0.0        0.46086210710548137
19         0.0        0.48195655298553164
20         0.0        0.4888850667180476


* 12 th kpt (=[-0.25  0.5   0.25])
num        occ        value
1          12.0       -0.5346737312230702
2          12.0       -0.5345965106936919
3          12.0       -0.41499107740570984
4          12.0       -0.41456224444636414
5          12.0       -0.32224518878888525
6          12.0       -0.32105821193641787
7          12.0       -0.20714082563390343
8          12.0       -0.2052694646318607
9          12.0       -0.10737217193569067
10         12.0       -0.10278697123747382
11         12.0       -0.04713807129142746
12         12.0       -0.04494566739928294
13         12.0       -0.00527493686106854
14         12.0       -0.0006573111539584918
15         12.0       0.004571905357496327
16         12.0       0.008183505277725244
17         0.0        0.41095994534812513
18         0.0        0.43131420734255327
19         0.0        0.46686393738458787
20         0.0        0.4909693051127389


* 13 th kpt (=[0.5 0.5 0.5])
num        occ        value
1          2.0        -0.4519757482647069
2          2.0        -0.4518701618145106
3          2.0        -0.4517085641421982
4          2.0        -0.4513705741467388
5          2.0        -0.35720581281997593
6          2.0        -0.35713055845573616
7          2.0        -0.35659275607315244
8          2.0        -0.35547378688169035
9          2.0        0.016263300177505317
10         2.0        0.016420246200589905
11         2.0        0.017138943970452153
12         2.0        0.017912717792297413
13         2.0        0.01857047585517509
14         2.0        0.02038520433290624
15         2.0        0.02808034202344142
16         2.0        0.05117399052101277
17         0.0        0.44376261398470546
18         0.0        0.4454740447922919
19         0.0        0.44944500927258024
20         0.0        0.45283379239351235


/home/jhwoo/programs/tucy/tucy/Tucy.py:113: UserWarning: Exited at iteration 20 with accuracies 
[3.78673341e-05 8.76612585e-05 1.37778808e-04 9.23075134e-05
 1.55941387e-04 7.05423862e-05 1.25818991e-04 1.35459495e-03
 1.11288898e-03 3.27368063e-04 6.65479428e-04 3.86314273e-04
 4.97144615e-04 4.66015872e-03 8.67990032e-03 5.23481220e-03
 3.90799954e-03 2.02188011e-02 5.46665820e-02 7.79529968e-02]
not reaching the requested tolerance 1e-07.
  val, vec = scipy.sparse.linalg.lobpcg(**solve_options)
/home/jhwoo/programs/tucy/tucy/Tucy.py:113: UserWarning: Exited at iteration 20 with accuracies 
[1.35042626e-05+0.j 3.60748477e-05+0.j 7.87680614e-05+0.j
 6.35481843e-05+0.j 1.27970927e-04+0.j 8.78614670e-05+0.j
 1.53225812e-04+0.j 2.82526532e-04+0.j 4.61536181e-04+0.j
 3.15687945e-04+0.j 4.20011599e-04+0.j 5.12165109e-04+0.j
 5.46502504e-04+0.j 1.16762962e-03+0.j 2.14251061e-03+0.j
 2.03643941e-03+0.j 1.40512761e-02+0.j 2.85056022e-02+0.j
 3.71938959e-03+0.j 5.00605481e-02+0.j]
not reaching the requested tolerance 1e-07.
  val, vec = scipy.sparse.linalg.lobpcg(**solve_options)
/home/jhwoo/programs/tucy/tucy/Tucy.py:113: UserWarning: Exited at iteration 20 with accuracies 
[2.92047164e-05+0.j 2.19785774e-05+0.j 8.98802387e-05+0.j
 1.72611352e-04+0.j 9.72234259e-05+0.j 6.20532262e-05+0.j
 3.06607471e-04+0.j 2.89682673e-04+0.j 2.58480075e-04+0.j
 3.49428476e-04+0.j 5.34234088e-04+0.j 5.60260803e-04+0.j
 5.38222233e-04+0.j 5.64270941e-04+0.j 8.19152971e-04+0.j
 5.50490679e-04+0.j 6.52883271e-03+0.j 6.21346774e-03+0.j
 4.69181507e-02+0.j 4.74713553e-02+0.j]
not reaching the requested tolerance 1e-07.
  val, vec = scipy.sparse.linalg.lobpcg(**solve_options)
/home/jhwoo/programs/tucy/tucy/Tucy.py:113: UserWarning: Exited at iteration 20 with accuracies 
[1.61111417e-05+0.j 3.62151379e-05+0.j 3.31128486e-05+0.j
 1.27625145e-04+0.j 8.87522275e-05+0.j 1.39173598e-04+0.j
 1.25580796e-04+0.j 3.11206622e-04+0.j 1.58112719e-04+0.j
 4.62895932e-04+0.j 4.61150703e-04+0.j 2.57813439e-04+0.j
 6.13582790e-04+0.j 7.15357118e-04+0.j 1.07336139e-03+0.j
 2.83866618e-03+0.j 3.25152034e-02+0.j 1.76244638e-02+0.j
 5.34013948e-02+0.j 5.19458756e-02+0.j]
not reaching the requested tolerance 1e-07.
  val, vec = scipy.sparse.linalg.lobpcg(**solve_options)
/home/jhwoo/programs/tucy/tucy/Tucy.py:113: UserWarning: Exited at iteration 20 with accuracies 
[2.26622020e-05+0.j 1.81925562e-05+0.j 4.75853319e-05+0.j
 4.69404600e-05+0.j 1.12645347e-04+0.j 9.84404139e-05+0.j
 1.69470938e-04+0.j 2.42170512e-04+0.j 3.58038546e-04+0.j
 2.28289402e-04+0.j 3.43859001e-04+0.j 2.82697156e-04+0.j
 2.79676384e-04+0.j 3.65817345e-04+0.j 7.61814217e-04+0.j
 5.31399580e-04+0.j 1.53575177e-02+0.j 3.99308810e-02+0.j
 4.27471744e-02+0.j 1.18962288e-01+0.j]
not reaching the requested tolerance 1e-07.
  val, vec = scipy.sparse.linalg.lobpcg(**solve_options)
/home/jhwoo/programs/tucy/tucy/Tucy.py:113: UserWarning: Exited at iteration 20 with accuracies 
[1.61261231e-05+0.j 6.60295083e-05+0.j 6.79897428e-05+0.j
 1.14404317e-04+0.j 8.54240558e-05+0.j 1.83897557e-04+0.j
 1.27254115e-04+0.j 1.49639808e-04+0.j 2.00454318e-04+0.j
 3.53736907e-04+0.j 5.07513101e-04+0.j 3.39193008e-04+0.j
 7.57931293e-04+0.j 7.34073885e-04+0.j 7.62366460e-04+0.j
 1.45323130e-03+0.j 3.00336915e-02+0.j 2.01203645e-02+0.j
 4.80498107e-02+0.j 1.96655723e-01+0.j]
not reaching the requested tolerance 1e-07.
  val, vec = scipy.sparse.linalg.lobpcg(**solve_options)
/home/jhwoo/programs/tucy/tucy/Tucy.py:113: UserWarning: Exited at iteration 20 with accuracies 
[3.10126656e-05+0.j 4.51573186e-05+0.j 3.19203139e-05+0.j
 2.37237351e-05+0.j 2.02875064e-04+0.j 3.06406664e-04+0.j
 1.69119509e-04+0.j 1.44776922e-04+0.j 2.34532768e-04+0.j
 1.18251068e-04+0.j 2.19856430e-04+0.j 1.70850703e-04+0.j
 5.92037485e-04+0.j 8.41623856e-04+0.j 4.96442816e-04+0.j
 6.06305983e-04+0.j 1.79655791e-02+0.j 2.22807570e-02+0.j
 5.54650597e-02+0.j 8.64040222e-02+0.j]
not reaching the requested tolerance 1e-07.
  val, vec = scipy.sparse.linalg.lobpcg(**solve_options)
/home/jhwoo/programs/tucy/tucy/Tucy.py:113: UserWarning: Exited at iteration 20 with accuracies 
[1.79677843e-05+0.j 3.72075318e-05+0.j 2.80591339e-05+0.j
 3.73796361e-05+0.j 1.12774561e-04+0.j 9.28257684e-05+0.j
 7.21462696e-05+0.j 3.69695773e-04+0.j 3.70005757e-04+0.j
 2.94392946e-04+0.j 3.11642077e-04+0.j 3.74202001e-04+0.j
 4.56742469e-04+0.j 2.84919709e-04+0.j 4.99488651e-04+0.j
 1.05329276e-03+0.j 6.90894680e-03+0.j 3.24077818e-02+0.j
 9.45207502e-02+0.j 6.09045522e-02+0.j]
not reaching the requested tolerance 1e-07.
  val, vec = scipy.sparse.linalg.lobpcg(**solve_options)
/home/jhwoo/programs/tucy/tucy/Tucy.py:113: UserWarning: Exited at iteration 20 with accuracies 
[1.53061716e-05+0.j 1.81494161e-05+0.j 3.16628052e-05+0.j
 3.55292528e-05+0.j 7.09107296e-05+0.j 5.97450818e-05+0.j
 1.76697412e-04+0.j 1.15035792e-04+0.j 1.82485222e-04+0.j
 3.00137388e-04+0.j 4.94093065e-04+0.j 6.94358355e-04+0.j
 3.86083886e-04+0.j 8.29601977e-04+0.j 5.11504089e-04+0.j
 7.59456403e-04+0.j 1.90565344e-02+0.j 5.12066565e-02+0.j
 3.20849060e-02+0.j 7.88341475e-02+0.j]
not reaching the requested tolerance 1e-07.
  val, vec = scipy.sparse.linalg.lobpcg(**solve_options)
/home/jhwoo/programs/tucy/tucy/Tucy.py:113: UserWarning: Exited at iteration 20 with accuracies 
[1.80162780e-05+0.j 3.74310901e-05+0.j 4.43620583e-05+0.j
 5.17752104e-05+0.j 2.02903172e-04+0.j 9.28837835e-05+0.j
 1.31287034e-04+0.j 6.30408109e-04+0.j 3.45579986e-04+0.j
 3.07648669e-04+0.j 4.22456239e-04+0.j 5.59627727e-04+0.j
 8.15064285e-04+0.j 5.33168303e-04+0.j 1.05075046e-03+0.j
 2.19399257e-03+0.j 9.19946274e-03+0.j 2.88863287e-02+0.j
 5.00865608e-02+0.j 5.05718807e-02+0.j]
not reaching the requested tolerance 1e-07.
  val, vec = scipy.sparse.linalg.lobpcg(**solve_options)
/home/jhwoo/programs/tucy/tucy/Tucy.py:113: UserWarning: Exited at iteration 20 with accuracies 
[1.87837590e-05+0.j 2.15350707e-05+0.j 2.58366319e-05+0.j
 3.82292655e-05+0.j 1.31033785e-04+0.j 6.96802246e-05+0.j
 1.08480865e-04+0.j 7.11130768e-05+0.j 5.23341114e-04+0.j
 8.78521771e-04+0.j 4.52763037e-04+0.j 2.56549138e-04+0.j
 1.00658049e-03+0.j 6.73472115e-04+0.j 5.61128975e-04+0.j
 5.31913454e-04+0.j 2.23257759e-02+0.j 4.42911537e-02+0.j
 8.38780812e-02+0.j 4.78057569e-02+0.j]
not reaching the requested tolerance 1e-07.
  val, vec = scipy.sparse.linalg.lobpcg(**solve_options)
/home/jhwoo/programs/tucy/tucy/Tucy.py:113: UserWarning: Exited at iteration 20 with accuracies 
[1.52287212e-05+0.j 1.12014460e-05+0.j 4.64924632e-05+0.j
 2.92021352e-05+0.j 5.65848014e-05+0.j 7.36079655e-05+0.j
 1.63673160e-04+0.j 1.41144520e-04+0.j 1.94472050e-04+0.j
 4.26677242e-04+0.j 2.04477985e-04+0.j 3.63107062e-04+0.j
 5.67871815e-04+0.j 6.11501236e-04+0.j 4.64299756e-04+0.j
 7.03854763e-04+0.j 2.88323919e-02+0.j 2.70948618e-02+0.j
 2.69442591e-02+0.j 8.00260100e-02+0.j]
not reaching the requested tolerance 1e-07.
  val, vec = scipy.sparse.linalg.lobpcg(**solve_options)
/home/jhwoo/programs/tucy/tucy/Tucy.py:113: UserWarning: Exited at iteration 20 with accuracies 
[2.28520947e-05+0.j 2.41434269e-05+0.j 2.50588415e-05+0.j
 2.35845300e-05+0.j 7.19799224e-05+0.j 4.90441251e-05+0.j
 5.73025013e-05+0.j 4.11351593e-05+0.j 6.97008242e-04+0.j
 5.86602650e-04+0.j 5.78161123e-04+0.j 1.13748400e-03+0.j
 9.06266971e-04+0.j 5.32381074e-04+0.j 6.66131211e-04+0.j
 5.91386484e-04+0.j 4.17178515e-03+0.j 5.87153992e-03+0.j
 1.26284765e-02+0.j 1.76307554e-02+0.j]
not reaching the requested tolerance 1e-07.
  val, vec = scipy.sparse.linalg.lobpcg(**solve_options)
Integral of density (=32.0000000000022) is normalized to 32.0
Orbital energy difference = -6.447255346537414
Density difference (relative) = 0.153102367452468
Elapsed time[calc_external_energy]: 5.555152893066406e-05 sec
Elapsed time[calc_nonlocal_energy]: 0.24869561195373535 sec

============ Energy (Hartree) ============
|   Total Energy        : -44.3912149344 |
------------------------------------------
| * Ion-ion Energy      : 0.0            |
| * Eigenvals sum for 0 : -6.4472553465  |
| * Hartree Energy      : 2.2070205253   |
| * XC Energy           : -13.7461089974 |
| * Kinetic Energy      : 34.3486430207  |
| * External Energy     : -68.4026132799 |
| * Non-local Energy    : 1.2018437969   |
==========================================
Elapsed time[calc_and_print_energies]: 0.3518393039703369 sec
Total energy difference = -44.391214934392515 Hartree
Elapsed time for 1 th cycle: 10.100281715393066 sec

==================== [ END CYCLE 1 ] ====================
Elapsed time[_get_mixed_var]: 2.4080276489257812e-05 sec
Elapsed time[compute_potential]: 0.004053831100463867 sec
Elapsed time[compute]: 0.010934591293334961 sec

==================== [ SCF CYCLE 2 ] ====================
==== Tucker Diagonalization ====
Elapsed time[project_local_potential_to_core]: 0.027800559997558594 sec
Elapsed time[project_local_potential_to_core]: 0.05270671844482422 sec
Elapsed time[project_local_potential_to_core]: 0.05192852020263672 sec
Elapsed time[project_local_potential_to_core]: 0.05217099189758301 sec
Elapsed time[project_local_potential_to_core]: 0.05185866355895996 sec
Elapsed time[project_local_potential_to_core]: 0.05159306526184082 sec
Elapsed time[project_local_potential_to_core]: 0.05143475532531738 sec
Elapsed time[project_local_potential_to_core]: 0.05216550827026367 sec
Elapsed time[project_local_potential_to_core]: 0.05141425132751465 sec
Elapsed time[project_local_potential_to_core]: 0.05160236358642578 sec
Elapsed time[project_local_potential_to_core]: 0.051570892333984375 sec
Elapsed time[project_local_potential_to_core]: 0.0520937442779541 sec
Elapsed time[project_local_potential_to_core]: 0.05159711837768555 sec
Elapsed time[restore_orbital]: 0.0007836818695068359 sec
Elapsed time[core_diagonalize]: 0.13094210624694824 sec
Elapsed time[restore_orbital]: 0.0024704933166503906 sec
Elapsed time[core_diagonalize]: 0.37396931648254395 sec
Elapsed time[restore_orbital]: 0.0025663375854492188 sec
Elapsed time[core_diagonalize]: 0.3734571933746338 sec
Elapsed time[restore_orbital]: 0.002443075180053711 sec
Elapsed time[core_diagonalize]: 0.37400341033935547 sec
Elapsed time[restore_orbital]: 0.002439260482788086 sec
Elapsed time[core_diagonalize]: 0.37526774406433105 sec
Elapsed time[restore_orbital]: 0.002406597137451172 sec
Elapsed time[core_diagonalize]: 0.3735535144805908 sec
Elapsed time[restore_orbital]: 0.0026853084564208984 sec
Elapsed time[core_diagonalize]: 0.37573719024658203 sec
Elapsed time[restore_orbital]: 0.0024809837341308594 sec
Elapsed time[core_diagonalize]: 0.3802981376647949 sec
Elapsed time[restore_orbital]: 0.002439260482788086 sec
Elapsed time[core_diagonalize]: 0.37853479385375977 sec
Elapsed time[restore_orbital]: 0.002413511276245117 sec
Elapsed time[core_diagonalize]: 0.37769412994384766 sec
Elapsed time[restore_orbital]: 0.0024514198303222656 sec
Elapsed time[core_diagonalize]: 0.36989831924438477 sec
Elapsed time[restore_orbital]: 0.0024297237396240234 sec
Elapsed time[core_diagonalize]: 0.37041664123535156 sec
Elapsed time[restore_orbital]: 0.0026040077209472656 sec
Elapsed time[core_diagonalize]: 0.37035250663757324 sec
Elapsed time[diagonalize]: 5.27487587928772 sec

[ PRINT EIGENVALUES ]
( spin alpha )
* 1 th kpt (=[0. 0. 0.])
num        occ        value
1          2.0        -0.6487629064753887
2          2.0        -0.3348111031517901
3          2.0        -0.3346199454288239
4          2.0        -0.33436944954500136
5          2.0        -0.33423612983802237
6          2.0        -0.3341636779028391
7          2.0        -0.3339376663782491
8          2.0        -0.09883861881616879
9          2.0        -0.09873595657385742
10         2.0        -0.098608367968507
11         2.0        -0.09850242651468999
12         2.0        -0.09835185370932065
13         2.0        -0.0982553168566136
14         2.0        0.12492376098348308
15         2.0        0.12500345788562844
16         2.0        0.12512696945689095
17         0.0        0.32048346394088445
18         0.0        0.32063372007070895
19         0.0        0.32158708905740013
20         0.0        0.32338034507321317


* 2 th kpt (=[0.25 0.   0.  ])
num        occ        value
1          12.0       -0.628150981047873
2          12.0       -0.46575437136661485
3          12.0       -0.3234126359283616
4          12.0       -0.3232831330890732
5          12.0       -0.32297134180099935
6          12.0       -0.3227878710431897
7          12.0       -0.18367485689174262
8          12.0       -0.13245741317522927
9          12.0       -0.13235533173551212
10         12.0       -0.1322090264696072
11         12.0       -0.13215762506405873
12         12.0       -0.07880751253102926
13         12.0       -0.07873316300864533
14         12.0       0.06459027724250657
15         12.0       0.06469967041158073
16         12.0       0.08016426205832397
17         0.0        0.2951536351417221
18         0.0        0.3305064290455872
19         0.0        0.39513829872358847
20         0.0        0.3965729766854496


* 3 th kpt (=[0.5 0.  0. ])
num        occ        value
1          6.0        -0.5664907756163027
2          6.0        -0.5658815486035325
3          6.0        -0.3083078066811616
4          6.0        -0.308151504201961
5          6.0        -0.3078022632849645
6          6.0        -0.3076097949045969
7          6.0        -0.16694009138410068
8          6.0        -0.16682077090577418
9          6.0        -0.1667490485707705
10         6.0        -0.16673368862839907
11         6.0        -0.036600624603151465
12         6.0        -0.03624286206331462
13         6.0        -0.021037458104221467
14         6.0        -0.0209071521872935
15         6.0        -0.02049668888389867
16         6.0        -0.020219925196242494
17         0.0        0.30446672670010616
18         0.0        0.3048700215474949
19         0.0        0.5247801633980926
20         0.0        0.532817455238675


* 4 th kpt (=[0.25 0.25 0.  ])
num        occ        value
1          12.0       -0.6077084941241075
2          12.0       -0.4479933262589259
3          12.0       -0.44777876816358314
4          12.0       -0.3442683297445175
5          12.0       -0.29770935025860773
6          12.0       -0.20181707971273605
7          12.0       -0.20005690138475843
8          12.0       -0.19993243516634018
9          12.0       -0.12163003967278004
10         12.0       -0.12155042882188742
11         12.0       -0.08320707973467965
12         12.0       -0.08286014457814198
13         12.0       -0.06301812652626164
14         12.0       -0.015186216495445347
15         12.0       0.011820682226554184
16         12.0       0.10066651386370039
17         0.0        0.3530473469382324
18         0.0        0.3725137653685033
19         0.0        0.3741367773182568
20         0.0        0.3869910763616706


* 5 th kpt (=[0.5  0.25 0.  ])
num        occ        value
1          24.0       -0.5467016646556782
2          24.0       -0.5460915424888301
3          24.0       -0.3984428554481425
4          24.0       -0.3978561511426224
5          24.0       -0.24998900215871703
6          24.0       -0.2499001160978566
7          24.0       -0.18758447993194607
8          24.0       -0.1873079715523712
9          24.0       -0.1076205224850572
10         24.0       -0.10746835893347004
11         24.0       -0.06835905395284882
12         24.0       -0.06813129678341803
13         24.0       -0.06626682499421925
14         24.0       -0.06608742503739033
15         24.0       0.02463931531963244
16         24.0       0.024716254901589935
17         0.0        0.37964327536946874
18         0.0        0.3806135719917231
19         0.0        0.4503096826083698
20         0.0        0.4594103992979518


* 6 th kpt (=[-0.25  0.25  0.  ])
num        occ        value
1          12.0       -0.6077098187826724
2          12.0       -0.44799348342185363
3          12.0       -0.4477603181332465
4          12.0       -0.3443409755236823
5          12.0       -0.29761783486174115
6          12.0       -0.20180976217297172
7          12.0       -0.20012507551420294
8          12.0       -0.1999954009535317
9          12.0       -0.12163822125475333
10         12.0       -0.12147872916680955
11         12.0       -0.08318731649453097
12         12.0       -0.08281758584105607
13         12.0       -0.06303844594036138
14         12.0       -0.015112182827849843
15         12.0       0.011788358973864816
16         12.0       0.10061899830690928
17         0.0        0.353428562551001
18         0.0        0.37257296694953274
19         0.0        0.38122698804879684
20         0.0        0.415132598361797


* 7 th kpt (=[0.5 0.5 0. ])
num        occ        value
1          6.0        -0.48837351742840024
2          6.0        -0.48772283604570327
3          6.0        -0.48764331537075123
4          6.0        -0.4871918323358486
5          6.0        -0.18726746962843432
6          6.0        -0.18716281755327152
7          6.0        -0.18710630386865254
8          6.0        -0.1870205902313414
9          6.0        -0.14339706794541593
10         6.0        -0.14312544304037875
11         6.0        -0.14308824261195469
12         6.0        -0.1428673991052686
13         6.0        0.020333558553138044
14         6.0        0.020423009174325848
15         6.0        0.020707672491983863
16         6.0        0.020878062625346878
17         0.0        0.4302411549919782
18         0.0        0.4305651471538882
19         0.0        0.4320943029314744
20         0.0        0.4360664668901555


* 8 th kpt (=[0.25 0.25 0.25])
num        occ        value
1          4.0        -0.5874701370976559
2          4.0        -0.43248594713441657
3          4.0        -0.4319671235479659
4          4.0        -0.43175910227477265
5          4.0        -0.26055225099035373
6          4.0        -0.26045035474054984
7          4.0        -0.2603011923399237
8          4.0        -0.1138365643803742
9          4.0        -0.11314225542468846
10         4.0        -0.1129008718726155
11         4.0        -0.10744568241530301
12         4.0        -0.04609392851135363
13         4.0        -0.04599332688642107
14         4.0        -0.04566915612990382
15         4.0        0.06545570202747121
16         4.0        0.06559058774448928
17         0.0        0.36618293817447506
18         0.0        0.36666284866160026
19         0.0        0.37125670824225315
20         0.0        0.4253508209130687


* 9 th kpt (=[0.5  0.25 0.25])
num        occ        value
1          12.0       -0.5273361886353851
2          12.0       -0.5267400089271154
3          12.0       -0.4064187629321734
4          12.0       -0.40567240353728223
5          12.0       -0.3152593027285611
6          12.0       -0.3149374080100619
7          12.0       -0.19922102262069205
8          12.0       -0.1986786329259182
9          12.0       -0.0992876751486851
10         12.0       -0.09837954444262408
11         12.0       -0.0385463621970938
12         12.0       -0.03849973318417489
13         12.0       0.00227857801225838
14         12.0       0.002611934566227728
15         12.0       0.012689820219908865
16         12.0       0.012826717886649065
17         0.0        0.39675285242290464
18         0.0        0.3980133952916398
19         0.0        0.44833050983183265
20         0.0        0.4532458082383922


* 10 th kpt (=[-0.25  0.25  0.25])
num        occ        value
1          12.0       -0.5874757388022639
2          12.0       -0.4323404511406537
3          12.0       -0.4320562216072169
4          12.0       -0.43176065743699915
5          12.0       -0.2605922138871322
6          12.0       -0.2605130600428586
7          12.0       -0.260437831391066
8          12.0       -0.11354280974441794
9          12.0       -0.11320239910081129
10         12.0       -0.11279751814799999
11         12.0       -0.10737481599185765
12         12.0       -0.0461242835304039
13         12.0       -0.045979299658724083
14         12.0       -0.045754818691422984
15         12.0       0.06546556659879481
16         12.0       0.06552296358494701
17         0.0        0.3660302606433086
18         0.0        0.366477177061827
19         0.0        0.3669643282883289
20         0.0        0.4249136335780592


* 11 th kpt (=[0.5  0.5  0.25])
num        occ        value
1          12.0       -0.4717176329692688
2          12.0       -0.47105443775038264
3          12.0       -0.4709663634507129
4          12.0       -0.4705363863183544
5          12.0       -0.28694163050476584
6          12.0       -0.2865318948359626
7          12.0       -0.2864697170145027
8          12.0       -0.2860223834974696
9          12.0       -0.03666768958963266
10         12.0       -0.03619399560369545
11         12.0       -0.03613699030627332
12         12.0       -0.035700654505664516
13         12.0       0.023363670871559678
14         12.0       0.023456070368971793
15         12.0       0.023749087285318722
16         12.0       0.02390423342286394
17         0.0        0.4410881149948432
18         0.0        0.4417637843841957
19         0.0        0.44853897241649415
20         0.0        0.4731991438199928


* 12 th kpt (=[-0.25  0.5   0.25])
num        occ        value
1          12.0       -0.5273135314752403
2          12.0       -0.5267613487898066
3          12.0       -0.40607958579285197
4          12.0       -0.4060210722326561
5          12.0       -0.315141506470839
6          12.0       -0.3150392724549162
7          12.0       -0.1991722998979555
8          12.0       -0.19873391455511438
9          12.0       -0.09885841273653218
10         12.0       -0.09883000440610469
11         12.0       -0.03854599730656002
12         12.0       -0.0384842313996911
13         12.0       0.002065602775085426
14         12.0       0.0028242495546879167
15         12.0       0.01265201531535452
16         12.0       0.012868848299519132
17         0.0        0.39671350055247984
18         0.0        0.3971913092833126
19         0.0        0.4480400424621911
20         0.0        0.4536648723830478


* 13 th kpt (=[0.5 0.5 0.5])
num        occ        value
1          2.0        -0.44365124784172416
2          2.0        -0.44301204468213257
3          2.0        -0.4428668822236511
4          2.0        -0.4425259660339669
5          2.0        -0.35075730697742213
6          2.0        -0.3505892220514666
7          2.0        -0.3504929464150077
8          2.0        -0.35021896485723136
9          2.0        0.02661853303010451
10         2.0        0.026867114766737848
11         2.0        0.027067403740288265
12         2.0        0.027189126012400273
13         2.0        0.027248985890519592
14         2.0        0.027394223472169
15         2.0        0.027599941228154574
16         2.0        0.027777510432456777
17         0.0        0.45060074593694627
18         0.0        0.4508526929511511
19         0.0        0.45257168448304624
20         0.0        0.45324739004819425


/home/jhwoo/programs/tucy/tucy/Tucy.py:113: UserWarning: Exited at iteration 20 with accuracies 
[3.19556812e-07 7.97034839e-06 7.50959401e-06 3.10510237e-06
 4.11363676e-06 6.37481668e-06 2.86775126e-06 7.81780139e-06
 8.12937943e-06 8.56714898e-06 6.97722187e-06 3.87695782e-06
 4.02271737e-06 8.94236487e-05 1.91181208e-04 1.06202997e-04
 6.29848761e-03 4.68632131e-03 7.71336143e-03 2.03383807e-02]
not reaching the requested tolerance 1e-07.
  val, vec = scipy.sparse.linalg.lobpcg(**solve_options)
/home/jhwoo/programs/tucy/tucy/Tucy.py:113: UserWarning: Exited at iteration 20 with accuracies 
[7.69847330e-07+0.j 1.61416439e-06+0.j 4.74716334e-06+0.j
 5.67643405e-06+0.j 6.65423847e-06+0.j 3.68043431e-06+0.j
 1.39864650e-05+0.j 1.77442984e-05+0.j 1.14028395e-05+0.j
 1.16232444e-05+0.j 1.66169669e-05+0.j 7.58661267e-06+0.j
 6.19825642e-06+0.j 3.35988015e-05+0.j 4.56787145e-05+0.j
 1.53005185e-05+0.j 9.04906940e-04+0.j 2.29424054e-03+0.j
 6.27258736e-03+0.j 1.37785648e-02+0.j]
not reaching the requested tolerance 1e-07.
  val, vec = scipy.sparse.linalg.lobpcg(**solve_options)
/home/jhwoo/programs/tucy/tucy/Tucy.py:113: UserWarning: Exited at iteration 20 with accuracies 
[1.03175873e-06+0.j 1.01194790e-06+0.j 3.10958082e-06+0.j
 3.01022049e-06+0.j 3.37458766e-06+0.j 3.32618860e-06+0.j
 1.22395834e-05+0.j 1.34090300e-05+0.j 1.46832236e-05+0.j
 1.27910616e-05+0.j 8.26556255e-06+0.j 6.18239592e-06+0.j
 1.71746528e-05+0.j 1.56274930e-05+0.j 1.72456905e-05+0.j
 1.53761469e-05+0.j 1.43859903e-04+0.j 1.68457258e-04+0.j
 1.81668286e-02+0.j 4.51549759e-02+0.j]
not reaching the requested tolerance 1e-07.
  val, vec = scipy.sparse.linalg.lobpcg(**solve_options)
/home/jhwoo/programs/tucy/tucy/Tucy.py:113: UserWarning: Exited at iteration 20 with accuracies 
[1.62272201e-06+0.j 1.95810310e-06+0.j 1.74013741e-06+0.j
 2.05127192e-06+0.j 5.20564596e-06+0.j 1.02027232e-05+0.j
 8.72121213e-06+0.j 9.19065480e-06+0.j 9.79800240e-06+0.j
 8.35850306e-06+0.j 2.19083886e-05+0.j 2.08657016e-05+0.j
 3.44204246e-06+0.j 4.70371947e-05+0.j 3.55820743e-05+0.j
 2.50560438e-05+0.j 2.17248436e-03+0.j 3.04230317e-03+0.j
 6.87153244e-03+0.j 7.75514802e-03+0.j]
not reaching the requested tolerance 1e-07.
  val, vec = scipy.sparse.linalg.lobpcg(**solve_options)
/home/jhwoo/programs/tucy/tucy/Tucy.py:113: UserWarning: Exited at iteration 20 with accuracies 
[1.65152585e-06+0.j 1.29905181e-06+0.j 4.48184438e-06+0.j
 3.18462471e-06+0.j 4.28140359e-06+0.j 5.06265356e-06+0.j
 9.39633485e-06+0.j 1.09739578e-05+0.j 1.64716085e-05+0.j
 1.92429038e-05+0.j 1.57764317e-05+0.j 1.42735339e-05+0.j
 1.31275996e-05+0.j 1.48648471e-05+0.j 2.45946667e-05+0.j
 2.36702289e-05+0.j 1.61925218e-03+0.j 2.05217762e-03+0.j
 6.52164132e-03+0.j 1.92495304e-02+0.j]
not reaching the requested tolerance 1e-07.
  val, vec = scipy.sparse.linalg.lobpcg(**solve_options)
/home/jhwoo/programs/tucy/tucy/Tucy.py:113: UserWarning: Exited at iteration 20 with accuracies 
[1.64893294e-06+0.j 3.09262380e-06+0.j 2.35116772e-06+0.j
 1.86814576e-06+0.j 4.46305822e-06+0.j 9.08353483e-06+0.j
 9.15852173e-06+0.j 9.03886536e-06+0.j 1.04944130e-05+0.j
 9.82559995e-06+0.j 2.20810855e-05+0.j 2.12777121e-05+0.j
 4.25056717e-06+0.j 3.83995643e-05+0.j 2.46086141e-05+0.j
 1.38292025e-05+0.j 5.85142700e-03+0.j 2.90660960e-03+0.j
 2.91601757e-02+0.j 2.49111455e-02+0.j]
not reaching the requested tolerance 1e-07.
  val, vec = scipy.sparse.linalg.lobpcg(**solve_options)
/home/jhwoo/programs/tucy/tucy/Tucy.py:113: UserWarning: Exited at iteration 20 with accuracies 
[1.86346330e-06+0.j 2.27621057e-06+0.j 2.14263837e-06+0.j
 1.77924115e-06+0.j 7.81150651e-06+0.j 8.42229932e-06+0.j
 8.22694014e-06+0.j 8.49615344e-06+0.j 1.17070563e-05+0.j
 9.85168088e-06+0.j 1.05738212e-05+0.j 1.10131609e-05+0.j
 1.58635928e-05+0.j 1.33140916e-05+0.j 1.02126734e-05+0.j
 1.34625183e-05+0.j 4.92262051e-03+0.j 5.86498260e-03+0.j
 8.26498474e-03+0.j 9.46603802e-03+0.j]
not reaching the requested tolerance 1e-07.
  val, vec = scipy.sparse.linalg.lobpcg(**solve_options)
/home/jhwoo/programs/tucy/tucy/Tucy.py:113: UserWarning: Exited at iteration 20 with accuracies 
[2.12422125e-06+0.j 2.01932074e-06+0.j 2.05843129e-06+0.j
 1.90856120e-06+0.j 5.49767983e-06+0.j 5.28082467e-06+0.j
 4.98054780e-06+0.j 1.25957300e-05+0.j 1.20738415e-05+0.j
 1.14296095e-05+0.j 1.23691452e-05+0.j 1.65721236e-05+0.j
 1.53853889e-05+0.j 1.51117326e-05+0.j 2.38116565e-05+0.j
 2.23412493e-05+0.j 3.23016966e-03+0.j 5.76264835e-03+0.j
 4.74155903e-03+0.j 2.05715598e-02+0.j]
not reaching the requested tolerance 1e-07.
  val, vec = scipy.sparse.linalg.lobpcg(**solve_options)
/home/jhwoo/programs/tucy/tucy/Tucy.py:113: UserWarning: Exited at iteration 20 with accuracies 
[2.76437260e-06+0.j 2.59360969e-06+0.j 2.49999280e-06+0.j
 2.67594113e-06+0.j 8.03153077e-06+0.j 7.41171299e-06+0.j
 1.26717923e-05+0.j 1.24379892e-05+0.j 9.02839696e-06+0.j
 8.46930503e-06+0.j 1.19461695e-05+0.j 1.28704222e-05+0.j
 2.30352274e-05+0.j 2.89462882e-05+0.j 1.75938563e-05+0.j
 1.90327488e-05+0.j 4.39071714e-03+0.j 2.13478040e-03+0.j
 7.01546733e-03+0.j 2.07381808e-02+0.j]
not reaching the requested tolerance 1e-07.
  val, vec = scipy.sparse.linalg.lobpcg(**solve_options)
/home/jhwoo/programs/tucy/tucy/Tucy.py:113: UserWarning: Exited at iteration 20 with accuracies 
[1.99899650e-06+0.j 1.86445075e-06+0.j 2.13552772e-06+0.j
 1.66738666e-06+0.j 5.86730330e-06+0.j 5.66368777e-06+0.j
 5.30036195e-06+0.j 1.26240980e-05+0.j 1.26482013e-05+0.j
 1.29907258e-05+0.j 1.49578788e-05+0.j 1.64804979e-05+0.j
 1.65375024e-05+0.j 1.40877326e-05+0.j 2.56026764e-05+0.j
 2.92653840e-05+0.j 1.51984485e-03+0.j 3.08125346e-03+0.j
 2.10636999e-03+0.j 2.80715924e-02+0.j]
not reaching the requested tolerance 1e-07.
  val, vec = scipy.sparse.linalg.lobpcg(**solve_options)
/home/jhwoo/programs/tucy/tucy/Tucy.py:113: UserWarning: Exited at iteration 20 with accuracies 
[3.13405754e-06+0.j 2.84990561e-06+0.j 2.75812248e-06+0.j
 2.99598016e-06+0.j 6.48709992e-06+0.j 7.57047233e-06+0.j
 8.32676441e-06+0.j 6.87897973e-06+0.j 1.93588993e-05+0.j
 1.92526745e-05+0.j 1.76576999e-05+0.j 1.60346594e-05+0.j
 3.51618511e-05+0.j 2.30300441e-05+0.j 2.61237773e-05+0.j
 3.16626862e-05+0.j 1.11056970e-02+0.j 7.28600188e-03+0.j
 2.45765184e-02+0.j 6.75264870e-02+0.j]
not reaching the requested tolerance 1e-07.
  val, vec = scipy.sparse.linalg.lobpcg(**solve_options)
/home/jhwoo/programs/tucy/tucy/Tucy.py:113: UserWarning: Exited at iteration 20 with accuracies 
[2.57557874e-06+0.j 2.55617509e-06+0.j 2.42297264e-06+0.j
 2.89361353e-06+0.j 7.72666352e-06+0.j 7.81441420e-06+0.j
 1.04354390e-05+0.j 1.61595130e-05+0.j 1.01725408e-05+0.j
 9.13959109e-06+0.j 1.25735760e-05+0.j 1.46459455e-05+0.j
 2.43656344e-05+0.j 2.64423870e-05+0.j 2.08502202e-05+0.j
 1.70427401e-05+0.j 3.33344555e-03+0.j 2.73883829e-03+0.j
 5.90186058e-03+0.j 2.58069318e-02+0.j]
not reaching the requested tolerance 1e-07.
  val, vec = scipy.sparse.linalg.lobpcg(**solve_options)
/home/jhwoo/programs/tucy/tucy/Tucy.py:113: UserWarning: Exited at iteration 20 with accuracies 
[1.77695200e-06+0.j 1.79021037e-06+0.j 1.86466218e-06+0.j
 1.83063617e-06+0.j 4.28481826e-06+0.j 4.07012932e-06+0.j
 3.74071567e-06+0.j 3.80981120e-06+0.j 7.53708964e-06+0.j
 9.86829990e-06+0.j 1.21468443e-05+0.j 1.13761861e-05+0.j
 7.77750100e-06+0.j 1.04412726e-05+0.j 8.84775429e-06+0.j
 6.66315232e-06+0.j 1.03033123e-02+0.j 1.27855287e-02+0.j
 4.02651572e-02+0.j 3.59090964e-02+0.j]
not reaching the requested tolerance 1e-07.
  val, vec = scipy.sparse.linalg.lobpcg(**solve_options)
Integral of density (=32.00000000000001) is normalized to 31.999999999999993
Orbital energy difference = 0.19142038022458863
Density difference (relative) = 0.11609545487136677
Elapsed time[calc_external_energy]: 4.744529724121094e-05 sec
Elapsed time[calc_nonlocal_energy]: 0.2475283145904541 sec

============ Energy (Hartree) ============
|   Total Energy        : -44.7378126044 |
------------------------------------------
| * Ion-ion Energy      : 0.0            |
| * Eigenvals sum for 0 : -6.2558349663  |
| * Hartree Energy      : 2.1702587435   |
| * XC Energy           : -13.8479264888 |
| * Kinetic Energy      : 33.9896941906  |
| * External Energy     : -68.2402708155 |
| * Non-local Energy    : 1.1904317657   |
==========================================
Elapsed time[calc_and_print_energies]: 0.3484616279602051 sec
Total energy difference = -0.34659766998722574 Hartree
Elapsed time for 2 th cycle: 5.640324115753174 sec

==================== [ END CYCLE 2 ] ====================
Elapsed time[_get_mixed_var]: 4.5299530029296875e-05 sec
Elapsed time[compute_potential]: 0.004069805145263672 sec
Elapsed time[compute]: 0.010741233825683594 sec

==================== [ SCF CYCLE 3 ] ====================
==== Tucker Diagonalization ====
Elapsed time[project_local_potential_to_core]: 0.023067235946655273 sec
Elapsed time[project_local_potential_to_core]: 0.051534175872802734 sec
Elapsed time[project_local_potential_to_core]: 0.05144071578979492 sec
Elapsed time[project_local_potential_to_core]: 0.05152082443237305 sec
Elapsed time[project_local_potential_to_core]: 0.05131125450134277 sec
Elapsed time[project_local_potential_to_core]: 0.05132603645324707 sec
Elapsed time[project_local_potential_to_core]: 0.05128836631774902 sec
Elapsed time[project_local_potential_to_core]: 0.05122041702270508 sec
Elapsed time[project_local_potential_to_core]: 0.05137038230895996 sec
Elapsed time[project_local_potential_to_core]: 0.05123019218444824 sec
Elapsed time[project_local_potential_to_core]: 0.05165243148803711 sec
Elapsed time[project_local_potential_to_core]: 0.05133819580078125 sec
Elapsed time[project_local_potential_to_core]: 0.05167078971862793 sec
Elapsed time[restore_orbital]: 0.0007619857788085938 sec
Elapsed time[core_diagonalize]: 0.1278986930847168 sec
Elapsed time[restore_orbital]: 0.0022308826446533203 sec
Elapsed time[core_diagonalize]: 0.3703794479370117 sec
Elapsed time[restore_orbital]: 0.0022361278533935547 sec
Elapsed time[core_diagonalize]: 0.37050652503967285 sec
Elapsed time[restore_orbital]: 0.00188446044921875 sec
Elapsed time[core_diagonalize]: 0.370746374130249 sec
Elapsed time[restore_orbital]: 0.0018749237060546875 sec
Elapsed time[core_diagonalize]: 0.3707847595214844 sec
Elapsed time[restore_orbital]: 0.0018494129180908203 sec
Elapsed time[core_diagonalize]: 0.3709239959716797 sec
Elapsed time[restore_orbital]: 0.0018703937530517578 sec
Elapsed time[core_diagonalize]: 0.3701450824737549 sec
Elapsed time[restore_orbital]: 0.0018794536590576172 sec
Elapsed time[core_diagonalize]: 0.36905550956726074 sec
Elapsed time[restore_orbital]: 0.0018947124481201172 sec
Elapsed time[core_diagonalize]: 0.3698005676269531 sec
Elapsed time[restore_orbital]: 0.0018429756164550781 sec
Elapsed time[core_diagonalize]: 0.3711862564086914 sec
Elapsed time[restore_orbital]: 0.0018792152404785156 sec
Elapsed time[core_diagonalize]: 0.3706042766571045 sec
Elapsed time[restore_orbital]: 0.0019190311431884766 sec
Elapsed time[core_diagonalize]: 0.37037062644958496 sec
Elapsed time[restore_orbital]: 0.0020678043365478516 sec
Elapsed time[core_diagonalize]: 0.3708786964416504 sec
Elapsed time[diagonalize]: 5.21407413482666 sec

[ PRINT EIGENVALUES ]
( spin alpha )
* 1 th kpt (=[0. 0. 0.])
num        occ        value
1          2.0        -0.6434074573783083
2          2.0        -0.3278609731000248
3          2.0        -0.32777985850537383
4          2.0        -0.3276246704292703
5          2.0        -0.3275490000873909
6          2.0        -0.32742270465238493
7          2.0        -0.32726662365903003
8          2.0        -0.09143327382441264
9          2.0        -0.09139840623001698
10         2.0        -0.09130809911951498
11         2.0        -0.09126523129909116
12         2.0        -0.09120459897506372
13         2.0        -0.09114271579938639
14         2.0        0.13411243428443712
15         2.0        0.13422960310896315
16         2.0        0.13444180919966253
17         0.0        0.32402633167503053
18         0.0        0.3240635497886998
19         0.0        0.32420261952153184
20         0.0        0.3244036221485877


* 2 th kpt (=[0.25 0.   0.  ])
num        occ        value
1          12.0       -0.6227208493927665
2          12.0       -0.45966420823917675
3          12.0       -0.31635066272744083
4          12.0       -0.3161719585428734
5          12.0       -0.3160927846552982
6          12.0       -0.31587489245215933
7          12.0       -0.1760242992433811
8          12.0       -0.1258921956307901
9          12.0       -0.12579482129761144
10         12.0       -0.1257646316246992
11         12.0       -0.12570149850603415
12         12.0       -0.07146144343188249
13         12.0       -0.07135245858068352
14         12.0       0.07294513667109896
15         12.0       0.07312013275040409
16         12.0       0.08916377675982898
17         0.0        0.299452488278176
18         0.0        0.33652424438413825
19         0.0        0.3994057498163459
20         0.0        0.39971988828097216


* 3 th kpt (=[0.5 0.  0. ])
num        occ        value
1          6.0        -0.5606762444423083
2          6.0        -0.5603709828794488
3          6.0        -0.3008393556043073
4          6.0        -0.3006507838320615
5          6.0        -0.30054194745619933
6          6.0        -0.30032357934386633
7          6.0        -0.16112171174939427
8          6.0        -0.16104716499355384
9          6.0        -0.16100460975346575
10         6.0        -0.16098682123138566
11         6.0        -0.0280328602203428
12         6.0        -0.02785720322573697
13         6.0        -0.013133751782225155
14         6.0        -0.013095738475737103
15         6.0        -0.012928457768515726
16         6.0        -0.012703170823151037
17         0.0        0.30985225333498273
18         0.0        0.31005549699389295
19         0.0        0.5259360815515451
20         0.0        0.5307457197196604


* 4 th kpt (=[0.25 0.25 0.  ])
num        occ        value
1          12.0       -0.6021989759339225
2          12.0       -0.44171039780541516
3          12.0       -0.44161097717678466
4          12.0       -0.33697424067395404
5          12.0       -0.29082037685044315
6          12.0       -0.19637770301226168
7          12.0       -0.19235258925392104
8          12.0       -0.19227264115949216
9          12.0       -0.11495038747729684
10         12.0       -0.11491477794159767
11         12.0       -0.07622369416043652
12         12.0       -0.07607125867191784
13         12.0       -0.05552047594799215
14         12.0       -0.007189496737332096
15         12.0       0.01950709960926475
16         12.0       0.10972750415607288
17         0.0        0.35659357867968816
18         0.0        0.3776911515294042
19         0.0        0.3777316082425414
20         0.0        0.3926740258135854


* 5 th kpt (=[0.5  0.25 0.  ])
num        occ        value
1          24.0       -0.5407916608314901
2          24.0       -0.540486133325999
3          24.0       -0.3916041368336877
4          24.0       -0.3913128407089547
5          24.0       -0.2427736473068063
6          24.0       -0.24265638235529793
7          24.0       -0.18171462824322254
8          24.0       -0.18157587902935574
9          24.0       -0.09990948717696299
10         24.0       -0.09976803513408532
11         24.0       -0.06127377486406564
12         24.0       -0.06115271847682994
13         24.0       -0.05911809819079636
14         24.0       -0.05900689350365825
15         24.0       0.03287596367771536
16         24.0       0.032969192602249106
17         0.0        0.3857934291310738
18         0.0        0.3859870390729558
19         0.0        0.4539417963921622
20         0.0        0.454186985451232


* 6 th kpt (=[-0.25  0.25  0.  ])
num        occ        value
1          12.0       -0.6022008065136099
2          12.0       -0.44170218112395376
3          12.0       -0.4415936700039947
4          12.0       -0.3370781740678582
5          12.0       -0.2906896567086807
6          12.0       -0.19636250458310303
7          12.0       -0.19244325432082068
8          12.0       -0.19237431978279604
9          12.0       -0.11493186204170817
10         12.0       -0.11484152321055047
11         12.0       -0.07618667485525267
12         12.0       -0.07601789935267597
13         12.0       -0.0555510084434787
14         12.0       -0.007083505383305502
15         12.0       0.019460617610133065
16         12.0       0.10966109919938313
17         0.0        0.35650387645600345
18         0.0        0.37767666512401876
19         0.0        0.37821739312445113
20         0.0        0.39317636730146766


* 7 th kpt (=[0.5 0.5 0. ])
num        occ        value
1          6.0        -0.4819742584837085
2          6.0        -0.48166154433276925
3          6.0        -0.4816258296496203
4          6.0        -0.48139682719285165
5          6.0        -0.17994501680339695
6          6.0        -0.17986975466872093
7          6.0        -0.1798101630859273
8          6.0        -0.1797294587949384
9          6.0        -0.13695280334951176
10         6.0        -0.13683890442288274
11         6.0        -0.1367928172239743
12         6.0        -0.13668935143683186
13         6.0        0.02871917651388828
14         6.0        0.028786522324304245
15         6.0        0.028892079628540276
16         6.0        0.02899010827569995
17         0.0        0.4357670213957854
18         0.0        0.435908976128532
19         0.0        0.4359594738862559
20         0.0        0.4360716196979244


* 8 th kpt (=[0.25 0.25 0.25])
num        occ        value
1          4.0        -0.5818756401036334
2          4.0        -0.4258446420707941
3          4.0        -0.425617514436475
4          4.0        -0.4254855351690536
5          4.0        -0.2540155255654085
6          4.0        -0.2539137366622418
7          4.0        -0.253700937692686
8          4.0        -0.10657874576227518
9          4.0        -0.10627391729008227
10         4.0        -0.10613147780574671
11         4.0        -0.10036210330179655
12         4.0        -0.038398795735884506
13         4.0        -0.038331044983117984
14         4.0        -0.03819081633399867
15         4.0        0.07401418775090864
16         4.0        0.07423138517690249
17         0.0        0.37055011134102905
18         0.0        0.370709683750006
19         0.0        0.3707946474046111
20         0.0        0.4305037165562693


* 9 th kpt (=[0.5  0.25 0.25])
num        occ        value
1          12.0       -0.5213231613355241
2          12.0       -0.52102299792176
3          12.0       -0.39925033318699255
4          12.0       -0.3988812662679802
5          12.0       -0.3095991308673554
6          12.0       -0.30938536905808167
7          12.0       -0.19243903507836987
8          12.0       -0.19212641133253958
9          12.0       -0.09169981540547999
10         12.0       -0.09125678989112267
11         12.0       -0.031129067838631057
12         12.0       -0.031069712699697095
13         12.0       0.010319303520500433
14         12.0       0.010481890503009525
15         12.0       0.02093699880866862
16         12.0       0.021115285962056224
17         0.0        0.4023524540955216
18         0.0        0.40248852976728955
19         0.0        0.4525725514807262
20         0.0        0.4527437089012275


* 10 th kpt (=[-0.25  0.25  0.25])
num        occ        value
1          12.0       -0.5818836987407392
2          12.0       -0.42575738584028977
3          12.0       -0.4256290257133414
4          12.0       -0.42547980581536626
5          12.0       -0.2540742024568939
6          12.0       -0.2539824347241703
7          12.0       -0.25392988765307917
8          12.0       -0.10633368855245053
9          12.0       -0.10618093111947029
10         12.0       -0.10597525179120307
11         12.0       -0.10024563612831139
12         12.0       -0.038437036855110504
13         12.0       -0.03838050328821217
14         12.0       -0.03825651273932757
15         12.0       0.07402697436784343
16         12.0       0.07412808300773768
17         0.0        0.3704530752412468
18         0.0        0.3705188938808182
19         0.0        0.3705446675253798
20         0.0        0.4304411330331213


* 11 th kpt (=[0.5  0.5  0.25])
num        occ        value
1          12.0       -0.46512537604736337
2          12.0       -0.4648047334978136
3          12.0       -0.4647670139087401
4          12.0       -0.4645447535689495
5          12.0       -0.28071360519417243
6          12.0       -0.2804993714674492
7          12.0       -0.2804565262359256
8          12.0       -0.28018939697613116
9          12.0       -0.02869819755901558
10         12.0       -0.028470407998632284
11         12.0       -0.028449291338841914
12         12.0       -0.028197321212588305
13         12.0       0.031838721506049744
14         12.0       0.03191655573390951
15         12.0       0.03202227626570421
16         12.0       0.03211220922770512
17         0.0        0.4466045868032934
18         0.0        0.4467448789162914
19         0.0        0.44715560628826484
20         0.0        0.45412902925883203


* 12 th kpt (=[-0.25  0.5   0.25])
num        occ        value
1          12.0       -0.5213024647912252
2          12.0       -0.5210393250960083
3          12.0       -0.3991327220387303
4          12.0       -0.399026762764872
5          12.0       -0.3095562984655829
6          12.0       -0.3093783304780549
7          12.0       -0.1924284114071241
8          12.0       -0.19215615062368646
9          12.0       -0.09151873463424191
10         12.0       -0.09149563972143841
11         12.0       -0.031124136928842742
12         12.0       -0.031035908754835213
13         12.0       0.010233861870226119
14         12.0       0.010574242487348682
15         12.0       0.020925497928210416
16         12.0       0.0211264693128462
17         0.0        0.40230687139115046
18         0.0        0.40261155913779323
19         0.0        0.45251281534323273
20         0.0        0.45297763644872713


* 13 th kpt (=[0.5 0.5 0.5])
num        occ        value
1          2.0        -0.43651079418260835
2          2.0        -0.4361987270200196
3          2.0        -0.43613824213934205
4          2.0        -0.4359147013700824
5          2.0        -0.34552074466506527
6          2.0        -0.34534935524954163
7          2.0        -0.34529360103731643
8          2.0        -0.3450207010666624
9          2.0        0.03536019584868802
10         2.0        0.035492377366022544
11         2.0        0.03558792082843094
12         2.0        0.03562635159446282
13         2.0        0.03569744799045069
14         2.0        0.0357431485343485
15         2.0        0.0358181927523009
16         2.0        0.03600968896034898
17         0.0        0.4567891800700516
18         0.0        0.456960633371032
19         0.0        0.45789063776767425
20         0.0        0.4586596733597135


/home/jhwoo/programs/tucy/tucy/Tucy.py:113: UserWarning: Exited at iteration 20 with accuracies 
[1.08033183e-06 1.72899727e-05 2.08077086e-05 1.03327445e-05
 9.30417620e-06 1.74020898e-05 1.00353570e-05 9.66578400e-06
 9.58166883e-06 1.63412153e-05 8.14544993e-06 6.47913833e-06
 5.44029378e-06 2.18757046e-05 3.22190055e-05 1.74714358e-05
 2.77252744e-03 3.86014784e-03 3.06161521e-03 7.90992857e-03]
not reaching the requested tolerance 1e-07.
  val, vec = scipy.sparse.linalg.lobpcg(**solve_options)
/home/jhwoo/programs/tucy/tucy/Tucy.py:113: UserWarning: Exited at iteration 20 with accuracies 
[1.50409564e-06+0.j 1.88303118e-06+0.j 1.48159464e-05+0.j
 1.87677497e-05+0.j 2.04506923e-05+0.j 1.45371952e-05+0.j
 4.79289506e-05+0.j 5.86666878e-05+0.j 3.51645378e-05+0.j
 3.92602918e-05+0.j 5.96969084e-05+0.j 1.15076276e-05+0.j
 1.07944090e-05+0.j 9.31281357e-05+0.j 9.68228523e-05+0.j
 3.71100427e-05+0.j 1.53840287e-04+0.j 7.02584641e-04+0.j
 7.68673471e-02+0.j 9.24640177e-03+0.j]
not reaching the requested tolerance 1e-07.
  val, vec = scipy.sparse.linalg.lobpcg(**solve_options)
/home/jhwoo/programs/tucy/tucy/Tucy.py:113: UserWarning: Exited at iteration 20 with accuracies 
[9.87249095e-07+0.j 1.53143022e-06+0.j 9.10431545e-06+0.j
 9.20186917e-06+0.j 1.03336147e-05+0.j 1.03052667e-05+0.j
 3.98971902e-05+0.j 4.38990281e-05+0.j 3.85013935e-05+0.j
 4.10126454e-05+0.j 1.67108969e-05+0.j 8.66305677e-06+0.j
 4.77108928e-05+0.j 4.75758794e-05+0.j 4.89313504e-05+0.j
 4.92203948e-05+0.j 3.53800364e-05+0.j 3.77646917e-05+0.j
 1.29597415e-02+0.j 3.08844936e-02+0.j]
not reaching the requested tolerance 1e-07.
  val, vec = scipy.sparse.linalg.lobpcg(**solve_options)
/home/jhwoo/programs/tucy/tucy/Tucy.py:113: UserWarning: Exited at iteration 20 with accuracies 
[5.57936551e-06+0.j 3.65200075e-06+0.j 3.38107026e-06+0.j
 5.97046438e-06+0.j 6.13616205e-06+0.j 2.55708344e-05+0.j
 2.99426168e-05+0.j 2.82117268e-05+0.j 2.41045703e-05+0.j
 2.43143352e-05+0.j 6.87868573e-05+0.j 7.26496640e-05+0.j
 4.99221378e-06+0.j 1.51813880e-04+0.j 7.51865824e-05+0.j
 1.16902521e-05+0.j 3.35024933e-04+0.j 1.56190051e-03+0.j
 8.02744807e-04+0.j 1.84470980e-03+0.j]
not reaching the requested tolerance 1e-07.
  val, vec = scipy.sparse.linalg.lobpcg(**solve_options)
/home/jhwoo/programs/tucy/tucy/Tucy.py:113: UserWarning: Exited at iteration 20 with accuracies 
[4.23816557e-06+0.j 4.17031014e-06+0.j 1.07289260e-05+0.j
 1.07553788e-05+0.j 8.20582245e-06+0.j 8.47496687e-06+0.j
 2.93748910e-05+0.j 3.03905857e-05+0.j 5.27313049e-05+0.j
 5.54532282e-05+0.j 2.97602416e-05+0.j 3.15941596e-05+0.j
 4.35683847e-05+0.j 3.97955382e-05+0.j 7.35179631e-05+0.j
 7.80031849e-05+0.j 2.93994920e-04+0.j 2.45611855e-04+0.j
 3.64668770e-03+0.j 2.59724426e-03+0.j]
not reaching the requested tolerance 1e-07.
  val, vec = scipy.sparse.linalg.lobpcg(**solve_options)
/home/jhwoo/programs/tucy/tucy/Tucy.py:113: UserWarning: Exited at iteration 20 with accuracies 
[5.51101804e-06+0.j 5.54877551e-06+0.j 3.17599000e-06+0.j
 7.77901556e-06+0.j 5.18566852e-06+0.j 3.12168093e-05+0.j
 2.81124011e-05+0.j 2.93434968e-05+0.j 2.15489273e-05+0.j
 2.04730211e-05+0.j 6.68077665e-05+0.j 6.74691452e-05+0.j
 4.95963758e-06+0.j 1.42484000e-04+0.j 8.58599655e-05+0.j
 1.08133178e-05+0.j 5.28407281e-04+0.j 3.04831673e-03+0.j
 2.08099093e-03+0.j 4.78281263e-03+0.j]
not reaching the requested tolerance 1e-07.
  val, vec = scipy.sparse.linalg.lobpcg(**solve_options)
/home/jhwoo/programs/tucy/tucy/Tucy.py:113: UserWarning: Exited at iteration 20 with accuracies 
[5.18916532e-06+0.j 5.07293695e-06+0.j 5.34059957e-06+0.j
 5.00316010e-06+0.j 1.56829364e-05+0.j 1.54598954e-05+0.j
 1.46033986e-05+0.j 1.27928620e-05+0.j 2.49808079e-05+0.j
 2.52099271e-05+0.j 2.41821348e-05+0.j 2.71090489e-05+0.j
 1.89240018e-05+0.j 1.13664967e-05+0.j 1.82694593e-05+0.j
 8.20249591e-06+0.j 1.61905007e-03+0.j 1.29101532e-03+0.j
 1.68785339e-03+0.j 1.56385340e-03+0.j]
not reaching the requested tolerance 1e-07.
  val, vec = scipy.sparse.linalg.lobpcg(**solve_options)
/home/jhwoo/programs/tucy/tucy/Tucy.py:113: UserWarning: Exited at iteration 20 with accuracies 
[5.69783419e-06+0.j 5.08890319e-06+0.j 4.92964254e-06+0.j
 4.36415995e-06+0.j 1.69475432e-05+0.j 1.73731548e-05+0.j
 1.67339214e-05+0.j 3.29294283e-05+0.j 3.43660480e-05+0.j
 3.42794891e-05+0.j 3.76501802e-05+0.j 4.92033282e-05+0.j
 5.22333676e-05+0.j 4.98788226e-05+0.j 5.89890832e-05+0.j
 4.36795531e-05+0.j 7.47166681e-04+0.j 8.88783037e-04+0.j
 6.93272871e-04+0.j 2.10245936e-02+0.j]
not reaching the requested tolerance 1e-07.
  val, vec = scipy.sparse.linalg.lobpcg(**solve_options)
/home/jhwoo/programs/tucy/tucy/Tucy.py:113: UserWarning: Exited at iteration 20 with accuracies 
[7.02732296e-06+0.j 7.64940057e-06+0.j 5.39938152e-06+0.j
 5.29779277e-06+0.j 2.33219974e-05+0.j 2.37282014e-05+0.j
 3.82704370e-05+0.j 3.74910716e-05+0.j 3.02402835e-05+0.j
 3.10545405e-05+0.j 2.39132280e-05+0.j 2.37401294e-05+0.j
 6.41786846e-05+0.j 6.62018879e-05+0.j 4.86614792e-05+0.j
 4.91464657e-05+0.j 9.65230263e-04+0.j 8.15523120e-04+0.j
 5.16430001e-03+0.j 2.56274895e-03+0.j]
not reaching the requested tolerance 1e-07.
  val, vec = scipy.sparse.linalg.lobpcg(**solve_options)
/home/jhwoo/programs/tucy/tucy/Tucy.py:113: UserWarning: Exited at iteration 20 with accuracies 
[5.59034528e-06+0.j 4.28766446e-06+0.j 4.54306140e-06+0.j
 4.34541753e-06+0.j 1.69645535e-05+0.j 1.60447294e-05+0.j
 1.62268426e-05+0.j 3.28906183e-05+0.j 3.48107090e-05+0.j
 3.57834983e-05+0.j 4.10383584e-05+0.j 5.09690210e-05+0.j
 5.22350995e-05+0.j 5.08246264e-05+0.j 4.87135879e-05+0.j
 4.50269748e-05+0.j 5.47726916e-04+0.j 6.34660508e-04+0.j
 6.39494685e-04+0.j 1.21698227e-02+0.j]
not reaching the requested tolerance 1e-07.
  val, vec = scipy.sparse.linalg.lobpcg(**solve_options)
/home/jhwoo/programs/tucy/tucy/Tucy.py:113: UserWarning: Exited at iteration 20 with accuracies 
[7.72229488e-06+0.j 8.27236814e-06+0.j 8.51555928e-06+0.j
 7.12256118e-06+0.j 1.53277465e-05+0.j 1.58591049e-05+0.j
 1.86146621e-05+0.j 1.83426806e-05+0.j 3.38852260e-05+0.j
 3.83715323e-05+0.j 4.16856501e-05+0.j 3.76225473e-05+0.j
 1.00771242e-04+0.j 1.05723457e-04+0.j 1.15445021e-04+0.j
 1.01275612e-04+0.j 4.83116405e-03+0.j 5.38277682e-03+0.j
 8.60305890e-03+0.j 2.56088027e-02+0.j]
not reaching the requested tolerance 1e-07.
  val, vec = scipy.sparse.linalg.lobpcg(**solve_options)
/home/jhwoo/programs/tucy/tucy/Tucy.py:113: UserWarning: Exited at iteration 20 with accuracies 
[7.50497231e-06+0.j 7.61549246e-06+0.j 4.75848913e-06+0.j
 5.29016890e-06+0.j 2.41380397e-05+0.j 2.35702203e-05+0.j
 3.63461622e-05+0.j 4.16256721e-05+0.j 3.19699880e-05+0.j
 3.18155137e-05+0.j 2.21173418e-05+0.j 2.81296614e-05+0.j
 6.38852749e-05+0.j 6.55510152e-05+0.j 5.56021731e-05+0.j
 4.85435941e-05+0.j 9.45748538e-04+0.j 8.51861145e-04+0.j
 2.87561590e-03+0.j 7.69959353e-03+0.j]
not reaching the requested tolerance 1e-07.
  val, vec = scipy.sparse.linalg.lobpcg(**solve_options)
/home/jhwoo/programs/tucy/tucy/Tucy.py:113: UserWarning: Exited at iteration 20 with accuracies 
[7.18473524e-06+0.j 6.56656691e-06+0.j 6.02583348e-06+0.j
 6.75318415e-06+0.j 8.27311687e-06+0.j 9.80304326e-06+0.j
 1.00522861e-05+0.j 1.00889661e-05+0.j 1.29261538e-05+0.j
 1.58591362e-05+0.j 1.61409336e-05+0.j 1.38642273e-05+0.j
 1.51264102e-05+0.j 6.00916785e-06+0.j 1.82582331e-05+0.j
 7.39050103e-06+0.j 6.24776753e-03+0.j 5.51597169e-03+0.j
 1.55445404e-02+0.j 2.88705183e-02+0.j]
not reaching the requested tolerance 1e-07.
  val, vec = scipy.sparse.linalg.lobpcg(**solve_options)
Integral of density (=32.00000000000006) is normalized to 32.0
Orbital energy difference = 0.2248250143065924
Density difference (relative) = 0.08792988436887406
Elapsed time[calc_external_energy]: 2.8133392333984375e-05 sec
Elapsed time[calc_nonlocal_energy]: 0.24428367614746094 sec

============ Energy (Hartree) ============
|   Total Energy        : -44.9239959718 |
------------------------------------------
| * Ion-ion Energy      : 0.0            |
| * Eigenvals sum for 0 : -6.031009952   |
| * Hartree Energy      : 2.141922591    |
| * XC Energy           : -13.9302079974 |
| * Kinetic Energy      : 33.8061141389  |
| * External Energy     : -68.1279238517 |
| * Non-local Energy    : 1.1860991475   |
==========================================
Elapsed time[calc_and_print_energies]: 0.34134864807128906 sec
Total energy difference = -0.18618336738087748 Hartree
Elapsed time for 3 th cycle: 5.572218418121338 sec

==================== [ END CYCLE 3 ] ====================
Elapsed time[_get_mixed_var]: 0.0002779960632324219 sec
Elapsed time[compute_potential]: 0.00392460823059082 sec
Elapsed time[compute]: 0.010671854019165039 sec

==================== [ SCF CYCLE 4 ] ====================
==== Tucker Diagonalization ====
Elapsed time[project_local_potential_to_core]: 0.021158695220947266 sec
Elapsed time[project_local_potential_to_core]: 0.0475466251373291 sec
Elapsed time[project_local_potential_to_core]: 0.04784798622131348 sec
Elapsed time[project_local_potential_to_core]: 0.04893350601196289 sec
Elapsed time[project_local_potential_to_core]: 0.048027753829956055 sec
Elapsed time[project_local_potential_to_core]: 0.047827959060668945 sec
Elapsed time[project_local_potential_to_core]: 0.04783487319946289 sec
Elapsed time[project_local_potential_to_core]: 0.04764056205749512 sec
Elapsed time[project_local_potential_to_core]: 0.04797959327697754 sec
Elapsed time[project_local_potential_to_core]: 0.04790377616882324 sec
Elapsed time[project_local_potential_to_core]: 0.04773688316345215 sec
Elapsed time[project_local_potential_to_core]: 0.04778456687927246 sec
Elapsed time[project_local_potential_to_core]: 0.04800677299499512 sec
Elapsed time[restore_orbital]: 0.0007784366607666016 sec
Elapsed time[core_diagonalize]: 0.12758517265319824 sec
Elapsed time[restore_orbital]: 0.0019080638885498047 sec
Elapsed time[core_diagonalize]: 0.37083911895751953 sec
Elapsed time[restore_orbital]: 0.0019047260284423828 sec
Elapsed time[core_diagonalize]: 0.3725864887237549 sec
Elapsed time[restore_orbital]: 0.0018544197082519531 sec
Elapsed time[core_diagonalize]: 0.37246179580688477 sec
Elapsed time[restore_orbital]: 0.001880645751953125 sec
Elapsed time[core_diagonalize]: 0.37364912033081055 sec
Elapsed time[restore_orbital]: 0.0018734931945800781 sec
Elapsed time[core_diagonalize]: 0.37158751487731934 sec
Elapsed time[restore_orbital]: 0.0018868446350097656 sec
Elapsed time[core_diagonalize]: 0.3724355697631836 sec
Elapsed time[restore_orbital]: 0.001889944076538086 sec
Elapsed time[core_diagonalize]: 0.3723156452178955 sec
Elapsed time[restore_orbital]: 0.0018742084503173828 sec
Elapsed time[core_diagonalize]: 0.37264084815979004 sec
Elapsed time[restore_orbital]: 0.001878976821899414 sec
Elapsed time[core_diagonalize]: 0.37163376808166504 sec
Elapsed time[restore_orbital]: 0.0018651485443115234 sec
Elapsed time[core_diagonalize]: 0.37228846549987793 sec
Elapsed time[restore_orbital]: 0.0018954277038574219 sec
Elapsed time[core_diagonalize]: 0.37108492851257324 sec
Elapsed time[restore_orbital]: 0.001886606216430664 sec
Elapsed time[core_diagonalize]: 0.37167787551879883 sec
Elapsed time[diagonalize]: 5.189777851104736 sec

[ PRINT EIGENVALUES ]
( spin alpha )
* 1 th kpt (=[0. 0. 0.])
num        occ        value
1          2.0        -0.6261784710622248
2          2.0        -0.306970941219372
3          2.0        -0.30684826219722405
4          2.0        -0.3066215896357529
5          2.0        -0.3064053014732932
6          2.0        -0.30616677084805627
7          2.0        -0.30603553314387466
8          2.0        -0.06907072074844119
9          2.0        -0.06902842007414563
10         2.0        -0.06890840736970033
11         2.0        -0.06888531908346224
12         2.0        -0.0688170199224225
13         2.0        -0.06875813068002089
14         2.0        0.16229514281817814
15         2.0        0.16255759060143654
16         2.0        0.16297748784845872
17         0.0        0.33692775365807454
18         0.0        0.3369775013010708
19         0.0        0.33720747555062375
20         0.0        0.337317405883707


* 2 th kpt (=[0.25 0.   0.  ])
num        occ        value
1          12.0       -0.6052973891449918
2          12.0       -0.4404659687437977
3          12.0       -0.2948062168102422
4          12.0       -0.2945844543295093
5          12.0       -0.29433821466222415
6          12.0       -0.294089762215989
7          12.0       -0.1524704467304993
8          12.0       -0.1055849245187511
9          12.0       -0.10548024686908379
10         12.0       -0.1053976146216384
11         12.0       -0.10531899660837736
12         12.0       -0.048839671004258955
13         12.0       -0.048611773296922574
14         12.0       0.09853989032605968
15         12.0       0.09890204221300784
16         12.0       0.1167367745783045
17         0.0        0.3144308665346054
18         0.0        0.35603299825765095
19         0.0        0.4118351106206314
20         0.0        0.41496299907908


* 3 th kpt (=[0.5 0.  0. ])
num        occ        value
1          6.0        -0.5425732501739136
2          6.0        -0.5423842777040837
3          6.0        -0.2781856632764769
4          6.0        -0.27803459706482864
5          6.0        -0.2776457771825581
6          6.0        -0.2774872163415723
7          6.0        -0.14279481707614683
8          6.0        -0.14273825473241702
9          6.0        -0.14267135765416356
10         6.0        -0.1426327059066381
11         6.0        -0.002026203926443963
12         6.0        -0.0019052714586842165
13         6.0        0.010490951500523225
14         6.0        0.010628649266945267
15         6.0        0.010691298976637509
16         6.0        0.010964276111201056
17         0.0        0.3271035916216434
18         0.0        0.32723997132889565
19         0.0        0.5390599862490127
20         0.0        0.5406968156101105


* 4 th kpt (=[0.25 0.25 0.  ])
num        occ        value
1          12.0       -0.5845679338687699
2          12.0       -0.42213867568673813
3          12.0       -0.4220693936353808
4          12.0       -0.3144724592383502
5          12.0       -0.2694260888372163
6          12.0       -0.17902300159611645
7          12.0       -0.1686539822155519
8          12.0       -0.16861992917348287
9          12.0       -0.09417365042180567
10         12.0       -0.09414350664010682
11         12.0       -0.054828345596753036
12         12.0       -0.05471920734900106
13         12.0       -0.03244288706511906
14         12.0       0.017372401784169263
15         12.0       0.043179998278208925
16         12.0       0.1374687619160872
17         0.0        0.3704305503567558
18         0.0        0.39513177202457195
19         0.0        0.39517236674447864
20         0.0        0.4139038971470051


* 5 th kpt (=[0.5  0.25 0.  ])
num        occ        value
1          24.0       -0.5224399254039668
2          24.0       -0.522249442430168
3          24.0       -0.3707453797820359
4          24.0       -0.37054902069045065
5          24.0       -0.22048989854009504
6          24.0       -0.22026463559676948
7          24.0       -0.1632251885872258
8          24.0       -0.16308789926905815
9          24.0       -0.07625540280780979
10         24.0       -0.0760263108305795
11         24.0       -0.03947785415035926
12         24.0       -0.03934748676382192
13         24.0       -0.037036073025875055
14         24.0       -0.03694964105267966
15         24.0       0.05814679604664521
16         24.0       0.05829211140289396
17         0.0        0.4055295503130399
18         0.0        0.40570214500069224
19         0.0        0.4705494063185137
20         0.0        0.4706736680862749


* 6 th kpt (=[-0.25  0.25  0.  ])
num        occ        value
1          12.0       -0.5845706408952841
2          12.0       -0.4221238859592898
3          12.0       -0.42204337268147035
4          12.0       -0.31466025039832723
5          12.0       -0.269183136894328
6          12.0       -0.17900349741679894
7          12.0       -0.16883214267180144
8          12.0       -0.16879329041040447
9          12.0       -0.09408837177233081
10         12.0       -0.09403895072221223
11         12.0       -0.05475855096395452
12         12.0       -0.054634404907578496
13         12.0       -0.03250487270269066
14         12.0       0.017568132081592008
15         12.0       0.04308812950110919
16         12.0       0.13734554310189379
17         0.0        0.3702710768067479
18         0.0        0.3950324485371854
19         0.0        0.39509579670253897
20         0.0        0.41400287651777673


* 7 th kpt (=[0.5 0.5 0. ])
num        occ        value
1          6.0        -0.4627437647506774
2          6.0        -0.46253504753232777
3          6.0        -0.4625168382948225
4          6.0        -0.4623706339216511
5          6.0        -0.15742678055946582
6          6.0        -0.15738328569931648
7          6.0        -0.15718778204556114
8          6.0        -0.1571584252912188
9          6.0        -0.11707241067346685
10         6.0        -0.11700830123490362
11         6.0        -0.11690524839557026
12         6.0        -0.11684883474510242
13         6.0        0.05405756982904722
14         6.0        0.054127300382603334
15         6.0        0.05418445039648067
16         6.0        0.05428307555854535
17         0.0        0.45364302850265964
18         0.0        0.4537483299509943
19         0.0        0.45383790900525905
20         0.0        0.45394937997004003


* 8 th kpt (=[0.25 0.25 0.25])
num        occ        value
1          4.0        -0.5640198868014349
2          4.0        -0.4057342023245443
3          4.0        -0.4055518471336764
4          4.0        -0.4054305601996239
5          4.0        -0.23362698287419564
6          4.0        -0.23346859519098323
7          4.0        -0.2330679858589539
8          4.0        -0.08481630362839475
9          4.0        -0.08460584402701983
10         4.0        -0.08446481938651605
11         4.0        -0.07833425029021177
12         4.0        -0.015036031436491943
13         4.0        -0.014890723413273733
14         4.0        -0.01477242571396823
15         4.0        0.10023004649092561
16         4.0        0.10067047624807962
17         0.0        0.38558371332734787
18         0.0        0.38580277519021544
19         0.0        0.38597439086518226
20         0.0        0.4519273666132768


* 9 th kpt (=[0.5  0.25 0.25])
num        occ        value
1          12.0       -0.5026908742282823
2          12.0       -0.5024981865260606
3          12.0       -0.37760063000066857
4          12.0       -0.37731416769443243
5          12.0       -0.29172485720815006
6          12.0       -0.2914603454920982
7          12.0       -0.17163542346000685
8          12.0       -0.17130094269494023
9          12.0       -0.06883868104070902
10         12.0       -0.06853221682078793
11         12.0       -0.008263333212800518
12         12.0       -0.00814214478449124
13         12.0       0.034750456458376947
14         12.0       0.03487197270568736
15         12.0       0.04625934924727217
16         12.0       0.04657952194487235
17         0.0        0.4209279910505098
18         0.0        0.42116660591619903
19         0.0        0.4687980563912046
20         0.0        0.4689034826904885


* 10 th kpt (=[-0.25  0.25  0.25])
num        occ        value
1          12.0       -0.564032827485286
2          12.0       -0.4056170285991426
3          12.0       -0.4055438637031887
4          12.0       -0.4054148407828432
5          12.0       -0.2337277550930515
6          12.0       -0.23357787906060837
7          12.0       -0.23349726842903076
8          12.0       -0.08443673890658154
9          12.0       -0.08434705382338406
10         12.0       -0.08418264984419477
11         12.0       -0.07811590964341662
12         12.0       -0.015077863183434384
13         12.0       -0.015027914922961282
14         12.0       -0.014899373538866226
15         12.0       0.10024818125188566
16         12.0       0.10047210089402994
17         0.0        0.3854370876048455
18         0.0        0.3854940822441615
19         0.0        0.38554229632243786
20         0.0        0.45190696930362984


* 11 th kpt (=[0.5  0.5  0.25])
num        occ        value
1          12.0       -0.44540711196474525
2          12.0       -0.445185830789755
3          12.0       -0.44515095117572234
4          12.0       -0.44499781231178703
5          12.0       -0.2616229831381021
6          12.0       -0.2614318563838727
7          12.0       -0.2613924100060778
8          12.0       -0.26106647565071167
9          12.0       -0.004879468837084204
10         12.0       -0.0047044715544695605
11         12.0       -0.004652772631467369
12         12.0       -0.004407265018270193
13         12.0       0.057439514123529836
14         12.0       0.05753581036036991
15         12.0       0.057600236858166676
16         12.0       0.05768684268782466
17         0.0        0.4650232143399561
18         0.0        0.4653022776217797
19         0.0        0.46531934460805296
20         0.0        0.46567292136166805


* 12 th kpt (=[-0.25  0.5   0.25])
num        occ        value
1          12.0       -0.5026761303817617
2          12.0       -0.5025017847580093
3          12.0       -0.3776060105052488
4          12.0       -0.377378679105221
5          12.0       -0.2917205777954409
6          12.0       -0.29134372599823644
7          12.0       -0.1716662097356367
8          12.0       -0.1713133169798391
9          12.0       -0.06877537103097854
10         12.0       -0.0687372749756782
11         12.0       -0.008248397877714789
12         12.0       -0.008073778146357822
13         12.0       0.034707516005025384
14         12.0       0.03494963369939656
15         12.0       0.04622747236011128
16         12.0       0.04660672203523947
17         0.0        0.4209638592077939
18         0.0        0.42127112580196535
19         0.0        0.4688351580806588
20         0.0        0.4689851540361624


* 13 th kpt (=[0.5 0.5 0.5])
num        occ        value
1          2.0        -0.41535447086019617
2          2.0        -0.4150364957591172
3          2.0        -0.41493746559618677
4          2.0        -0.41471871351620376
5          2.0        -0.3287688771027749
6          2.0        -0.3285281513930603
7          2.0        -0.3284215026875536
8          2.0        -0.3279470221700737
9          2.0        0.06119876550870664
10         2.0        0.06131970094294335
11         2.0        0.061385894237612676
12         2.0        0.06146845901190773
13         2.0        0.06160245160991384
14         2.0        0.06162818040586265
15         2.0        0.061741536677810537
16         2.0        0.06191772460766519
17         0.0        0.47596329593220915
18         0.0        0.4761693194555022
19         0.0        0.47651344290815695
20         0.0        0.47716431239443596


/home/jhwoo/programs/tucy/tucy/Tucy.py:113: UserWarning: Exited at iteration 20 with accuracies 
[1.68425906e-07 1.14198943e-06 1.80892176e-06 8.50219426e-07
 8.28149776e-07 1.27091637e-06 8.71439666e-07 2.11719016e-06
 2.49570968e-06 2.31214874e-06 1.73507917e-06 9.05033677e-07
 1.36541942e-06 8.33313350e-06 8.98740817e-06 4.90194839e-06
 1.30728689e-03 9.41023191e-04 2.82487433e-03 2.91261718e-03]
not reaching the requested tolerance 1e-07.
  val, vec = scipy.sparse.linalg.lobpcg(**solve_options)
/home/jhwoo/programs/tucy/tucy/Tucy.py:113: UserWarning: Exited at iteration 20 with accuracies 
[1.99817665e-07+0.j 3.89409602e-07+0.j 1.55376112e-06+0.j
 1.37223584e-06+0.j 1.69880132e-06+0.j 1.25467290e-06+0.j
 1.43066265e-06+0.j 5.34481261e-06+0.j 4.53285102e-06+0.j
 4.03072850e-06+0.j 5.52039848e-06+0.j 2.46965092e-06+0.j
 1.74280796e-06+0.j 3.44791116e-06+0.j 5.77030765e-06+0.j
 2.69193065e-06+0.j 3.60725518e-05+0.j 1.45142690e-04+0.j
 1.22341529e-02+0.j 2.03627486e-03+0.j]
not reaching the requested tolerance 1e-07.
  val, vec = scipy.sparse.linalg.lobpcg(**solve_options)
/home/jhwoo/programs/tucy/tucy/Tucy.py:113: UserWarning: Exited at iteration 20 with accuracies 
[3.01520938e-07+0.j 3.18805500e-07+0.j 5.69962491e-07+0.j
 6.80976025e-07+0.j 6.89608531e-07+0.j 5.17969939e-07+0.j
 3.95720225e-06+0.j 3.99406396e-06+0.j 4.34504380e-06+0.j
 3.90636767e-06+0.j 1.48280864e-06+0.j 1.54894768e-06+0.j
 1.53521605e-06+0.j 2.25435201e-06+0.j 1.71126074e-06+0.j
 1.33879850e-06+0.j 1.22515822e-05+0.j 9.94358648e-06+0.j
 8.51330371e-03+0.j 1.56361526e-02+0.j]
not reaching the requested tolerance 1e-07.
  val, vec = scipy.sparse.linalg.lobpcg(**solve_options)
/home/jhwoo/programs/tucy/tucy/Tucy.py:113: UserWarning: Exited at iteration 20 with accuracies 
[6.18964225e-07+0.j 5.78521132e-07+0.j 4.01763950e-07+0.j
 3.30257764e-07+0.j 9.90643783e-07+0.j 2.59772574e-06+0.j
 9.60396446e-07+0.j 9.84485478e-07+0.j 2.25230487e-06+0.j
 1.56275089e-06+0.j 6.26994915e-06+0.j 6.00277287e-06+0.j
 1.41741692e-06+0.j 3.42567077e-06+0.j 5.88371332e-06+0.j
 2.14223602e-06+0.j 6.23396720e-05+0.j 3.03957521e-04+0.j
 1.65970978e-04+0.j 5.97203557e-04+0.j]
not reaching the requested tolerance 1e-07.
  val, vec = scipy.sparse.linalg.lobpcg(**solve_options)
/home/jhwoo/programs/tucy/tucy/Tucy.py:113: UserWarning: Exited at iteration 20 with accuracies 
[5.47520450e-07+0.j 4.16139826e-07+0.j 8.04491896e-07+0.j
 6.28238638e-07+0.j 1.22097891e-06+0.j 1.22293172e-06+0.j
 3.09388773e-06+0.j 2.80863659e-06+0.j 2.35457486e-06+0.j
 2.28123138e-06+0.j 2.37963312e-06+0.j 2.19442814e-06+0.j
 2.83933640e-06+0.j 3.18334874e-06+0.j 3.93591232e-06+0.j
 4.30458011e-06+0.j 6.05346376e-05+0.j 8.48480180e-05+0.j
 7.70161777e-04+0.j 5.15187549e-04+0.j]
not reaching the requested tolerance 1e-07.
  val, vec = scipy.sparse.linalg.lobpcg(**solve_options)
/home/jhwoo/programs/tucy/tucy/Tucy.py:113: UserWarning: Exited at iteration 20 with accuracies 
[4.80517191e-07+0.j 4.50178438e-07+0.j 5.16759479e-07+0.j
 5.06870076e-07+0.j 1.05036322e-06+0.j 2.61652020e-06+0.j
 9.77488579e-07+0.j 6.81105627e-07+0.j 1.92024693e-06+0.j
 1.27171612e-06+0.j 5.52256451e-06+0.j 6.09316145e-06+0.j
 1.28208465e-06+0.j 3.81692458e-06+0.j 3.73090517e-06+0.j
 2.10417765e-06+0.j 8.78027111e-05+0.j 4.32182415e-04+0.j
 3.47850682e-04+0.j 1.00052791e-03+0.j]
not reaching the requested tolerance 1e-07.
  val, vec = scipy.sparse.linalg.lobpcg(**solve_options)
/home/jhwoo/programs/tucy/tucy/Tucy.py:113: UserWarning: Exited at iteration 20 with accuracies 
[7.52263227e-07+0.j 7.15809649e-07+0.j 6.86262513e-07+0.j
 6.52539006e-07+0.j 1.66566545e-06+0.j 1.56104866e-06+0.j
 1.61336592e-06+0.j 1.53222348e-06+0.j 3.65194202e-06+0.j
 3.11502952e-06+0.j 3.19228905e-06+0.j 3.17369544e-06+0.j
 3.27591138e-06+0.j 2.90008750e-06+0.j 1.99928816e-06+0.j
 1.82018116e-06+0.j 3.15866453e-04+0.j 2.92390590e-04+0.j
 3.36661914e-04+0.j 3.36907005e-04+0.j]
not reaching the requested tolerance 1e-07.
  val, vec = scipy.sparse.linalg.lobpcg(**solve_options)
/home/jhwoo/programs/tucy/tucy/Tucy.py:113: UserWarning: Exited at iteration 20 with accuracies 
[6.11085817e-07+0.j 5.50181966e-07+0.j 4.61602405e-07+0.j
 5.93087004e-07+0.j 1.31202104e-06+0.j 1.14903094e-06+0.j
 1.20816669e-06+0.j 2.36032727e-06+0.j 2.37096265e-06+0.j
 2.41754613e-06+0.j 2.91164618e-06+0.j 3.04684411e-06+0.j
 2.06984027e-06+0.j 2.03508783e-06+0.j 2.76791534e-06+0.j
 2.54510890e-06+0.j 8.35288289e-05+0.j 9.63685770e-05+0.j
 6.54431603e-05+0.j 7.06906243e-03+0.j]
not reaching the requested tolerance 1e-07.
  val, vec = scipy.sparse.linalg.lobpcg(**solve_options)
/home/jhwoo/programs/tucy/tucy/Tucy.py:113: UserWarning: Exited at iteration 20 with accuracies 
[5.12102544e-07+0.j 4.74403505e-07+0.j 4.00279993e-07+0.j
 4.08158266e-07+0.j 1.57545497e-06+0.j 1.90451004e-06+0.j
 1.75412450e-06+0.j 1.48554496e-06+0.j 2.45520687e-06+0.j
 2.63776994e-06+0.j 2.61256646e-06+0.j 2.17830920e-06+0.j
 3.47138356e-06+0.j 3.52550503e-06+0.j 3.41631832e-06+0.j
 4.15967267e-06+0.j 1.58518721e-04+0.j 1.20974837e-04+0.j
 1.70318570e-03+0.j 6.27582991e-04+0.j]
not reaching the requested tolerance 1e-07.
  val, vec = scipy.sparse.linalg.lobpcg(**solve_options)
/home/jhwoo/programs/tucy/tucy/Tucy.py:113: UserWarning: Exited at iteration 20 with accuracies 
[6.51245892e-07+0.j 6.29805511e-07+0.j 4.99231398e-07+0.j
 5.56570034e-07+0.j 1.26446255e-06+0.j 1.18476156e-06+0.j
 1.30818520e-06+0.j 2.83793046e-06+0.j 2.37255305e-06+0.j
 2.36681205e-06+0.j 3.13287362e-06+0.j 2.12790422e-06+0.j
 2.92151071e-06+0.j 2.08524606e-06+0.j 2.88179350e-06+0.j
 2.34587834e-06+0.j 7.15612835e-05+0.j 1.12092384e-04+0.j
 8.25830547e-05+0.j 1.02387306e-02+0.j]
not reaching the requested tolerance 1e-07.
  val, vec = scipy.sparse.linalg.lobpcg(**solve_options)
/home/jhwoo/programs/tucy/tucy/Tucy.py:113: UserWarning: Exited at iteration 20 with accuracies 
[7.21073849e-07+0.j 6.76544783e-07+0.j 7.53747312e-07+0.j
 5.76155492e-07+0.j 1.11382001e-06+0.j 1.40318703e-06+0.j
 1.66700774e-06+0.j 1.69747400e-06+0.j 3.42410702e-06+0.j
 3.30773085e-06+0.j 3.49174258e-06+0.j 3.34443182e-06+0.j
 2.75048977e-06+0.j 3.34735081e-06+0.j 2.54967944e-06+0.j
 3.05133480e-06+0.j 1.83950121e-03+0.j 3.49273850e-03+0.j
 3.17051111e-03+0.j 4.66990621e-03+0.j]
not reaching the requested tolerance 1e-07.
  val, vec = scipy.sparse.linalg.lobpcg(**solve_options)
/home/jhwoo/programs/tucy/tucy/Tucy.py:113: UserWarning: Exited at iteration 20 with accuracies 
[5.30543996e-07+0.j 5.60892440e-07+0.j 4.82053040e-07+0.j
 4.55532487e-07+0.j 1.75238331e-06+0.j 1.71562612e-06+0.j
 1.71081300e-06+0.j 1.91940564e-06+0.j 2.55280525e-06+0.j
 2.74656222e-06+0.j 2.67676925e-06+0.j 2.27099414e-06+0.j
 3.83544606e-06+0.j 2.75733474e-06+0.j 4.40717138e-06+0.j
 3.54500213e-06+0.j 1.44920477e-04+0.j 1.57655685e-04+0.j
 1.07599754e-03+0.j 1.89854274e-03+0.j]
not reaching the requested tolerance 1e-07.
  val, vec = scipy.sparse.linalg.lobpcg(**solve_options)
/home/jhwoo/programs/tucy/tucy/Tucy.py:113: UserWarning: Exited at iteration 20 with accuracies 
[4.18789505e-07+0.j 3.70186688e-07+0.j 4.07980597e-07+0.j
 3.81773568e-07+0.j 1.09517468e-06+0.j 1.07210988e-06+0.j
 1.15214211e-06+0.j 9.79588246e-07+0.j 1.67092926e-06+0.j
 2.58758029e-06+0.j 2.11981874e-06+0.j 1.70030578e-06+0.j
 1.81087240e-06+0.j 1.12940760e-06+0.j 1.69759757e-06+0.j
 1.34470764e-06+0.j 7.63729040e-03+0.j 1.01150608e-02+0.j
 1.16799520e-02+0.j 1.81811549e-02+0.j]
not reaching the requested tolerance 1e-07.
  val, vec = scipy.sparse.linalg.lobpcg(**solve_options)
Integral of density (=32.00000000000003) is normalized to 32.0
Orbital energy difference = 0.6983951922322085
Density difference (relative) = 0.008774569652982834
Elapsed time[calc_external_energy]: 2.86102294921875e-05 sec
Elapsed time[calc_nonlocal_energy]: 0.2462911605834961 sec

============ Energy (Hartree) ============
|   Total Energy        : -45.5137091856 |
------------------------------------------
| * Ion-ion Energy      : 0.0            |
| * Eigenvals sum for 0 : -5.3326147598  |
| * Hartree Energy      : 2.0465256724   |
| * XC Energy           : -14.2165690382 |
| * Kinetic Energy      : 33.2891285695  |
| * External Energy     : -67.8066919814 |
| * Non-local Energy    : 1.1738975921   |
==========================================
Elapsed time[calc_and_print_energies]: 0.3419015407562256 sec
Total energy difference = -0.5897132138754131 Hartree
Elapsed time for 4 th cycle: 5.548509120941162 sec

==================== [ END CYCLE 4 ] ====================
Elapsed time[_get_mixed_var]: 0.0002086162567138672 sec
Elapsed time[compute_potential]: 0.003969669342041016 sec
Elapsed time[compute]: 0.010659933090209961 sec

==================== [ SCF CYCLE 5 ] ====================
==== Tucker Diagonalization ====
Elapsed time[project_local_potential_to_core]: 0.019284963607788086 sec
Elapsed time[project_local_potential_to_core]: 0.05200982093811035 sec
Elapsed time[project_local_potential_to_core]: 0.05159282684326172 sec
Elapsed time[project_local_potential_to_core]: 0.051670074462890625 sec
Elapsed time[project_local_potential_to_core]: 0.0514683723449707 sec
Elapsed time[project_local_potential_to_core]: 0.05142569541931152 sec
Elapsed time[project_local_potential_to_core]: 0.0514986515045166 sec
Elapsed time[project_local_potential_to_core]: 0.051305294036865234 sec
Elapsed time[project_local_potential_to_core]: 0.05140423774719238 sec
Elapsed time[project_local_potential_to_core]: 0.05145430564880371 sec
Elapsed time[project_local_potential_to_core]: 0.05123758316040039 sec
Elapsed time[project_local_potential_to_core]: 0.05205941200256348 sec
Elapsed time[project_local_potential_to_core]: 0.05164837837219238 sec
Elapsed time[restore_orbital]: 0.0008854866027832031 sec
Elapsed time[core_diagonalize]: 0.12836337089538574 sec
Elapsed time[restore_orbital]: 0.0019114017486572266 sec
Elapsed time[core_diagonalize]: 0.37174296379089355 sec
Elapsed time[restore_orbital]: 0.0018620491027832031 sec
Elapsed time[core_diagonalize]: 0.3717210292816162 sec
Elapsed time[restore_orbital]: 0.0019106864929199219 sec
Elapsed time[core_diagonalize]: 0.3713676929473877 sec
Elapsed time[restore_orbital]: 0.0019118785858154297 sec
Elapsed time[core_diagonalize]: 0.3716416358947754 sec
Elapsed time[restore_orbital]: 0.0018584728240966797 sec
Elapsed time[core_diagonalize]: 0.372753381729126 sec
Elapsed time[restore_orbital]: 0.0018513202667236328 sec
Elapsed time[core_diagonalize]: 0.3721885681152344 sec
Elapsed time[restore_orbital]: 0.0018563270568847656 sec
Elapsed time[core_diagonalize]: 0.3714938163757324 sec
Elapsed time[restore_orbital]: 0.001878976821899414 sec
Elapsed time[core_diagonalize]: 0.37131810188293457 sec
Elapsed time[restore_orbital]: 0.001870870590209961 sec
Elapsed time[core_diagonalize]: 0.3719141483306885 sec
Elapsed time[restore_orbital]: 0.001882791519165039 sec
Elapsed time[core_diagonalize]: 0.37197375297546387 sec
Elapsed time[restore_orbital]: 0.0018603801727294922 sec
Elapsed time[core_diagonalize]: 0.37251710891723633 sec
Elapsed time[restore_orbital]: 0.0019147396087646484 sec
Elapsed time[core_diagonalize]: 0.37209606170654297 sec
Elapsed time[diagonalize]: 5.23003625869751 sec

[ PRINT EIGENVALUES ]
( spin alpha )
* 1 th kpt (=[0. 0. 0.])
num        occ        value
1          2.0        -0.6259484403213957
2          2.0        -0.30690013436178404
3          2.0        -0.30677670447689703
4          2.0        -0.3065384447244135
5          2.0        -0.30633904537766776
6          2.0        -0.30610606019319037
7          2.0        -0.305939653725883
8          2.0        -0.06913738357935954
9          2.0        -0.06909467353547616
10         2.0        -0.06896479959865022
11         2.0        -0.0689242452956724
12         2.0        -0.06884549543464835
13         2.0        -0.06877281233325011
14         2.0        0.1622023466649751
15         2.0        0.1624536010501376
16         2.0        0.16285570116420597
17         0.0        0.33753152091887545
18         0.0        0.3375732405483704
19         0.0        0.3377669103334525
20         0.0        0.3378577657963106


* 2 th kpt (=[0.25 0.   0.  ])
num        occ        value
1          12.0       -0.605079046533222
2          12.0       -0.44032209722230636
3          12.0       -0.2947679610688191
4          12.0       -0.29452002984257436
5          12.0       -0.2943141091967695
6          12.0       -0.29402876839979614
7          12.0       -0.15248112529387914
8          12.0       -0.10553330614651918
9          12.0       -0.10541629727912004
10         12.0       -0.10534377621680655
11         12.0       -0.10524917518625317
12         12.0       -0.04889050600955438
13         12.0       -0.048665496102405774
14         12.0       0.09845918275263353
15         12.0       0.09880759339748815
16         12.0       0.11664113037054719
17         0.0        0.31487616494362186
18         0.0        0.3560382543489444
19         0.0        0.41087658274916206
20         0.0        0.41541112787673556


* 3 th kpt (=[0.5 0.  0. ])
num        occ        value
1          6.0        -0.542429482947789
2          6.0        -0.5421455847455569
3          6.0        -0.2782060042025151
4          6.0        -0.278005578705082
5          6.0        -0.27768512968053033
6          6.0        -0.27746295275504546
7          6.0        -0.14263850851322207
8          6.0        -0.14257157991800473
9          6.0        -0.14251252999471553
10         6.0        -0.1424785549079494
11         6.0        -0.002127207796587235
12         6.0        -0.0019445009615895912
13         6.0        0.010394606998638289
14         6.0        0.010562952330672906
15         6.0        0.010602462901279596
16         6.0        0.010950182334708075
17         0.0        0.3273154116623955
18         0.0        0.3275183415134995
19         0.0        0.5393848392117143
20         0.0        0.5397823113564224


* 4 th kpt (=[0.25 0.25 0.  ])
num        occ        value
1          12.0       -0.5843615104788816
2          12.0       -0.42203072131374664
3          12.0       -0.42192378382682116
4          12.0       -0.31447015002039724
5          12.0       -0.2693694893888508
6          12.0       -0.1788202987818284
7          12.0       -0.16869764104538063
8          12.0       -0.16863768921377822
9          12.0       -0.09413115995449763
10         12.0       -0.09409439660082897
11         12.0       -0.05482780428219619
12         12.0       -0.05466166786159994
13         12.0       -0.03250091653184183
14         12.0       0.01732384128608112
15         12.0       0.04314779759526873
16         12.0       0.13735076637669014
17         0.0        0.3709447608854572
18         0.0        0.3954326633981104
19         0.0        0.39548879903424733
20         0.0        0.41376315794492335


* 5 th kpt (=[0.5  0.25 0.  ])
num        occ        value
1          24.0       -0.5223095425329105
2          24.0       -0.5220244898764108
3          24.0       -0.3707150027695102
4          24.0       -0.3704346816545109
5          24.0       -0.22047016793110552
6          24.0       -0.22025091447455664
7          24.0       -0.1630826515071741
8          24.0       -0.16291516031295628
9          24.0       -0.0762862929428729
10         24.0       -0.07605681300790453
11         24.0       -0.03947006791750774
12         24.0       -0.03932099887161568
13         24.0       -0.03703958029577005
14         24.0       -0.03692674444997177
15         24.0       0.05807082889899106
16         24.0       0.05821034459514836
17         0.0        0.40561408660906073
18         0.0        0.40582557832225047
19         0.0        0.47092584570185403
20         0.0        0.47105451059335335


* 6 th kpt (=[-0.25  0.25  0.  ])
num        occ        value
1          12.0       -0.5843639654272249
2          12.0       -0.422015604877592
3          12.0       -0.421900795969251
4          12.0       -0.3146507143640984
5          12.0       -0.2691317472557363
6          12.0       -0.17880679817342524
7          12.0       -0.16887136845805684
8          12.0       -0.16880221424528877
9          12.0       -0.09405348430213724
10         12.0       -0.09398018152829912
11         12.0       -0.05476013285276326
12         12.0       -0.05458758520966208
13         12.0       -0.03256171381976966
14         12.0       0.017513972624578523
15         12.0       0.04305666280006792
16         12.0       0.13723315939369482
17         0.0        0.3707973628676935
18         0.0        0.3953170316831249
19         0.0        0.39542591739383887
20         0.0        0.4138413940759414


* 7 th kpt (=[0.5 0.5 0. ])
num        occ        value
1          6.0        -0.4627083412848653
2          6.0        -0.46238488901637
3          6.0        -0.4623634709537474
4          6.0        -0.4621419971849783
5          6.0        -0.15743009328756336
6          6.0        -0.15736067148398533
7          6.0        -0.15718985664101454
8          6.0        -0.1571374455020873
9          6.0        -0.11700291058998985
10         6.0        -0.11690356604513472
11         6.0        -0.11680189653720417
12         6.0        -0.11671300312317606
13         6.0        0.053929803732986226
14         6.0        0.054002735994572316
15         6.0        0.05411705699782215
16         6.0        0.05422660111470093
17         0.0        0.45386123238225784
18         0.0        0.45401940147788167
19         0.0        0.45405991536481066
20         0.0        0.45420109379271134


* 8 th kpt (=[0.25 0.25 0.25])
num        occ        value
1          4.0        -0.563824850943694
2          4.0        -0.4056843091393038
3          4.0        -0.40543051383356526
4          4.0        -0.4052958216164869
5          4.0        -0.23353478823810073
6          4.0        -0.23337355544615013
7          4.0        -0.2329931167172695
8          4.0        -0.08485751308675615
9          4.0        -0.08453623205064192
10         4.0        -0.08437839036386469
11         4.0        -0.07830313804859663
12         4.0        -0.01511015600499153
13         4.0        -0.014967014076852676
14         4.0        -0.014811764779230682
15         4.0        0.10013816878162639
16         4.0        0.10055698086970453
17         0.0        0.38602278129957407
18         0.0        0.3862094497115702
19         0.0        0.38637326563893576
20         0.0        0.4516415303776774


* 9 th kpt (=[0.5  0.25 0.25])
num        occ        value
1          12.0       -0.5025716770006868
2          12.0       -0.5022887242326747
3          12.0       -0.37761804092848616
4          12.0       -0.3772405327692604
5          12.0       -0.29153132238451057
6          12.0       -0.29124264847063375
7          12.0       -0.17158471405354894
8          12.0       -0.17120948729394098
9          12.0       -0.0689134270666468
10         12.0       -0.06847956216336547
11         12.0       -0.008279527680841215
12         12.0       -0.008162152852654713
13         12.0       0.03464994229125399
14         12.0       0.03482050885539124
15         12.0       0.04618536853280909
16         12.0       0.046498465525685116
17         0.0        0.4210792004537154
18         0.0        0.42130616052845127
19         0.0        0.46911517441558365
20         0.0        0.46924527896320706


* 10 th kpt (=[-0.25  0.25  0.25])
num        occ        value
1          12.0       -0.563836832958143
2          12.0       -0.40555704523651853
3          12.0       -0.40543849827353523
4          12.0       -0.4052825291151154
5          12.0       -0.23362953070053225
6          12.0       -0.23347941324186006
7          12.0       -0.23340143424354134
8          12.0       -0.08446148679931184
9          12.0       -0.08431882731119604
10         12.0       -0.08410525048200286
11         12.0       -0.07809218776312397
12         12.0       -0.015156708154016797
13         12.0       -0.015090825700632606
14         12.0       -0.014943460016744393
15         12.0       0.10015211312107426
16         12.0       0.10036753940597316
17         0.0        0.3858672197953481
18         0.0        0.385933623177476
19         0.0        0.3859667932504907
20         0.0        0.45163763511247723


* 11 th kpt (=[0.5  0.5  0.25])
num        occ        value
1          12.0       -0.44538856974279617
2          12.0       -0.44505677614441014
3          12.0       -0.44502103383393204
4          12.0       -0.444801378781047
5          12.0       -0.26153206434452575
6          12.0       -0.26128211378452093
7          12.0       -0.2612321523286786
8          12.0       -0.26089315170214167
9          12.0       -0.004979832568689682
10         12.0       -0.004737533204796455
11         12.0       -0.0046856059710658335
12         12.0       -0.004401264646288177
13         12.0       0.057311148816335825
14         12.0       0.05740506900891151
15         12.0       0.057523799185316374
16         12.0       0.057622754473164235
17         0.0        0.4651437680907835
18         0.0        0.4653962664603281
19         0.0        0.465422625197155
20         0.0        0.46556221106895074


* 12 th kpt (=[-0.25  0.5   0.25])
num        occ        value
1          12.0       -0.5025601325007221
2          12.0       -0.5022895746076372
3          12.0       -0.37756531598319604
4          12.0       -0.37735450629888306
5          12.0       -0.2915120212940356
6          12.0       -0.291157884721585
7          12.0       -0.17160256104764143
8          12.0       -0.17122955948675467
9          12.0       -0.06877489064095876
10         12.0       -0.06874698855328013
11         12.0       -0.00826643724473422
12         12.0       -0.008101030166754505
13         12.0       0.03456389915402794
14         12.0       0.03493440417891576
15         12.0       0.04616218101302308
16         12.0       0.04652821658161221
17         0.0        0.421068073163418
18         0.0        0.4214266539848437
19         0.0        0.4691890740119345
20         0.0        0.4692953825783371


* 13 th kpt (=[0.5 0.5 0.5])
num        occ        value
1          2.0        -0.4153549800172285
2          2.0        -0.41499060500708074
3          2.0        -0.41487636966038566
4          2.0        -0.41462848462691837
5          2.0        -0.32853100131197643
6          2.0        -0.32826845269083843
7          2.0        -0.32818684740649395
8          2.0        -0.3277245635504715
9          2.0        0.06102521299258819
10         2.0        0.06120761908987476
11         2.0        0.061271147680842374
12         2.0        0.06141221424225182
13         2.0        0.061452114296459165
14         2.0        0.061543760470507365
15         2.0        0.06163458511791825
16         2.0        0.06186389937058695
17         0.0        0.4758734319882391
18         0.0        0.47603835196891553
19         0.0        0.47620757972322847
20         0.0        0.47641284935344413


/home/jhwoo/programs/tucy/tucy/Tucy.py:113: UserWarning: Exited at iteration 20 with accuracies 
[7.58349560e-08 4.00780233e-07 2.77615294e-07 6.28297958e-07
 4.73214420e-07 3.77755993e-07 3.20660853e-07 1.99595235e-06
 1.00035287e-06 9.93478266e-07 2.34285827e-06 9.05238928e-07
 1.24759642e-06 2.62279458e-06 7.74482591e-06 3.05206826e-06
 8.53114582e-04 4.48740841e-04 1.67424785e-03 2.91276128e-03]
not reaching the requested tolerance 1e-07.
  val, vec = scipy.sparse.linalg.lobpcg(**solve_options)
/home/jhwoo/programs/tucy/tucy/Tucy.py:113: UserWarning: Exited at iteration 20 with accuracies 
[6.59997397e-08+0.j 1.83869509e-07+0.j 4.82167222e-07+0.j
 4.37926036e-07+0.j 4.67611520e-07+0.j 3.64542383e-07+0.j
 1.01657407e-06+0.j 9.89751100e-07+0.j 1.23793360e-06+0.j
 1.17444933e-06+0.j 1.30992315e-06+0.j 2.35523929e-06+0.j
 1.55114676e-06+0.j 2.98761427e-06+0.j 3.71903094e-06+0.j
 2.52115954e-06+0.j 1.51843241e-05+0.j 4.93700603e-05+0.j
 1.31708238e-02+0.j 4.13354166e-03+0.j]
not reaching the requested tolerance 1e-07.
  val, vec = scipy.sparse.linalg.lobpcg(**solve_options)
/home/jhwoo/programs/tucy/tucy/Tucy.py:113: UserWarning: Exited at iteration 20 with accuracies 
[9.28017790e-08+0.j 9.94967380e-08+0.j 2.91377236e-07+0.j
 3.54037867e-07+0.j 3.35561249e-07+0.j 3.70993279e-07+0.j
 7.42344565e-07+0.j 9.79746861e-07+0.j 9.07928171e-07+0.j
 9.70120546e-07+0.j 9.02164987e-07+0.j 1.72130538e-06+0.j
 1.40123955e-06+0.j 1.24031033e-06+0.j 9.87358511e-07+0.j
 1.13602612e-06+0.j 9.45252192e-06+0.j 9.07356605e-06+0.j
 3.15990196e-03+0.j 6.32452890e-03+0.j]
not reaching the requested tolerance 1e-07.
  val, vec = scipy.sparse.linalg.lobpcg(**solve_options)
/home/jhwoo/programs/tucy/tucy/Tucy.py:113: UserWarning: Exited at iteration 20 with accuracies 
[1.20530269e-07+0.j 2.75099649e-07+0.j 1.29720982e-07+0.j
 2.31692159e-07+0.j 6.17268042e-07+0.j 9.22125255e-07+0.j
 6.40679359e-07+0.j 5.93849774e-07+0.j 1.41704543e-06+0.j
 6.53605690e-07+0.j 1.82657482e-06+0.j 1.55945743e-06+0.j
 6.67757146e-07+0.j 1.49401871e-06+0.j 1.87952361e-06+0.j
 1.51283514e-06+0.j 5.28253663e-05+0.j 9.29970296e-05+0.j
 7.80696960e-05+0.j 1.12173996e-04+0.j]
not reaching the requested tolerance 1e-07.
  val, vec = scipy.sparse.linalg.lobpcg(**solve_options)
/home/jhwoo/programs/tucy/tucy/Tucy.py:113: UserWarning: Exited at iteration 20 with accuracies 
[1.24851486e-07+0.j 1.34909869e-07+0.j 2.71915452e-07+0.j
 2.80598885e-07+0.j 4.42187321e-07+0.j 4.60078430e-07+0.j
 6.46581148e-07+0.j 7.50308399e-07+0.j 9.56985508e-07+0.j
 1.02679820e-06+0.j 1.15136191e-06+0.j 1.19080848e-06+0.j
 1.08093704e-06+0.j 1.04771429e-06+0.j 1.73148973e-06+0.j
 1.77885391e-06+0.j 2.46277554e-05+0.j 2.84831903e-05+0.j
 1.38951618e-04+0.j 1.13878073e-04+0.j]
not reaching the requested tolerance 1e-07.
  val, vec = scipy.sparse.linalg.lobpcg(**solve_options)
/home/jhwoo/programs/tucy/tucy/Tucy.py:113: UserWarning: Exited at iteration 20 with accuracies 
[1.27683418e-07+0.j 1.88492031e-07+0.j 2.03099235e-07+0.j
 3.00872973e-07+0.j 4.92021385e-07+0.j 4.28575385e-07+0.j
 4.84040183e-07+0.j 6.40560986e-07+0.j 9.08715598e-07+0.j
 1.05615796e-06+0.j 1.85446333e-06+0.j 1.75950734e-06+0.j
 1.16680582e-06+0.j 1.57288399e-06+0.j 2.12499979e-06+0.j
 1.65947590e-06+0.j 5.35346573e-05+0.j 8.60588755e-05+0.j
 7.15673647e-05+0.j 1.57121352e-04+0.j]
not reaching the requested tolerance 1e-07.
  val, vec = scipy.sparse.linalg.lobpcg(**solve_options)
/home/jhwoo/programs/tucy/tucy/Tucy.py:113: UserWarning: Exited at iteration 20 with accuracies 
[1.22839837e-07+0.j 2.17244869e-07+0.j 1.73340915e-07+0.j
 1.82672534e-07+0.j 4.89178138e-07+0.j 4.97768847e-07+0.j
 4.68338762e-07+0.j 3.98427151e-07+0.j 8.88172436e-07+0.j
 8.32197211e-07+0.j 9.02657637e-07+0.j 7.92928051e-07+0.j
 1.99990785e-06+0.j 1.60911354e-06+0.j 1.84232227e-06+0.j
 1.57521698e-06+0.j 4.95601233e-05+0.j 3.45803094e-05+0.j
 4.86427655e-05+0.j 4.62470452e-05+0.j]
not reaching the requested tolerance 1e-07.
  val, vec = scipy.sparse.linalg.lobpcg(**solve_options)
/home/jhwoo/programs/tucy/tucy/Tucy.py:113: UserWarning: Exited at iteration 20 with accuracies 
[1.10495335e-07+0.j 2.46597794e-07+0.j 1.72971689e-07+0.j
 2.05493556e-07+0.j 4.56138591e-07+0.j 4.27664132e-07+0.j
 3.97188438e-07+0.j 8.37116780e-07+0.j 8.86064499e-07+0.j
 9.62496058e-07+0.j 9.22418342e-07+0.j 1.74609540e-06+0.j
 1.03889786e-06+0.j 1.55137079e-06+0.j 1.83609254e-06+0.j
 1.82907032e-06+0.j 1.92030555e-05+0.j 5.76839967e-05+0.j
 2.29238730e-05+0.j 5.21146178e-03+0.j]
not reaching the requested tolerance 1e-07.
  val, vec = scipy.sparse.linalg.lobpcg(**solve_options)
/home/jhwoo/programs/tucy/tucy/Tucy.py:113: UserWarning: Exited at iteration 20 with accuracies 
[1.33980220e-07+0.j 1.81875052e-07+0.j 2.14430487e-07+0.j
 2.06187356e-07+0.j 6.07287607e-07+0.j 4.15018009e-07+0.j
 5.96132314e-07+0.j 6.83336544e-07+0.j 6.45895816e-07+0.j
 6.41279005e-07+0.j 9.67175435e-07+0.j 1.03498805e-06+0.j
 1.85344522e-06+0.j 2.03071708e-06+0.j 1.65955672e-06+0.j
 2.29915484e-06+0.j 2.96936713e-05+0.j 3.65805078e-05+0.j
 2.84595651e-04+0.j 2.12422872e-04+0.j]
not reaching the requested tolerance 1e-07.
  val, vec = scipy.sparse.linalg.lobpcg(**solve_options)
/home/jhwoo/programs/tucy/tucy/Tucy.py:113: UserWarning: Exited at iteration 20 with accuracies 
[1.28902460e-07+0.j 2.32801311e-07+0.j 2.00962245e-07+0.j
 2.05153539e-07+0.j 3.83460042e-07+0.j 4.29364513e-07+0.j
 4.31040927e-07+0.j 9.85799423e-07+0.j 9.24552492e-07+0.j
 8.77400914e-07+0.j 9.33588998e-07+0.j 1.46483665e-06+0.j
 1.24878742e-06+0.j 9.28279091e-07+0.j 1.71771730e-06+0.j
 1.48817953e-06+0.j 4.38041864e-05+0.j 6.95617520e-05+0.j
 6.21396399e-05+0.j 3.84431195e-03+0.j]
not reaching the requested tolerance 1e-07.
  val, vec = scipy.sparse.linalg.lobpcg(**solve_options)
/home/jhwoo/programs/tucy/tucy/Tucy.py:113: UserWarning: Exited at iteration 20 with accuracies 
[1.68531793e-07+0.j 1.89495219e-07+0.j 2.10507520e-07+0.j
 2.33047855e-07+0.j 4.25228619e-07+0.j 5.33539530e-07+0.j
 4.77402672e-07+0.j 4.61454502e-07+0.j 1.24858509e-06+0.j
 1.29150757e-06+0.j 9.99940901e-07+0.j 1.31125790e-06+0.j
 2.08681871e-06+0.j 1.87763622e-06+0.j 2.18632455e-06+0.j
 2.10762214e-06+0.j 4.06775827e-04+0.j 9.95216828e-04+0.j
 6.89750440e-04+0.j 1.04758274e-03+0.j]
not reaching the requested tolerance 1e-07.
  val, vec = scipy.sparse.linalg.lobpcg(**solve_options)
/home/jhwoo/programs/tucy/tucy/Tucy.py:113: UserWarning: Exited at iteration 20 with accuracies 
[1.44980291e-07+0.j 1.26246461e-07+0.j 3.14933427e-07+0.j
 2.57677040e-07+0.j 4.36756803e-07+0.j 4.95344718e-07+0.j
 6.50228146e-07+0.j 7.37552519e-07+0.j 6.67083031e-07+0.j
 7.10200305e-07+0.j 1.42978729e-06+0.j 1.01301537e-06+0.j
 1.49017214e-06+0.j 1.74788343e-06+0.j 1.64601624e-06+0.j
 9.99360451e-07+0.j 5.09152214e-05+0.j 4.72899679e-05+0.j
 2.17063671e-04+0.j 4.50942512e-04+0.j]
not reaching the requested tolerance 1e-07.
  val, vec = scipy.sparse.linalg.lobpcg(**solve_options)
/home/jhwoo/programs/tucy/tucy/Tucy.py:113: UserWarning: Exited at iteration 20 with accuracies 
[2.26770851e-07+0.j 2.94888571e-07+0.j 2.16051963e-07+0.j
 2.11817605e-07+0.j 3.70901401e-07+0.j 3.91251254e-07+0.j
 5.00299077e-07+0.j 5.35134759e-07+0.j 1.72064952e-06+0.j
 2.48422785e-06+0.j 2.31637774e-06+0.j 2.57716312e-06+0.j
 2.01714099e-06+0.j 1.86079078e-06+0.j 2.11447112e-06+0.j
 1.14785139e-06+0.j 2.68238209e-03+0.j 7.53299568e-03+0.j
 4.39309097e-03+0.j 5.03670234e-03+0.j]
not reaching the requested tolerance 1e-07.
  val, vec = scipy.sparse.linalg.lobpcg(**solve_options)
Integral of density (=32.00000000000006) is normalized to 31.999999999999993
Orbital energy difference = 0.001102136386226249
Density difference (relative) = 0.0017044813528431977
Elapsed time[calc_external_energy]: 3.457069396972656e-05 sec
Elapsed time[calc_nonlocal_energy]: 0.2462930679321289 sec

============ Energy (Hartree) ============
|   Total Energy        : -45.5004806054 |
------------------------------------------
| * Ion-ion Energy      : 0.0            |
| * Eigenvals sum for 0 : -5.3315126234  |
| * Hartree Energy      : 2.0584994314   |
| * XC Energy           : -14.2209411192 |
| * Kinetic Energy      : 33.3049782559  |
| * External Energy     : -67.8159930478 |
| * Non-local Energy    : 1.1729758743   |
==========================================
Elapsed time[calc_and_print_energies]: 0.3438446521759033 sec
Total energy difference = 0.013228580206316565 Hartree
Elapsed time for 5 th cycle: 5.590677738189697 sec

==================== [ END CYCLE 5 ] ====================
Elapsed time[_get_mixed_var]: 0.0002200603485107422 sec
Elapsed time[compute_potential]: 0.003941774368286133 sec
Elapsed time[compute]: 0.010767221450805664 sec

==================== [ SCF CYCLE 6 ] ====================
==== Tucker Diagonalization ====
Elapsed time[project_local_potential_to_core]: 0.01930856704711914 sec
Elapsed time[project_local_potential_to_core]: 0.05143880844116211 sec
Elapsed time[project_local_potential_to_core]: 0.051520347595214844 sec
Elapsed time[project_local_potential_to_core]: 0.05169987678527832 sec
Elapsed time[project_local_potential_to_core]: 0.05160355567932129 sec
Elapsed time[project_local_potential_to_core]: 0.05138659477233887 sec
Elapsed time[project_local_potential_to_core]: 0.05145263671875 sec
Elapsed time[project_local_potential_to_core]: 0.051627397537231445 sec
Elapsed time[project_local_potential_to_core]: 0.05153203010559082 sec
Elapsed time[project_local_potential_to_core]: 0.051514625549316406 sec
Elapsed time[project_local_potential_to_core]: 0.05148959159851074 sec
Elapsed time[project_local_potential_to_core]: 0.05170583724975586 sec
Elapsed time[project_local_potential_to_core]: 0.05148935317993164 sec
Elapsed time[restore_orbital]: 0.0007624626159667969 sec
Elapsed time[core_diagonalize]: 0.12719225883483887 sec
Elapsed time[restore_orbital]: 0.0018429756164550781 sec
Elapsed time[core_diagonalize]: 0.37205028533935547 sec
Elapsed time[restore_orbital]: 0.001886606216430664 sec
Elapsed time[core_diagonalize]: 0.36944079399108887 sec
Elapsed time[restore_orbital]: 0.0020852088928222656 sec
Elapsed time[core_diagonalize]: 0.37259387969970703 sec
Elapsed time[restore_orbital]: 0.0019211769104003906 sec
Elapsed time[core_diagonalize]: 0.37130260467529297 sec
Elapsed time[restore_orbital]: 0.0018458366394042969 sec
Elapsed time[core_diagonalize]: 0.3700268268585205 sec
Elapsed time[restore_orbital]: 0.0018367767333984375 sec
Elapsed time[core_diagonalize]: 0.37013936042785645 sec
Elapsed time[restore_orbital]: 0.0018982887268066406 sec
Elapsed time[core_diagonalize]: 0.3704109191894531 sec
Elapsed time[restore_orbital]: 0.0018744468688964844 sec
Elapsed time[core_diagonalize]: 0.36968064308166504 sec
Elapsed time[restore_orbital]: 0.0018374919891357422 sec
Elapsed time[core_diagonalize]: 0.3702256679534912 sec
Elapsed time[restore_orbital]: 0.0019214153289794922 sec
Elapsed time[core_diagonalize]: 0.37023353576660156 sec
Elapsed time[restore_orbital]: 0.0019216537475585938 sec
Elapsed time[core_diagonalize]: 0.36979174613952637 sec
Elapsed time[restore_orbital]: 0.0018830299377441406 sec
Elapsed time[core_diagonalize]: 0.370955228805542 sec
Elapsed time[diagonalize]: 5.21264386177063 sec

[ PRINT EIGENVALUES ]
( spin alpha )
* 1 th kpt (=[0. 0. 0.])
num        occ        value
1          2.0        -0.6261316121324643
2          2.0        -0.30712145092729004
3          2.0        -0.3070051247945494
4          2.0        -0.30681427426895663
5          2.0        -0.3065819003316362
6          2.0        -0.30637048920097554
7          2.0        -0.30626298013281217
8          2.0        -0.06938771741911694
9          2.0        -0.0693565819742228
10         2.0        -0.06924817627671963
11         2.0        -0.06920140384120137
12         2.0        -0.06918446238351597
13         2.0        -0.06915451396812836
14         2.0        0.16182191816675037
15         2.0        0.1620709285984912
16         2.0        0.16246807293244053
17         0.0        0.3374707888492332
18         0.0        0.33750612848287576
19         0.0        0.337699942964768
20         0.0        0.33779042982112517


* 2 th kpt (=[0.25 0.   0.  ])
num        occ        value
1          12.0       -0.6052667126720217
2          12.0       -0.44054550882335297
3          12.0       -0.2949934867964969
4          12.0       -0.294824215932566
5          12.0       -0.2945479077242092
6          12.0       -0.2943526883266009
7          12.0       -0.1527869253530555
8          12.0       -0.1057575794967722
9          12.0       -0.10568900108754521
10         12.0       -0.10556316501455411
11         12.0       -0.10554781861325395
12         12.0       -0.049194407435037314
13         12.0       -0.04896935787503319
14         12.0       0.09811300065427013
15         12.0       0.09845959496971268
16         12.0       0.11626910993350821
17         0.0        0.3147619130501219
18         0.0        0.35578446515550044
19         0.0        0.4106413192164733
20         0.0        0.41528570436512413


* 3 th kpt (=[0.5 0.  0. ])
num        occ        value
1          6.0        -0.5425243352157882
2          6.0        -0.5424515651142565
3          6.0        -0.2784110755153285
4          6.0        -0.2783685482887401
5          6.0        -0.2779035401121746
6          6.0        -0.27785477661533775
7          6.0        -0.1428162445339939
8          6.0        -0.14280149566377276
9          6.0        -0.14271843869038972
10         6.0        -0.14270463982719805
11         6.0        -0.0024094839682132353
12         6.0        -0.0023569217620814245
13         6.0        0.010153958125356764
14         6.0        0.010204143437294885
15         6.0        0.01039224009072531
16         6.0        0.010486206336211595
17         0.0        0.3271987134569236
18         0.0        0.32727513097988514
19         0.0        0.5392821297888262
20         0.0        0.539376969447563


* 4 th kpt (=[0.25 0.25 0.  ])
num        occ        value
1          12.0       -0.5845538952127514
2          12.0       -0.4222239164691539
3          12.0       -0.4221922631093792
4          12.0       -0.3147622721655446
5          12.0       -0.26963444382650054
6          12.0       -0.17900867821911548
7          12.0       -0.16899909207512653
8          12.0       -0.168962801580485
9          12.0       -0.09437627253050489
10         12.0       -0.09437057428275918
11         12.0       -0.05503199481497743
12         12.0       -0.055001041385719124
13         12.0       -0.03281090421363196
14         12.0       0.016998958655340166
15         12.0       0.04283508280661958
16         12.0       0.1369719167412954
17         0.0        0.3708565096423114
18         0.0        0.3952752931348112
19         0.0        0.3953034939878247
20         0.0        0.4134613696988952


* 5 th kpt (=[0.5  0.25 0.  ])
num        occ        value
1          24.0       -0.5224100995209122
2          24.0       -0.5223358007788489
3          24.0       -0.37087298137131575
4          24.0       -0.37079008301094585
5          24.0       -0.2207528996016558
6          24.0       -0.22053935473074499
7          24.0       -0.16326323174617852
8          24.0       -0.16315972598063092
9          24.0       -0.0765910157525617
10         24.0       -0.07637468934532364
11         24.0       -0.039725227959942794
12         24.0       -0.039620786410549384
13         24.0       -0.03730601976327587
14         24.0       -0.037233927775821296
15         24.0       0.05773112354036505
16         24.0       0.05786800869525644
17         0.0        0.40541478909880574
18         0.0        0.4055498386977947
19         0.0        0.47079107955766925
20         0.0        0.47089602802452724


* 6 th kpt (=[-0.25  0.25  0.  ])
num        occ        value
1          12.0       -0.5845562659999908
2          12.0       -0.4222063757829261
3          12.0       -0.42217279781617656
4          12.0       -0.3149382467447617
5          12.0       -0.26940236171693777
6          12.0       -0.17899538111217292
7          12.0       -0.16916151881892602
8          12.0       -0.16913034038801972
9          12.0       -0.09429391480846223
10         12.0       -0.09426570389201305
11         12.0       -0.05496604078320918
12         12.0       -0.054928491372489834
13         12.0       -0.03287121273031603
14         12.0       0.01718468239321431
15         12.0       0.0427463030508067
16         12.0       0.13685681469547828
17         0.0        0.37071438592301514
18         0.0        0.395178633769407
19         0.0        0.39522675290514875
20         0.0        0.4135356944500031


* 7 th kpt (=[0.5 0.5 0. ])
num        occ        value
1          6.0        -0.46270139545899863
2          6.0        -0.4626232601525053
3          6.0        -0.4626103930228316
4          6.0        -0.462555093325558
5          6.0        -0.15769929855601728
6          6.0        -0.15765853536517516
7          6.0        -0.15747548183984195
8          6.0        -0.15744110086116325
9          6.0        -0.11716497407648163
10         6.0        -0.11715368522267437
11         6.0        -0.11704828625952157
12         6.0        -0.1170156933086884
13         6.0        0.053667209663836694
14         6.0        0.0536944618961199
15         6.0        0.05374023439384664
16         6.0        0.053797987941851644
17         0.0        0.45373513879056243
18         0.0        0.4537802280134786
19         0.0        0.4539175906986389
20         0.0        0.45395873282051546


* 8 th kpt (=[0.25 0.25 0.25])
num        occ        value
1          4.0        -0.5640221743421242
2          4.0        -0.405819059723147
3          4.0        -0.40568965440528443
4          4.0        -0.40562693315561277
5          4.0        -0.23378081768565553
6          4.0        -0.2336255405649792
7          4.0        -0.23324926551434194
8          4.0        -0.08496032544110181
9          4.0        -0.08485324819670108
10         4.0        -0.08476990034597849
11         4.0        -0.0785867855787149
12         4.0        -0.015401085105266766
13         4.0        -0.015229991234188002
14         4.0        -0.01520446761294729
15         4.0        0.09978199083047863
16         4.0        0.10019608948181526
17         0.0        0.38590513235940144
18         0.0        0.3860831208221905
19         0.0        0.3862468519022114
20         0.0        0.4512749392011368


* 9 th kpt (=[0.5  0.25 0.25])
num        occ        value
1          12.0       -0.5026846248435309
2          12.0       -0.5025997333752446
3          12.0       -0.37778404240920843
4          12.0       -0.3776222232806486
5          12.0       -0.29170803792823397
6          12.0       -0.291461853966673
7          12.0       -0.17179325965735326
8          12.0       -0.17151340117328018
9          12.0       -0.06904463261434651
10         12.0       -0.06893855668259491
11         12.0       -0.008578950274868742
12         12.0       -0.008463556161971674
13         12.0       0.03437551381954625
14         12.0       0.034432840483800166
15         12.0       0.04584781228546511
16         12.0       0.04615407882245486
17         0.0        0.4208651233212791
18         0.0        0.4210845541351153
19         0.0        0.4689920800462282
20         0.0        0.4690658811874842


* 10 th kpt (=[-0.25  0.25  0.25])
num        occ        value
1          12.0       -0.5640338300796892
2          12.0       -0.405714307454508
3          12.0       -0.40567344084453494
4          12.0       -0.40561830092818363
5          12.0       -0.23387299965130856
6          12.0       -0.23372595478810046
7          12.0       -0.23365300814666
8          12.0       -0.0846163941396477
9          12.0       -0.08458095472312636
10         12.0       -0.0845177279868188
11         12.0       -0.07837743491230732
12         12.0       -0.015427659864291992
13         12.0       -0.015404641334523067
14         12.0       -0.015301599952439137
15         12.0       0.09979543548605055
16         12.0       0.10000945756268459
17         0.0        0.38576739513709646
18         0.0        0.3858002779848283
19         0.0        0.3858507989888799
20         0.0        0.4512725983803761


* 11 th kpt (=[0.5  0.5  0.25])
num        occ        value
1          12.0       -0.44541457064823076
2          12.0       -0.4453030606901269
3          12.0       -0.4452741520605602
4          12.0       -0.4452093419963621
5          12.0       -0.2616507986090193
6          12.0       -0.2615156025917229
7          12.0       -0.2614751858091114
8          12.0       -0.2611873334288396
9          12.0       -0.005177809712266635
10         12.0       -0.0050630359983709445
11         12.0       -0.005002550328764881
12         12.0       -0.0048198863585677204
13         12.0       0.0570243048912054
14         12.0       0.057117372795443176
15         12.0       0.057135917651803335
16         12.0       0.057190201134477515
17         0.0        0.46496863224097396
18         0.0        0.4651644644220032
19         0.0        0.46522769241361783
20         0.0        0.4652835900338939


* 12 th kpt (=[-0.25  0.5   0.25])
num        occ        value
1          12.0       -0.5026734873667168
2          12.0       -0.5025999685025503
3          12.0       -0.37783920087611633
4          12.0       -0.3776291674564835
5          12.0       -0.29170830232078415
6          12.0       -0.29135552664871156
7          12.0       -0.17182897725947827
8          12.0       -0.17151658899643463
9          12.0       -0.0690702973878787
10         12.0       -0.0690443007466905
11         12.0       -0.008566143888237902
12         12.0       -0.008401162925513586
13         12.0       0.03437368597018503
14         12.0       0.034464416440492925
15         12.0       0.045827519996450836
16         12.0       0.0461802053411176
17         0.0        0.42091307119700505
18         0.0        0.42114630042560014
19         0.0        0.4690409832800368
20         0.0        0.4691436886086427


* 13 th kpt (=[0.5 0.5 0.5])
num        occ        value
1          2.0        -0.4155057668405951
2          2.0        -0.4152303060057454
3          2.0        -0.415160428548244
4          2.0        -0.41501611180950954
5          2.0        -0.3286806724024512
6          2.0        -0.32845991947407654
7          2.0        -0.3283608212547289
8          2.0        -0.32791908872608316
9          2.0        0.060843262240653014
10         2.0        0.06087085132596692
11         2.0        0.060923438434053186
12         2.0        0.06097771007779832
13         2.0        0.06112475083038308
14         2.0        0.06123050628123201
15         2.0        0.061270751959631685
16         2.0        0.06134397319404966
17         0.0        0.47561427997854366
18         0.0        0.47570165656382246
19         0.0        0.475826935573933
20         0.0        0.47599824827362514


/home/jhwoo/programs/tucy/tucy/Tucy.py:113: UserWarning: Exited at iteration 20 with accuracies 
[4.22197660e-08 6.24458210e-08 5.91228069e-08 1.11871585e-07
 1.09389424e-07 7.77616447e-08 7.77077224e-08 4.57738220e-07
 2.15905927e-07 2.52267599e-07 2.55676280e-07 3.65913421e-07
 2.52021716e-07 1.52767814e-06 1.91978861e-06 1.13493555e-06
 1.45222489e-03 8.54752693e-04 4.75640971e-03 6.79707702e-03]
not reaching the requested tolerance 1e-07.
  val, vec = scipy.sparse.linalg.lobpcg(**solve_options)
/home/jhwoo/programs/tucy/tucy/Tucy.py:113: UserWarning: Exited at iteration 20 with accuracies 
[4.24354348e-08+0.j 6.14412952e-08+0.j 7.87347290e-08+0.j
 1.20161019e-07+0.j 9.18837210e-08+0.j 7.43159542e-08+0.j
 2.14390506e-07+0.j 1.37545979e-07+0.j 2.16886082e-07+0.j
 2.55638343e-07+0.j 1.91215068e-07+0.j 3.81069187e-07+0.j
 3.75107715e-07+0.j 6.73396353e-07+0.j 4.73537883e-07+0.j
 5.44842214e-07+0.j 5.84216296e-06+0.j 1.28027125e-05+0.j
 5.07317101e-03+0.j 1.80969754e-03+0.j]
not reaching the requested tolerance 1e-07.
  val, vec = scipy.sparse.linalg.lobpcg(**solve_options)
/home/jhwoo/programs/tucy/tucy/Tucy.py:113: UserWarning: Exited at iteration 20 with accuracies 
[5.12888119e-08+0.j 4.25726705e-08+0.j 6.68502377e-08+0.j
 7.98280186e-08+0.j 9.13891103e-08+0.j 8.01963872e-08+0.j
 1.29534748e-07+0.j 1.46738389e-07+0.j 1.93022028e-07+0.j
 1.24923324e-07+0.j 2.87813466e-07+0.j 2.06930824e-07+0.j
 2.77647600e-07+0.j 2.43988511e-07+0.j 2.27358403e-07+0.j
 2.18803373e-07+0.j 2.32192928e-06+0.j 2.32811748e-06+0.j
 1.55677575e-03+0.j 1.76209969e-03+0.j]
not reaching the requested tolerance 1e-07.
  val, vec = scipy.sparse.linalg.lobpcg(**solve_options)
/home/jhwoo/programs/tucy/tucy/Tucy.py:113: UserWarning: Exited at iteration 20 with accuracies 
[4.07780615e-08+0.j 5.75289820e-08+0.j 4.19696995e-08+0.j
 6.46187394e-08+0.j 8.54933915e-08+0.j 1.32687517e-07+0.j
 1.31721086e-07+0.j 9.20770690e-08+0.j 2.11598026e-07+0.j
 1.42879632e-07+0.j 3.36260571e-07+0.j 2.79049525e-07+0.j
 2.01152792e-07+0.j 2.53438618e-07+0.j 2.42262050e-07+0.j
 4.00275350e-07+0.j 1.13149846e-05+0.j 1.53198926e-05+0.j
 1.61881657e-05+0.j 2.13852380e-05+0.j]
not reaching the requested tolerance 1e-07.
  val, vec = scipy.sparse.linalg.lobpcg(**solve_options)
/home/jhwoo/programs/tucy/tucy/Tucy.py:113: UserWarning: Exited at iteration 20 with accuracies 
[5.55449618e-08+0.j 4.47043899e-08+0.j 5.85360824e-08+0.j
 6.53583130e-08+0.j 7.91352692e-08+0.j 7.69869999e-08+0.j
 1.14003343e-07+0.j 1.40408245e-07+0.j 2.08409184e-07+0.j
 1.48641674e-07+0.j 2.50789811e-07+0.j 2.65869025e-07+0.j
 2.23232894e-07+0.j 2.14505011e-07+0.j 3.53630760e-07+0.j
 3.59165200e-07+0.j 5.03390111e-06+0.j 5.97896246e-06+0.j
 2.45222449e-05+0.j 2.47709657e-05+0.j]
not reaching the requested tolerance 1e-07.
  val, vec = scipy.sparse.linalg.lobpcg(**solve_options)
/home/jhwoo/programs/tucy/tucy/Tucy.py:113: UserWarning: Exited at iteration 20 with accuracies 
[5.09548607e-08+0.j 4.58448378e-08+0.j 4.60797331e-08+0.j
 5.69040970e-08+0.j 9.27353206e-08+0.j 9.59212762e-08+0.j
 8.64478447e-08+0.j 1.16875351e-07+0.j 1.67835949e-07+0.j
 2.15574391e-07+0.j 2.82321058e-07+0.j 2.61285689e-07+0.j
 2.57873178e-07+0.j 3.13915484e-07+0.j 2.73725472e-07+0.j
 3.15257858e-07+0.j 9.75572623e-06+0.j 1.72837338e-05+0.j
 1.55235075e-05+0.j 2.72821695e-05+0.j]
not reaching the requested tolerance 1e-07.
  val, vec = scipy.sparse.linalg.lobpcg(**solve_options)
/home/jhwoo/programs/tucy/tucy/Tucy.py:113: UserWarning: Exited at iteration 20 with accuracies 
[4.11256681e-08+0.j 6.09049644e-08+0.j 5.59172291e-08+0.j
 5.39318283e-08+0.j 1.00061843e-07+0.j 1.05922081e-07+0.j
 8.03717871e-08+0.j 8.55575140e-08+0.j 1.33360296e-07+0.j
 2.56045925e-07+0.j 1.84803856e-07+0.j 1.56137368e-07+0.j
 2.30139948e-07+0.j 3.65522157e-07+0.j 3.28086180e-07+0.j
 3.19991350e-07+0.j 1.04646532e-05+0.j 9.44801486e-06+0.j
 9.54592989e-06+0.j 7.94350956e-06+0.j]
not reaching the requested tolerance 1e-07.
  val, vec = scipy.sparse.linalg.lobpcg(**solve_options)
/home/jhwoo/programs/tucy/tucy/Tucy.py:113: UserWarning: Exited at iteration 20 with accuracies 
[4.81909322e-08+0.j 6.06995092e-08+0.j 5.77864534e-08+0.j
 6.30952780e-08+0.j 6.94480020e-08+0.j 7.16460147e-08+0.j
 7.88339036e-08+0.j 2.34266035e-07+0.j 1.75944254e-07+0.j
 1.96379433e-07+0.j 1.79062930e-07+0.j 3.13415840e-07+0.j
 2.18083998e-07+0.j 2.87177722e-07+0.j 3.95687062e-07+0.j
 3.72430478e-07+0.j 9.80044561e-06+0.j 1.34651139e-05+0.j
 6.41245206e-06+0.j 2.17862774e-03+0.j]
not reaching the requested tolerance 1e-07.
  val, vec = scipy.sparse.linalg.lobpcg(**solve_options)
/home/jhwoo/programs/tucy/tucy/Tucy.py:113: UserWarning: Exited at iteration 20 with accuracies 
[4.89621903e-08+0.j 4.73614803e-08+0.j 5.69969565e-08+0.j
 6.03675416e-08+0.j 1.03322789e-07+0.j 8.69904835e-08+0.j
 9.70110300e-08+0.j 1.17645513e-07+0.j 1.75734295e-07+0.j
 1.57913045e-07+0.j 2.14433524e-07+0.j 2.30316652e-07+0.j
 3.37934369e-07+0.j 3.43028642e-07+0.j 2.84898936e-07+0.j
 4.43805904e-07+0.j 7.35209049e-06+0.j 1.21962126e-05+0.j
 6.37788130e-05+0.j 5.51908300e-05+0.j]
not reaching the requested tolerance 1e-07.
  val, vec = scipy.sparse.linalg.lobpcg(**solve_options)
/home/jhwoo/programs/tucy/tucy/Tucy.py:113: UserWarning: Exited at iteration 20 with accuracies 
[5.44807641e-08+0.j 5.18579622e-08+0.j 5.95548469e-08+0.j
 5.17759560e-08+0.j 7.14600428e-08+0.j 9.25807727e-08+0.j
 7.10145684e-08+0.j 1.73113476e-07+0.j 2.64260130e-07+0.j
 1.80591545e-07+0.j 1.87508439e-07+0.j 3.61490726e-07+0.j
 1.63758193e-07+0.j 1.54382793e-07+0.j 4.39568562e-07+0.j
 2.82551035e-07+0.j 6.26332308e-06+0.j 1.60125097e-05+0.j
 1.52067762e-05+0.j 1.63957540e-03+0.j]
not reaching the requested tolerance 1e-07.
  val, vec = scipy.sparse.linalg.lobpcg(**solve_options)
/home/jhwoo/programs/tucy/tucy/Tucy.py:113: UserWarning: Exited at iteration 20 with accuracies 
[5.62908755e-08+0.j 5.21801657e-08+0.j 5.26044722e-08+0.j
 5.29650895e-08+0.j 9.94627867e-08+0.j 1.11001593e-07+0.j
 9.50947339e-08+0.j 1.11566515e-07+0.j 2.61125325e-07+0.j
 2.68990587e-07+0.j 2.53970973e-07+0.j 2.77075423e-07+0.j
 3.84836840e-07+0.j 3.92957462e-07+0.j 3.53016536e-07+0.j
 4.69506701e-07+0.j 1.07862976e-04+0.j 2.14260774e-04+0.j
 1.79932769e-04+0.j 1.92302931e-04+0.j]
not reaching the requested tolerance 1e-07.
  val, vec = scipy.sparse.linalg.lobpcg(**solve_options)
/home/jhwoo/programs/tucy/tucy/Tucy.py:113: UserWarning: Exited at iteration 20 with accuracies 
[4.94993181e-08+0.j 5.48213431e-08+0.j 7.10124082e-08+0.j
 6.82705757e-08+0.j 8.04031485e-08+0.j 8.27332696e-08+0.j
 1.39852011e-07+0.j 1.34892844e-07+0.j 1.72088676e-07+0.j
 1.39620461e-07+0.j 2.91210723e-07+0.j 1.81221615e-07+0.j
 2.64342864e-07+0.j 2.59509934e-07+0.j 3.58724131e-07+0.j
 2.75029738e-07+0.j 1.04331504e-05+0.j 8.51791415e-06+0.j
 5.40517915e-05+0.j 1.14380381e-04+0.j]
not reaching the requested tolerance 1e-07.
  val, vec = scipy.sparse.linalg.lobpcg(**solve_options)
/home/jhwoo/programs/tucy/tucy/Tucy.py:113: UserWarning: Exited at iteration 20 with accuracies 
[5.69182653e-08+0.j 6.73326242e-08+0.j 5.35321603e-08+0.j
 5.70671980e-08+0.j 8.93925224e-08+0.j 8.61590912e-08+0.j
 8.71599931e-08+0.j 9.77427351e-08+0.j 2.94616377e-07+0.j
 4.48094277e-07+0.j 5.85843910e-07+0.j 5.22851344e-07+0.j
 5.29437420e-07+0.j 3.27932568e-07+0.j 4.35312856e-07+0.j
 4.38426118e-07+0.j 3.53873897e-03+0.j 4.62861101e-03+0.j
 2.42616974e-03+0.j 3.98737616e-03+0.j]
not reaching the requested tolerance 1e-07.
  val, vec = scipy.sparse.linalg.lobpcg(**solve_options)
Integral of density (=32.000000000000036) is normalized to 32.0
Orbital energy difference = -0.008849237794924747
Density difference (relative) = 0.0004567334577276298
Elapsed time[calc_external_energy]: 4.9591064453125e-05 sec
Elapsed time[calc_nonlocal_energy]: 0.2482156753540039 sec

============ Energy (Hartree) ============
|   Total Energy        : -45.4901926919 |
------------------------------------------
| * Ion-ion Energy      : 0.0            |
| * Eigenvals sum for 0 : -5.3403618612  |
| * Hartree Energy      : 2.062101254    |
| * XC Energy           : -14.2177922633 |
| * Kinetic Energy      : 33.314227707   |
| * External Energy     : -67.8216618791 |
| * Non-local Energy    : 1.1729324895   |
==========================================
Elapsed time[calc_and_print_energies]: 0.3491668701171875 sec
Total energy difference = 0.010287913578046926 Hartree
Elapsed time for 6 th cycle: 5.579248428344727 sec

==================== [ END CYCLE 6 ] ====================
Elapsed time[_get_mixed_var]: 0.000263214111328125 sec
Elapsed time[compute_potential]: 0.004113197326660156 sec
Elapsed time[compute]: 0.010902643203735352 sec

==================== [ SCF CYCLE 7 ] ====================
==== Tucker Diagonalization ====
Elapsed time[project_local_potential_to_core]: 0.02118515968322754 sec
Elapsed time[project_local_potential_to_core]: 0.05186605453491211 sec
Elapsed time[project_local_potential_to_core]: 0.051738739013671875 sec
Elapsed time[project_local_potential_to_core]: 0.05154728889465332 sec
Elapsed time[project_local_potential_to_core]: 0.05147528648376465 sec
Elapsed time[project_local_potential_to_core]: 0.051485300064086914 sec
Elapsed time[project_local_potential_to_core]: 0.051537513732910156 sec
Elapsed time[project_local_potential_to_core]: 0.05163168907165527 sec
Elapsed time[project_local_potential_to_core]: 0.05176949501037598 sec
Elapsed time[project_local_potential_to_core]: 0.05193161964416504 sec
Elapsed time[project_local_potential_to_core]: 0.05169343948364258 sec
Elapsed time[project_local_potential_to_core]: 0.05138587951660156 sec
Elapsed time[project_local_potential_to_core]: 0.05147671699523926 sec
Elapsed time[restore_orbital]: 0.0008025169372558594 sec
Elapsed time[core_diagonalize]: 0.12848901748657227 sec
Elapsed time[restore_orbital]: 0.0018944740295410156 sec
Elapsed time[core_diagonalize]: 0.3713109493255615 sec
Elapsed time[restore_orbital]: 0.0018773078918457031 sec
Elapsed time[core_diagonalize]: 0.3676435947418213 sec
Elapsed time[restore_orbital]: 0.0021238327026367188 sec
Elapsed time[core_diagonalize]: 0.3675804138183594 sec
Elapsed time[restore_orbital]: 0.0019025802612304688 sec
Elapsed time[core_diagonalize]: 0.367311954498291 sec
Elapsed time[restore_orbital]: 0.0018873214721679688 sec
Elapsed time[core_diagonalize]: 0.3671598434448242 sec
Elapsed time[restore_orbital]: 0.0019042491912841797 sec
Elapsed time[core_diagonalize]: 0.3660848140716553 sec
Elapsed time[restore_orbital]: 0.001901388168334961 sec
Elapsed time[core_diagonalize]: 0.36760902404785156 sec
Elapsed time[restore_orbital]: 0.0019164085388183594 sec
Elapsed time[core_diagonalize]: 0.36715102195739746 sec
Elapsed time[restore_orbital]: 0.0018606185913085938 sec
Elapsed time[core_diagonalize]: 0.3655891418457031 sec
Elapsed time[restore_orbital]: 0.0019044876098632812 sec
Elapsed time[core_diagonalize]: 0.36510372161865234 sec
Elapsed time[restore_orbital]: 0.0018885135650634766 sec
Elapsed time[core_diagonalize]: 0.36547064781188965 sec
Elapsed time[restore_orbital]: 0.0018875598907470703 sec
Elapsed time[core_diagonalize]: 0.36542558670043945 sec
Elapsed time[diagonalize]: 5.173480749130249 sec

[ PRINT EIGENVALUES ]
( spin alpha )
* 1 th kpt (=[0. 0. 0.])
num        occ        value
1          2.0        -0.6261371256371597
2          2.0        -0.30713331268996097
3          2.0        -0.30701344374039896
4          2.0        -0.3068247590495447
5          2.0        -0.30659305470703163
6          2.0        -0.30637856982970674
7          2.0        -0.30628041732000877
8          2.0        -0.06939912437158491
9          2.0        -0.06937045063158788
10         2.0        -0.0692619884162329
11         2.0        -0.06920512369264523
12         2.0        -0.06920361577485626
13         2.0        -0.06917945636659706
14         2.0        0.16180416410057746
15         2.0        0.16205412452325244
16         2.0        0.16245169299019677
17         0.0        0.33747939686384815
18         0.0        0.337513958352262
19         0.0        0.337706398571697
20         0.0        0.3377909709211034


* 2 th kpt (=[0.25 0.   0.  ])
num        occ        value
1          12.0       -0.6052725795522185
2          12.0       -0.4405541370250656
3          12.0       -0.2950024395759659
4          12.0       -0.29483672255133486
5          12.0       -0.29455913811850093
6          12.0       -0.29436926405951314
7          12.0       -0.1528011669249101
8          12.0       -0.10576568654118945
9          12.0       -0.10569978015877111
10         12.0       -0.10556864168267723
11         12.0       -0.10556502136001729
12         12.0       -0.04920988683901841
13         12.0       -0.048983380931769904
14         12.0       0.09809587198654401
15         12.0       0.09844451783799404
16         12.0       0.11625232311104197
17         0.0        0.3147671039810911
18         0.0        0.3557736006830236
19         0.0        0.41058009213605945
20         0.0        0.41528565168027015


* 3 th kpt (=[0.5 0.  0. ])
num        occ        value
1          6.0        -0.542503569860159
2          6.0        -0.5424860563939552
3          6.0        -0.2784089642808562
4          6.0        -0.2783963766331945
5          6.0        -0.27789739246364276
6          6.0        -0.27789254197772145
7          6.0        -0.1428167859547484
8          6.0        -0.14281247820452497
9          6.0        -0.1427238235224387
10         6.0        -0.14271354690716045
11         6.0        -0.002407317447002961
12         6.0        -0.0023914840512346686
13         6.0        0.010157304157842243
14         6.0        0.010168671227393181
15         6.0        0.010413223866165599
16         6.0        0.010436201848901726
17         0.0        0.3272076930075335
18         0.0        0.32726183562316014
19         0.0        0.5392831973913982
20         0.0        0.5393525630804874


* 4 th kpt (=[0.25 0.25 0.  ])
num        occ        value
1          12.0       -0.5845601398408928
2          12.0       -0.42222403002436426
3          12.0       -0.42221053216038523
4          12.0       -0.31477725917344135
5          12.0       -0.26964503378477833
6          12.0       -0.179013661428527
7          12.0       -0.16900733911631421
8          12.0       -0.16898600100539843
9          12.0       -0.09438453492785544
10         12.0       -0.09438287786588022
11         12.0       -0.05503095879058937
12         12.0       -0.05502533055280665
13         12.0       -0.03282583023450569
14         12.0       0.016984669026463856
15         12.0       0.04282058398659505
16         12.0       0.13695439812570914
17         0.0        0.37086355358222417
18         0.0        0.39527573914810843
19         0.0        0.39530240668444655
20         0.0        0.41344597724989773


* 5 th kpt (=[0.5  0.25 0.  ])
num        occ        value
1          24.0       -0.522391605951411
2          24.0       -0.5223689089044884
3          24.0       -0.3708685718201583
4          24.0       -0.3708173887434207
5          24.0       -0.22076484219401304
6          24.0       -0.22055371600938384
7          24.0       -0.1632668323037574
8          24.0       -0.16316939225694488
9          24.0       -0.07660408605766325
10         24.0       -0.07639071154409025
11         24.0       -0.039735018885910425
12         24.0       -0.039634956618879565
13         24.0       -0.03731449676159156
14         24.0       -0.03725047888279707
15         24.0       0.0577155675581639
16         24.0       0.057851810559461134
17         0.0        0.4054117844092961
18         0.0        0.40553840083495374
19         0.0        0.4707958876636468
20         0.0        0.4708976362524953


* 6 th kpt (=[-0.25  0.25  0.  ])
num        occ        value
1          12.0       -0.5845624886142392
2          12.0       -0.42220556586512276
3          12.0       -0.4221923114001386
4          12.0       -0.31495159203950956
5          12.0       -0.2694153463524018
6          12.0       -0.17899976465598583
7          12.0       -0.16916879248202674
8          12.0       -0.1691516086566306
9          12.0       -0.09429774675689402
10         12.0       -0.09428511070405761
11         12.0       -0.05496180715512236
12         12.0       -0.054956137962027224
13         12.0       -0.03288628120270562
14         12.0       0.017168730448999747
15         12.0       0.04273298289720162
16         12.0       0.13683984334106797
17         0.0        0.3707234551400237
18         0.0        0.39518796895606034
19         0.0        0.3952190809078056
20         0.0        0.4135187603169854


* 7 th kpt (=[0.5 0.5 0. ])
num        occ        value
1          6.0        -0.462652793044452
2          6.0        -0.46263720818052806
3          6.0        -0.46262848393869044
4          6.0        -0.46260641132704833
5          6.0        -0.15770589221596068
6          6.0        -0.15767501932111572
7          6.0        -0.1574819928373132
8          6.0        -0.15746404934484087
9          6.0        -0.11716581736716124
10         6.0        -0.11716342431217679
11         6.0        -0.11705550532437096
12         6.0        -0.11703336535091025
13         6.0        0.05366497319052307
14         6.0        0.05367036819733403
15         6.0        0.05372520004202867
16         6.0        0.05377385316876844
17         0.0        0.45374821265018195
18         0.0        0.4537650750595744
19         0.0        0.4539245094142716
20         0.0        0.45394482283555754


* 8 th kpt (=[0.25 0.25 0.25])
num        occ        value
1          4.0        -0.564028856248397
2          4.0        -0.4058213956673877
3          4.0        -0.4056969243504936
4          4.0        -0.4056473041229836
5          4.0        -0.2337905217830426
6          4.0        -0.233638048474138
7          4.0        -0.23326055901134632
8          4.0        -0.08495819850862517
9          4.0        -0.08485762149765222
10         4.0        -0.0847973878695364
11         4.0        -0.07859809205182705
12         4.0        -0.015416510948288886
13         4.0        -0.015239631882007408
14         4.0        -0.01522624069498915
15         4.0        0.09976434542774894
16         4.0        0.1001796461952379
17         0.0        0.3859079178275675
18         0.0        0.38608586020497937
19         0.0        0.3862490126936016
20         0.0        0.4512407907966655


* 9 th kpt (=[0.5  0.25 0.25])
num        occ        value
1          12.0       -0.502674356254739
2          12.0       -0.502625749603699
3          12.0       -0.3777866015411482
4          12.0       -0.3776443434073218
5          12.0       -0.2917118430586536
6          12.0       -0.29147220624614645
7          12.0       -0.1717991254381298
8          12.0       -0.17152745474531647
9          12.0       -0.06901849069817885
10         12.0       -0.06898811511422091
11         12.0       -0.008592973124777241
12         12.0       -0.008478216995652004
13         12.0       0.034366461702206884
14         12.0       0.03440826429016834
15         12.0       0.04583375268761076
16         12.0       0.046138249678089695
17         0.0        0.4208586163793357
18         0.0        0.42107613424497337
19         0.0        0.46899343309412045
20         0.0        0.46906750885811377


* 10 th kpt (=[-0.25  0.25  0.25])
num        occ        value
1          12.0       -0.5640404429438478
2          12.0       -0.40571477064075656
3          12.0       -0.40568311721346234
4          12.0       -0.40563883039520404
5          12.0       -0.2338820503388998
6          12.0       -0.23373711104428394
7          12.0       -0.23366338637827033
8          12.0       -0.08461370013692034
9          12.0       -0.08457781701270638
10         12.0       -0.08455688264763489
11         12.0       -0.07838947290627311
12         12.0       -0.015439218287339029
13         12.0       -0.0154212152262014
14         12.0       -0.01531985087676453
15         12.0       0.09977807397387391
16         12.0       0.099993076680925
17         0.0        0.3857762976155051
18         0.0        0.38580345631120017
19         0.0        0.385852531279382
20         0.0        0.45124589958755185


* 11 th kpt (=[0.5  0.5  0.25])
num        occ        value
1          12.0       -0.4454005847618314
2          12.0       -0.44530053047117163
3          12.0       -0.44528970695813186
4          12.0       -0.44524873193768955
5          12.0       -0.26164760395811965
6          12.0       -0.26152574200986184
7          12.0       -0.2614860849723893
8          12.0       -0.2612006117892573
9          12.0       -0.0051841072252254245
10         12.0       -0.005078467057767978
11         12.0       -0.00501552498549524
12         12.0       -0.004842737575098349
13         12.0       0.05701191632653384
14         12.0       0.057104479669853006
15         12.0       0.057119009915627614
16         12.0       0.05716594533182629
17         0.0        0.46496655349047383
18         0.0        0.46515712557916744
19         0.0        0.4652260795437252
20         0.0        0.4652701044389319


* 12 th kpt (=[-0.25  0.5   0.25])
num        occ        value
1          12.0       -0.5026618640399484
2          12.0       -0.5026271316708731
3          12.0       -0.3778535742628917
4          12.0       -0.3776415000119999
5          12.0       -0.2917151375315601
6          12.0       -0.29135904332310775
7          12.0       -0.17183777902156033
8          12.0       -0.17152898799056446
9          12.0       -0.06908387566993218
10         12.0       -0.06905784208760109
11         12.0       -0.008580112778332661
12         12.0       -0.008413998496495243
13         12.0       0.03437433177674223
14         12.0       0.03443266553318577
15         12.0       0.04581117408982042
16         12.0       0.0461647676810314
17         0.0        0.42091272875411406
18         0.0        0.4211351412731995
19         0.0        0.469043174945569
20         0.0        0.4691459367801617


* 13 th kpt (=[0.5 0.5 0.5])
num        occ        value
1          2.0        -0.4155126117052471
2          2.0        -0.41523861142548696
3          2.0        -0.4151727263853594
4          2.0        -0.41503884319375955
5          2.0        -0.3286816842811212
6          2.0        -0.32846693483790607
7          2.0        -0.32836315268713767
8          2.0        -0.32792417729242984
9          2.0        0.06084593821167301
10         2.0        0.06085220390797181
11         2.0        0.060891732161609445
12         2.0        0.06096147839045257
13         2.0        0.06110537319115913
14         2.0        0.061235331343356944
15         2.0        0.06126074625809555
16         2.0        0.06129791401372403
17         0.0        0.47559065516619836
18         0.0        0.47563776637611943
19         0.0        0.47579322680003067
20         0.0        0.47597226412313665


/home/jhwoo/programs/tucy/tucy/Tucy.py:113: UserWarning: Exited at iteration 20 with accuracies 
[3.94953010e-08 7.91274524e-08 6.69419025e-08 7.92774778e-08
 7.86786782e-08 1.02572228e-07 7.96070148e-08 2.85975782e-07
 1.37142616e-07 2.00634714e-07 1.41370457e-07 3.32150213e-07
 1.64409168e-07 9.90830515e-07 1.04053493e-06 6.70481505e-07
 7.78592970e-04 6.27241172e-04 3.63060696e-03 7.28730638e-03]
not reaching the requested tolerance 1e-07.
  val, vec = scipy.sparse.linalg.lobpcg(**solve_options)
/home/jhwoo/programs/tucy/tucy/Tucy.py:113: UserWarning: Exited at iteration 20 with accuracies 
[3.42617934e-08+0.j 5.89783336e-08+0.j 8.24322821e-08+0.j
 9.45753678e-08+0.j 7.75013336e-08+0.j 8.64347795e-08+0.j
 1.48084039e-07+0.j 8.76079113e-08+0.j 1.56857040e-07+0.j
 1.48003357e-07+0.j 1.25159359e-07+0.j 2.32554079e-07+0.j
 1.90355342e-07+0.j 6.16834836e-07+0.j 5.45982151e-07+0.j
 2.61566766e-07+0.j 5.35888823e-06+0.j 7.32109565e-06+0.j
 3.86136614e-03+0.j 2.74025038e-03+0.j]
not reaching the requested tolerance 1e-07.
  val, vec = scipy.sparse.linalg.lobpcg(**solve_options)
/home/jhwoo/programs/tucy/tucy/Tucy.py:113: UserWarning: Exited at iteration 20 with accuracies 
[5.65353669e-08+0.j 5.27937205e-08+0.j 7.89934616e-08+0.j
 6.90607960e-08+0.j 5.91270020e-08+0.j 7.20541035e-08+0.j
 1.04979901e-07+0.j 1.18153010e-07+0.j 1.26101629e-07+0.j
 1.14340067e-07+0.j 1.42072120e-07+0.j 1.89300510e-07+0.j
 2.70901766e-07+0.j 1.71248016e-07+0.j 1.94072924e-07+0.j
 1.65189254e-07+0.j 1.65082423e-06+0.j 1.70208965e-06+0.j
 4.55383112e-04+0.j 7.20405026e-04+0.j]
not reaching the requested tolerance 1e-07.
  val, vec = scipy.sparse.linalg.lobpcg(**solve_options)
/home/jhwoo/programs/tucy/tucy/Tucy.py:113: UserWarning: Exited at iteration 20 with accuracies 
[3.82238824e-08+0.j 5.41076659e-08+0.j 4.84605867e-08+0.j
 5.92014217e-08+0.j 8.65674134e-08+0.j 1.14403181e-07+0.j
 1.09546820e-07+0.j 1.28213180e-07+0.j 1.61114973e-07+0.j
 1.09442288e-07+0.j 1.34918146e-07+0.j 2.07781875e-07+0.j
 1.45770428e-07+0.j 2.68165604e-07+0.j 2.41058266e-07+0.j
 3.50802002e-07+0.j 6.39000711e-06+0.j 8.89454657e-06+0.j
 9.45217161e-06+0.j 1.08131641e-05+0.j]
not reaching the requested tolerance 1e-07.
  val, vec = scipy.sparse.linalg.lobpcg(**solve_options)
/home/jhwoo/programs/tucy/tucy/Tucy.py:113: UserWarning: Exited at iteration 20 with accuracies 
[6.03245921e-08+0.j 5.80987656e-08+0.j 5.79174000e-08+0.j
 6.39843192e-08+0.j 7.68238083e-08+0.j 6.80986323e-08+0.j
 1.01875050e-07+0.j 1.14536459e-07+0.j 1.43387458e-07+0.j
 1.38308334e-07+0.j 1.41705968e-07+0.j 1.65598179e-07+0.j
 1.32849076e-07+0.j 1.73187339e-07+0.j 3.40257348e-07+0.j
 2.41985030e-07+0.j 3.16998446e-06+0.j 3.56982797e-06+0.j
 9.83177136e-06+0.j 8.39365631e-06+0.j]
not reaching the requested tolerance 1e-07.
  val, vec = scipy.sparse.linalg.lobpcg(**solve_options)
/home/jhwoo/programs/tucy/tucy/Tucy.py:113: UserWarning: Exited at iteration 20 with accuracies 
[4.95888862e-08+0.j 5.23346204e-08+0.j 5.98424482e-08+0.j
 7.10594837e-08+0.j 7.35107482e-08+0.j 1.00846469e-07+0.j
 9.49626370e-08+0.j 1.18026208e-07+0.j 1.46185727e-07+0.j
 1.34494419e-07+0.j 2.04749163e-07+0.j 1.40098015e-07+0.j
 1.60860116e-07+0.j 2.17900126e-07+0.j 2.05024124e-07+0.j
 4.11108825e-07+0.j 6.79326751e-06+0.j 1.08917592e-05+0.j
 9.91704022e-06+0.j 1.13412048e-05+0.j]
not reaching the requested tolerance 1e-07.
  val, vec = scipy.sparse.linalg.lobpcg(**solve_options)
/home/jhwoo/programs/tucy/tucy/Tucy.py:113: UserWarning: Exited at iteration 20 with accuracies 
[5.11928353e-08+0.j 6.12045604e-08+0.j 5.23958152e-08+0.j
 4.89767332e-08+0.j 9.00098561e-08+0.j 9.12378086e-08+0.j
 9.53821734e-08+0.j 6.68068487e-08+0.j 1.22969882e-07+0.j
 1.50099213e-07+0.j 1.15123310e-07+0.j 1.09554789e-07+0.j
 1.88276309e-07+0.j 3.02470708e-07+0.j 2.32190557e-07+0.j
 2.26793688e-07+0.j 7.49713729e-06+0.j 7.53945664e-06+0.j
 5.12341915e-06+0.j 8.95274646e-06+0.j]
not reaching the requested tolerance 1e-07.
  val, vec = scipy.sparse.linalg.lobpcg(**solve_options)
/home/jhwoo/programs/tucy/tucy/Tucy.py:113: UserWarning: Exited at iteration 20 with accuracies 
[4.45759311e-08+0.j 4.65620101e-08+0.j 5.31730442e-08+0.j
 5.62430717e-08+0.j 7.35004933e-08+0.j 9.07861918e-08+0.j
 7.77469883e-08+0.j 1.38094384e-07+0.j 1.54444157e-07+0.j
 1.39942772e-07+0.j 1.34955544e-07+0.j 1.60221103e-07+0.j
 1.54090792e-07+0.j 1.53713369e-07+0.j 3.01798868e-07+0.j
 2.75860662e-07+0.j 7.50826267e-06+0.j 4.17999625e-06+0.j
 5.92008602e-06+0.j 1.75027218e-03+0.j]
not reaching the requested tolerance 1e-07.
  val, vec = scipy.sparse.linalg.lobpcg(**solve_options)
/home/jhwoo/programs/tucy/tucy/Tucy.py:113: UserWarning: Exited at iteration 20 with accuracies 
[5.84706210e-08+0.j 5.87254590e-08+0.j 6.83622569e-08+0.j
 6.86457764e-08+0.j 7.40707614e-08+0.j 7.75264978e-08+0.j
 9.05106843e-08+0.j 7.81402034e-08+0.j 1.56148964e-07+0.j
 1.31998369e-07+0.j 1.72105488e-07+0.j 2.25305748e-07+0.j
 2.47239731e-07+0.j 2.04024261e-07+0.j 2.14313384e-07+0.j
 2.50922350e-07+0.j 5.79755459e-06+0.j 6.23308049e-06+0.j
 1.46017486e-05+0.j 1.09019927e-05+0.j]
not reaching the requested tolerance 1e-07.
  val, vec = scipy.sparse.linalg.lobpcg(**solve_options)
/home/jhwoo/programs/tucy/tucy/Tucy.py:113: UserWarning: Exited at iteration 20 with accuracies 
[4.28209799e-08+0.j 5.95401692e-08+0.j 5.29223472e-08+0.j
 5.39068386e-08+0.j 7.09805616e-08+0.j 8.00064631e-08+0.j
 7.27050849e-08+0.j 1.38604882e-07+0.j 1.26210256e-07+0.j
 1.21727435e-07+0.j 1.34045002e-07+0.j 2.35797568e-07+0.j
 1.40756268e-07+0.j 1.39696418e-07+0.j 3.40692706e-07+0.j
 2.79377551e-07+0.j 4.98723655e-06+0.j 9.47662476e-06+0.j
 7.67218984e-06+0.j 6.41884787e-04+0.j]
not reaching the requested tolerance 1e-07.
  val, vec = scipy.sparse.linalg.lobpcg(**solve_options)
/home/jhwoo/programs/tucy/tucy/Tucy.py:113: UserWarning: Exited at iteration 20 with accuracies 
[6.70314114e-08+0.j 6.20704393e-08+0.j 5.38648485e-08+0.j
 5.15332228e-08+0.j 6.94965072e-08+0.j 8.45145498e-08+0.j
 6.81028024e-08+0.j 7.53281500e-08+0.j 1.63559185e-07+0.j
 2.39839006e-07+0.j 1.64211364e-07+0.j 2.29155463e-07+0.j
 2.37174867e-07+0.j 2.92683447e-07+0.j 2.38511748e-07+0.j
 2.60012460e-07+0.j 2.89074556e-05+0.j 4.30406552e-05+0.j
 4.49601178e-05+0.j 4.58944991e-05+0.j]
not reaching the requested tolerance 1e-07.
  val, vec = scipy.sparse.linalg.lobpcg(**solve_options)
/home/jhwoo/programs/tucy/tucy/Tucy.py:113: UserWarning: Exited at iteration 20 with accuracies 
[5.40062007e-08+0.j 5.39902799e-08+0.j 6.83251417e-08+0.j
 6.59476744e-08+0.j 6.32341832e-08+0.j 6.91747939e-08+0.j
 1.05184395e-07+0.j 1.16358542e-07+0.j 1.45806969e-07+0.j
 1.48234687e-07+0.j 1.71194850e-07+0.j 1.93599663e-07+0.j
 2.46147209e-07+0.j 2.82344639e-07+0.j 2.61087997e-07+0.j
 2.79314419e-07+0.j 6.83083611e-06+0.j 6.61992122e-06+0.j
 2.00939798e-05+0.j 3.13026525e-05+0.j]
not reaching the requested tolerance 1e-07.
  val, vec = scipy.sparse.linalg.lobpcg(**solve_options)
/home/jhwoo/programs/tucy/tucy/Tucy.py:113: UserWarning: Exited at iteration 20 with accuracies 
[5.81406238e-08+0.j 6.85625992e-08+0.j 6.34331461e-08+0.j
 6.34077570e-08+0.j 6.72227655e-08+0.j 7.44889657e-08+0.j
 6.76540268e-08+0.j 5.46642072e-08+0.j 3.63014627e-07+0.j
 2.47356101e-07+0.j 2.84647934e-07+0.j 2.95889527e-07+0.j
 3.52954477e-07+0.j 2.23369186e-07+0.j 2.99810430e-07+0.j
 3.20731663e-07+0.j 1.46854054e-03+0.j 1.78418968e-03+0.j
 1.52386995e-03+0.j 1.92127931e-03+0.j]
not reaching the requested tolerance 1e-07.
  val, vec = scipy.sparse.linalg.lobpcg(**solve_options)
Integral of density (=32.00000000000006) is normalized to 32.0
Orbital energy difference = -0.0003834798308979259
Density difference (relative) = 0.00029649144974070287
Elapsed time[calc_external_energy]: 2.8848648071289062e-05 sec
Elapsed time[calc_nonlocal_energy]: 0.24294757843017578 sec

============ Energy (Hartree) ============
|   Total Energy        : -45.4897549858 |
------------------------------------------
| * Ion-ion Energy      : 0.0            |
| * Eigenvals sum for 0 : -5.340745341   |
| * Hartree Energy      : 2.0622059201   |
| * XC Energy           : -14.2176571663 |
| * Kinetic Energy      : 33.3147126872  |
| * External Energy     : -67.8219364896 |
| * Non-local Energy    : 1.1729200628   |
==========================================
Elapsed time[calc_and_print_energies]: 0.3395111560821533 sec
Total energy difference = 0.0004377060065223759 Hartree
Elapsed time for 7 th cycle: 5.530760049819946 sec

==================== [ END CYCLE 7 ] ====================
Elapsed time[_get_mixed_var]: 0.00021028518676757812 sec
Elapsed time[compute_potential]: 0.00393366813659668 sec
Elapsed time[compute]: 0.010713815689086914 sec

==================== [ SCF CYCLE 8 ] ====================
==== Tucker Diagonalization ====
Elapsed time[project_local_potential_to_core]: 0.019987821578979492 sec
Elapsed time[project_local_potential_to_core]: 0.05810070037841797 sec
Elapsed time[project_local_potential_to_core]: 0.05735063552856445 sec
Elapsed time[project_local_potential_to_core]: 0.05717873573303223 sec
Elapsed time[project_local_potential_to_core]: 0.05710601806640625 sec
Elapsed time[project_local_potential_to_core]: 0.0574343204498291 sec
Elapsed time[project_local_potential_to_core]: 0.057271718978881836 sec
Elapsed time[project_local_potential_to_core]: 0.05717206001281738 sec
Elapsed time[project_local_potential_to_core]: 0.05738663673400879 sec
Elapsed time[project_local_potential_to_core]: 0.057343482971191406 sec
Elapsed time[project_local_potential_to_core]: 0.057464599609375 sec
Elapsed time[project_local_potential_to_core]: 0.057329416275024414 sec
Elapsed time[project_local_potential_to_core]: 0.0574946403503418 sec
Elapsed time[restore_orbital]: 0.0008027553558349609 sec
Elapsed time[core_diagonalize]: 0.1275315284729004 sec
Elapsed time[restore_orbital]: 0.0018889904022216797 sec
Elapsed time[core_diagonalize]: 0.3677864074707031 sec
Elapsed time[restore_orbital]: 0.00193023681640625 sec
Elapsed time[core_diagonalize]: 0.3655869960784912 sec
Elapsed time[restore_orbital]: 0.0019059181213378906 sec
Elapsed time[core_diagonalize]: 0.36856770515441895 sec
Elapsed time[restore_orbital]: 0.0019011497497558594 sec
Elapsed time[core_diagonalize]: 0.36643004417419434 sec
Elapsed time[restore_orbital]: 0.002127408981323242 sec
Elapsed time[core_diagonalize]: 0.36735081672668457 sec
Elapsed time[restore_orbital]: 0.0021245479583740234 sec
Elapsed time[core_diagonalize]: 0.3656954765319824 sec
Elapsed time[restore_orbital]: 0.002111673355102539 sec
Elapsed time[core_diagonalize]: 0.36489033699035645 sec
Elapsed time[restore_orbital]: 0.0019295215606689453 sec
Elapsed time[core_diagonalize]: 0.3647315502166748 sec
Elapsed time[restore_orbital]: 0.0018570423126220703 sec
Elapsed time[core_diagonalize]: 0.36632800102233887 sec
Elapsed time[restore_orbital]: 0.0019001960754394531 sec
Elapsed time[core_diagonalize]: 0.36669158935546875 sec
Elapsed time[restore_orbital]: 0.0019245147705078125 sec
Elapsed time[core_diagonalize]: 0.36560702323913574 sec
Elapsed time[restore_orbital]: 0.0019404888153076172 sec
Elapsed time[core_diagonalize]: 0.3626115322113037 sec
Elapsed time[diagonalize]: 5.229223728179932 sec

[ PRINT EIGENVALUES ]
( spin alpha )
* 1 th kpt (=[0. 0. 0.])
num        occ        value
1          2.0        -0.6261171588954926
2          2.0        -0.3071159863013712
3          2.0        -0.3069916777293736
4          2.0        -0.3068036899463286
5          2.0        -0.3065746259738314
6          2.0        -0.3063588256814268
7          2.0        -0.3062584703781497
8          2.0        -0.069380896587915
9          2.0        -0.06935070886439346
10         2.0        -0.06924239817893245
11         2.0        -0.06918651379909221
12         2.0        -0.06918218196517542
13         2.0        -0.06916177712824044
14         2.0        0.16182949617602543
15         2.0        0.16208088097460932
16         2.0        0.1624794927652656
17         0.0        0.3375058574298456
18         0.0        0.3375471017729569
19         0.0        0.33772964554189994
20         0.0        0.33779816046950545


* 2 th kpt (=[0.25 0.   0.  ])
num        occ        value
1          12.0       -0.6052526589708476
2          12.0       -0.44053433119746277
3          12.0       -0.2949810078992009
4          12.0       -0.2948157954328408
5          12.0       -0.2945407820686176
6          12.0       -0.294350835792312
7          12.0       -0.15278022313027773
8          12.0       -0.10574466903835421
9          12.0       -0.10567871871684736
10         12.0       -0.10554870052628927
11         12.0       -0.10554531586987241
12         12.0       -0.0491915087358909
13         12.0       -0.04896292724936472
14         12.0       0.09811749618811416
15         12.0       0.09846894010070648
16         12.0       0.11627773044296658
17         0.0        0.3147966139843528
18         0.0        0.3557926835193384
19         0.0        0.41059599834546484
20         0.0        0.4153155013015443


* 3 th kpt (=[0.5 0.  0. ])
num        occ        value
1          6.0        -0.5424834933252062
2          6.0        -0.5424664251162997
3          6.0        -0.2783859378670838
4          6.0        -0.27837845938246936
5          6.0        -0.2778822871484223
6          6.0        -0.2778714652228147
7          6.0        -0.14279440773976412
8          6.0        -0.14279187591897916
9          6.0        -0.14269728243823585
10         6.0        -0.1426969401662557
11         6.0        -0.0023786591592702827
12         6.0        -0.002374008063278456
13         6.0        0.010178036086903297
14         6.0        0.010186707968879546
15         6.0        0.010443922568113832
16         6.0        0.010448697677531184
17         0.0        0.32723341001160966
18         0.0        0.3272861293348196
19         0.0        0.5393126118628506
20         0.0        0.5393812480617962


* 4 th kpt (=[0.25 0.25 0.  ])
num        occ        value
1          12.0       -0.5845402710963962
2          12.0       -0.4222015950663687
3          12.0       -0.422193443049086
4          12.0       -0.31475914527073334
5          12.0       -0.26962361819644765
6          12.0       -0.17899231273285796
7          12.0       -0.1689834103082497
8          12.0       -0.1689707952267902
9          12.0       -0.0943647970093445
10         12.0       -0.09435996567180052
11         12.0       -0.05501178347269794
12         12.0       -0.05500319619661924
13         12.0       -0.03280586542558097
14         12.0       0.01700764507686172
15         12.0       0.04284196737417948
16         12.0       0.1369794612689384
17         0.0        0.3708932296706795
18         0.0        0.39530314850759435
19         0.0        0.39533004237085106
20         0.0        0.41346298030744094


* 5 th kpt (=[0.5  0.25 0.  ])
num        occ        value
1          24.0       -0.5223714669578152
2          24.0       -0.5223494702882929
3          24.0       -0.3708490899274388
4          24.0       -0.37079831951221265
5          24.0       -0.22074348107465386
6          24.0       -0.22053488249650857
7          24.0       -0.16324420676833298
8          24.0       -0.1631488043896179
9          24.0       -0.07658201151567799
10         24.0       -0.07637071756823618
11         24.0       -0.039713136428271074
12         24.0       -0.039614840382468514
13         24.0       -0.037292867071026053
14         24.0       -0.03723007087294724
15         24.0       0.057738428016743906
16         24.0       0.057874181745535186
17         0.0        0.4054361541467917
18         0.0        0.4055612856630096
19         0.0        0.470827324227102
20         0.0        0.4709267598875053


* 6 th kpt (=[-0.25  0.25  0.  ])
num        occ        value
1          12.0       -0.5845426010414462
2          12.0       -0.42218338000794575
3          12.0       -0.42217526780183706
4          12.0       -0.31493181912795915
5          12.0       -0.26939650136656584
6          12.0       -0.1789775161775333
7          12.0       -0.169145420291487
8          12.0       -0.16913293540190918
9          12.0       -0.09427331437830067
10         12.0       -0.09427002015082289
11         12.0       -0.0549423463176028
12         12.0       -0.05493401137436885
13         12.0       -0.032866641450408546
14         12.0       0.01718999463443958
15         12.0       0.04275569609951741
16         12.0       0.13686530373358502
17         0.0        0.3707553626709976
18         0.0        0.39521894971966254
19         0.0        0.3952456719281384
20         0.0        0.41353407439940926


* 7 th kpt (=[0.5 0.5 0. ])
num        occ        value
1          6.0        -0.46262686900868033
2          6.0        -0.46262106093956934
3          6.0        -0.46260993450400567
4          6.0        -0.462588600637977
5          6.0        -0.15768265117183253
6          6.0        -0.15765461031434921
7          6.0        -0.15745460376843645
8          6.0        -0.15745279504698798
9          6.0        -0.11714518586660352
10         6.0        -0.11713922983221702
11         6.0        -0.11703308505887523
12         6.0        -0.11701510419814677
13         6.0        0.05368361850433102
14         6.0        0.05369675911418886
15         6.0        0.05374585341582279
16         6.0        0.05379659286327877
17         0.0        0.453778921730645
18         0.0        0.45378848743279665
19         0.0        0.45395100623474177
20         0.0        0.45396759806592807


* 8 th kpt (=[0.25 0.25 0.25])
num        occ        value
1          4.0        -0.5640090840860781
2          4.0        -0.40580144513302796
3          4.0        -0.4056775425149837
4          4.0        -0.40562751814380693
5          4.0        -0.23377095707214512
6          4.0        -0.23361956228506287
7          4.0        -0.23324023353513892
8          4.0        -0.08493548083497411
9          4.0        -0.08483324225118287
10         4.0        -0.08477550934728507
11         4.0        -0.07857579146413653
12         4.0        -0.015397637326120251
13         4.0        -0.015219524629943623
14         4.0        -0.015206037927793762
15         4.0        0.09978648370309157
16         4.0        0.10020377971970003
17         0.0        0.38593471817053476
18         0.0        0.38611296101874126
19         0.0        0.38627535014705056
20         0.0        0.4512537223802759


* 9 th kpt (=[0.5  0.25 0.25])
num        occ        value
1          12.0       -0.5026544086295556
2          12.0       -0.5026064405213918
3          12.0       -0.3777671253332698
4          12.0       -0.3776246396507795
5          12.0       -0.2916915487894545
6          12.0       -0.2914529973713395
7          12.0       -0.17177710179018635
8          12.0       -0.17150660162062853
9          12.0       -0.06899123466019805
10         12.0       -0.06896930938799196
11         12.0       -0.008572521568765964
12         12.0       -0.008458248053085687
13         12.0       0.03438667182143208
14         12.0       0.03442807451263251
15         12.0       0.04585816636985638
16         12.0       0.04616160942029277
17         0.0        0.4208808580536888
18         0.0        0.421096512955644
19         0.0        0.46902124142009627
20         0.0        0.4690952057758133


* 10 th kpt (=[-0.25  0.25  0.25])
num        occ        value
1          12.0       -0.5640206168582629
2          12.0       -0.40569474113744797
3          12.0       -0.40566428556531514
4          12.0       -0.4056191330967832
5          12.0       -0.23386204537261632
6          12.0       -0.23371793839530808
7          12.0       -0.2336418542555086
8          12.0       -0.08459119184569011
9          12.0       -0.08455500986933266
10         12.0       -0.08453573995103579
11         12.0       -0.07836780327061368
12         12.0       -0.015420250660228655
13         12.0       -0.015400637399936842
14         12.0       -0.01530021954592414
15         12.0       0.09980055825075015
16         12.0       0.10001693081497456
17         0.0        0.38580658440195337
18         0.0        0.385832193069813
19         0.0        0.3858796679593117
20         0.0        0.45126059771580884


* 11 th kpt (=[0.5  0.5  0.25])
num        occ        value
1          12.0       -0.4453806212095429
2          12.0       -0.4452767324692626
3          12.0       -0.445275149044439
4          12.0       -0.4452295054028
5          12.0       -0.26162692977642116
6          12.0       -0.26150494544885605
7          12.0       -0.2614646788039823
8          12.0       -0.261179460636234
9          12.0       -0.005163126170078213
10         12.0       -0.005057322141493444
11         12.0       -0.0049928838206393005
12         12.0       -0.00482074701487929
13         12.0       0.057034028020128295
14         12.0       0.05712698227641386
15         12.0       0.05714059076109361
16         12.0       0.05718905294309956
17         0.0        0.46499093929975344
18         0.0        0.4651810394196305
19         0.0        0.4652482214626608
20         0.0        0.4652915970777111


* 12 th kpt (=[-0.25  0.5   0.25])
num        occ        value
1          12.0       -0.5026412014783933
2          12.0       -0.5026083081160228
3          12.0       -0.3778363701713622
4          12.0       -0.37762183183633147
5          12.0       -0.2916953777846973
6          12.0       -0.2913349955407445
7          12.0       -0.17181769069611857
8          12.0       -0.17150763190464322
9          12.0       -0.06906302620410887
10         12.0       -0.06903679490256275
11         12.0       -0.008559649352035016
12         12.0       -0.00839196152426149
13         12.0       0.0343938563735555
14         12.0       0.034456083723884756
15         12.0       0.045833074766683864
16         12.0       0.04618845612553
17         0.0        0.4209363404048752
18         0.0        0.42115788357671374
19         0.0        0.4690717273650236
20         0.0        0.46917484614475924


* 13 th kpt (=[0.5 0.5 0.5])
num        occ        value
1          2.0        -0.4154942661160076
2          2.0        -0.4152211878509483
3          2.0        -0.4151538450439439
4          2.0        -0.41501929554909506
5          2.0        -0.32866073562160725
6          2.0        -0.32844662115048906
7          2.0        -0.32833937295598825
8          2.0        -0.3279017502128588
9          2.0        0.0608646333220077
10         2.0        0.06087539301574253
11         2.0        0.06091524842791765
12         2.0        0.060982985990125076
13         2.0        0.06112890646946113
14         2.0        0.06126021383906764
15         2.0        0.06128439366359503
16         2.0        0.06131952414211184
17         0.0        0.4755982154276595
18         0.0        0.4756481383155764
19         0.0        0.47580267753209854
20         0.0        0.4759820144673562


/home/jhwoo/programs/tucy/tucy/Tucy.py:113: UserWarning: Exited at iteration 20 with accuracies 
[2.74634580e-08 6.88319771e-08 7.07074907e-08 7.24012006e-08
 7.49569336e-08 5.12182321e-08 3.92494392e-08 1.03595446e-07
 8.06877291e-08 9.09261710e-08 5.77585051e-08 1.44912904e-07
 6.09493846e-08 1.78404126e-07 3.30207813e-07 3.16733606e-07
 4.92013771e-04 2.12318997e-04 1.74389060e-03 2.07717187e-03]
not reaching the requested tolerance 1e-07.
  val, vec = scipy.sparse.linalg.lobpcg(**solve_options)
/home/jhwoo/programs/tucy/tucy/Tucy.py:113: UserWarning: Exited at iteration 20 with accuracies 
[3.47793732e-08+0.j 3.99509648e-08+0.j 5.66234825e-08+0.j
 5.03777240e-08+0.j 5.29861921e-08+0.j 5.66609840e-08+0.j
 7.81714839e-08+0.j 7.53984081e-08+0.j 8.03021667e-08+0.j
 7.53230027e-08+0.j 6.53271194e-08+0.j 1.06442127e-07+0.j
 7.43811476e-08+0.j 1.84898907e-07+0.j 2.21803936e-07+0.j
 8.59369747e-08+0.j 1.19874796e-06+0.j 2.23011598e-06+0.j
 1.86341504e-03+0.j 2.05291132e-03+0.j]
not reaching the requested tolerance 1e-07.
  val, vec = scipy.sparse.linalg.lobpcg(**solve_options)
/home/jhwoo/programs/tucy/tucy/Tucy.py:113: UserWarning: Exited at iteration 20 with accuracies 
[4.98672506e-08+0.j 5.28396290e-08+0.j 6.31505424e-08+0.j
 5.38109671e-08+0.j 6.28740872e-08+0.j 5.43986456e-08+0.j
 6.62778403e-08+0.j 6.57107238e-08+0.j 7.23387943e-08+0.j
 7.56577244e-08+0.j 7.84344010e-08+0.j 6.54000431e-08+0.j
 9.44826210e-08+0.j 8.14071707e-08+0.j 8.88076873e-08+0.j
 8.39796004e-08+0.j 5.85576046e-07+0.j 5.88987843e-07+0.j
 2.67072186e-04+0.j 3.12615945e-04+0.j]
not reaching the requested tolerance 1e-07.
  val, vec = scipy.sparse.linalg.lobpcg(**solve_options)
/home/jhwoo/programs/tucy/tucy/Tucy.py:113: UserWarning: Exited at iteration 20 with accuracies 
[4.11270787e-08+0.j 4.79130200e-08+0.j 5.37704572e-08+0.j
 6.40808695e-08+0.j 5.80051618e-08+0.j 5.90017801e-08+0.j
 7.01740053e-08+0.j 6.85941202e-08+0.j 7.94432165e-08+0.j
 6.47696768e-08+0.j 6.97484716e-08+0.j 8.21891689e-08+0.j
 8.21609864e-08+0.j 9.63514195e-08+0.j 1.19252404e-07+0.j
 1.18168972e-07+0.j 1.51263818e-06+0.j 2.93929212e-06+0.j
 2.16660234e-06+0.j 3.41886334e-06+0.j]
not reaching the requested tolerance 1e-07.
  val, vec = scipy.sparse.linalg.lobpcg(**solve_options)
/home/jhwoo/programs/tucy/tucy/Tucy.py:113: UserWarning: Exited at iteration 20 with accuracies 
[5.43219124e-08+0.j 4.98898527e-08+0.j 6.38221520e-08+0.j
 5.39623271e-08+0.j 6.02383293e-08+0.j 6.57264049e-08+0.j
 7.00354924e-08+0.j 6.67635851e-08+0.j 5.78767321e-08+0.j
 6.87077488e-08+0.j 7.41900266e-08+0.j 7.50094639e-08+0.j
 6.44648535e-08+0.j 7.33835773e-08+0.j 7.84346454e-08+0.j
 7.87421829e-08+0.j 1.11001895e-06+0.j 1.07407278e-06+0.j
 2.67172966e-06+0.j 2.24975325e-06+0.j]
not reaching the requested tolerance 1e-07.
  val, vec = scipy.sparse.linalg.lobpcg(**solve_options)
/home/jhwoo/programs/tucy/tucy/Tucy.py:113: UserWarning: Exited at iteration 20 with accuracies 
[3.85557603e-08+0.j 4.89597743e-08+0.j 4.53935166e-08+0.j
 6.48269379e-08+0.j 5.08820455e-08+0.j 6.10356388e-08+0.j
 5.69192699e-08+0.j 5.80475122e-08+0.j 6.88079126e-08+0.j
 7.01679467e-08+0.j 7.64557440e-08+0.j 7.85525058e-08+0.j
 7.62379525e-08+0.j 1.08288016e-07+0.j 1.26723267e-07+0.j
 1.24330021e-07+0.j 2.08975411e-06+0.j 2.28474638e-06+0.j
 2.22678803e-06+0.j 3.64187899e-06+0.j]
not reaching the requested tolerance 1e-07.
  val, vec = scipy.sparse.linalg.lobpcg(**solve_options)
/home/jhwoo/programs/tucy/tucy/Tucy.py:113: UserWarning: Exited at iteration 20 with accuracies 
[4.58732454e-08+0.j 6.66353523e-08+0.j 5.91975079e-08+0.j
 5.96709030e-08+0.j 6.64664406e-08+0.j 6.65697324e-08+0.j
 5.26922453e-08+0.j 6.38296746e-08+0.j 5.98676221e-08+0.j
 5.97137649e-08+0.j 6.19876523e-08+0.j 6.16013184e-08+0.j
 9.33846466e-08+0.j 8.66897335e-08+0.j 7.53260265e-08+0.j
 8.47016736e-08+0.j 2.64615849e-06+0.j 2.28979735e-06+0.j
 1.56185260e-06+0.j 2.30857920e-06+0.j]
not reaching the requested tolerance 1e-07.
  val, vec = scipy.sparse.linalg.lobpcg(**solve_options)
/home/jhwoo/programs/tucy/tucy/Tucy.py:113: UserWarning: Exited at iteration 20 with accuracies 
[4.51004201e-08+0.j 6.23465024e-08+0.j 4.35801153e-08+0.j
 4.93342946e-08+0.j 6.49473594e-08+0.j 5.08325807e-08+0.j
 5.74566187e-08+0.j 6.02707614e-08+0.j 7.00098014e-08+0.j
 7.16421817e-08+0.j 7.20685417e-08+0.j 7.84115085e-08+0.j
 7.09366665e-08+0.j 7.41530977e-08+0.j 1.16803810e-07+0.j
 1.22002920e-07+0.j 1.83252955e-06+0.j 2.23695307e-06+0.j
 1.45101680e-06+0.j 1.49494390e-03+0.j]
not reaching the requested tolerance 1e-07.
  val, vec = scipy.sparse.linalg.lobpcg(**solve_options)
/home/jhwoo/programs/tucy/tucy/Tucy.py:113: UserWarning: Exited at iteration 20 with accuracies 
[6.58868217e-08+0.j 5.31858196e-08+0.j 4.57560999e-08+0.j
 5.85662324e-08+0.j 5.47396793e-08+0.j 5.90464465e-08+0.j
 5.71766459e-08+0.j 6.82936905e-08+0.j 7.39834085e-08+0.j
 7.73705136e-08+0.j 7.48302336e-08+0.j 7.56303454e-08+0.j
 8.93165103e-08+0.j 9.02583223e-08+0.j 7.90434888e-08+0.j
 8.04511580e-08+0.j 1.87753508e-06+0.j 2.53841400e-06+0.j
 6.02743670e-06+0.j 5.91577707e-06+0.j]
not reaching the requested tolerance 1e-07.
  val, vec = scipy.sparse.linalg.lobpcg(**solve_options)
/home/jhwoo/programs/tucy/tucy/Tucy.py:113: UserWarning: Exited at iteration 20 with accuracies 
[3.46096091e-08+0.j 5.20442236e-08+0.j 4.02375635e-08+0.j
 4.30040746e-08+0.j 6.30299671e-08+0.j 5.38368782e-08+0.j
 5.41637015e-08+0.j 6.86311092e-08+0.j 6.32566551e-08+0.j
 5.38603014e-08+0.j 7.01091013e-08+0.j 9.63903958e-08+0.j
 7.32953979e-08+0.j 6.78681852e-08+0.j 9.45594114e-08+0.j
 1.02471961e-07+0.j 1.69634171e-06+0.j 2.52718860e-06+0.j
 1.81351321e-06+0.j 6.23043411e-04+0.j]
not reaching the requested tolerance 1e-07.
  val, vec = scipy.sparse.linalg.lobpcg(**solve_options)
/home/jhwoo/programs/tucy/tucy/Tucy.py:113: UserWarning: Exited at iteration 20 with accuracies 
[5.46338730e-08+0.j 4.19508796e-08+0.j 4.73270087e-08+0.j
 5.95017330e-08+0.j 4.97914803e-08+0.j 5.87986818e-08+0.j
 6.32780810e-08+0.j 5.96136970e-08+0.j 7.30983363e-08+0.j
 8.57858131e-08+0.j 6.40818857e-08+0.j 7.95446671e-08+0.j
 1.01198800e-07+0.j 9.41050994e-08+0.j 1.28735252e-07+0.j
 1.15492505e-07+0.j 8.69363776e-06+0.j 1.36828657e-05+0.j
 1.48716127e-05+0.j 1.32736830e-05+0.j]
not reaching the requested tolerance 1e-07.
  val, vec = scipy.sparse.linalg.lobpcg(**solve_options)
/home/jhwoo/programs/tucy/tucy/Tucy.py:113: UserWarning: Exited at iteration 20 with accuracies 
[4.86374363e-08+0.j 4.10898502e-08+0.j 5.96325329e-08+0.j
 6.19847596e-08+0.j 5.88359411e-08+0.j 5.38348688e-08+0.j
 5.61521375e-08+0.j 5.66558381e-08+0.j 7.59318958e-08+0.j
 7.99413014e-08+0.j 7.24865026e-08+0.j 6.95741362e-08+0.j
 8.10861806e-08+0.j 8.09411491e-08+0.j 8.14231957e-08+0.j
 8.18196873e-08+0.j 2.18016347e-06+0.j 2.22661031e-06+0.j
 7.10844980e-06+0.j 8.18006995e-06+0.j]
not reaching the requested tolerance 1e-07.
  val, vec = scipy.sparse.linalg.lobpcg(**solve_options)
/home/jhwoo/programs/tucy/tucy/Tucy.py:113: UserWarning: Exited at iteration 20 with accuracies 
[4.22773578e-08+0.j 5.68737111e-08+0.j 4.59884979e-08+0.j
 5.39747050e-08+0.j 6.87330590e-08+0.j 4.57210877e-08+0.j
 6.40140818e-08+0.j 6.17586705e-08+0.j 8.17215334e-08+0.j
 9.29583984e-08+0.j 9.51041536e-08+0.j 1.40214323e-07+0.j
 1.12266957e-07+0.j 8.84984562e-08+0.j 9.88532193e-08+0.j
 7.93560774e-08+0.j 9.65386769e-04+0.j 1.63551164e-03+0.j
 1.96933418e-03+0.j 2.27147926e-03+0.j]
not reaching the requested tolerance 1e-07.
  val, vec = scipy.sparse.linalg.lobpcg(**solve_options)
Integral of density (=32.000000000000064) is normalized to 32.0
Orbital energy difference = 0.0006674404033439885
Density difference (relative) = 0.00013201598093153866
Elapsed time[calc_external_energy]: 2.9325485229492188e-05 sec
Elapsed time[calc_nonlocal_energy]: 0.24560761451721191 sec

============ Energy (Hartree) ============
|   Total Energy        : -45.4903842309 |
------------------------------------------
| * Ion-ion Energy      : 0.0            |
| * Eigenvals sum for 0 : -5.3400779006  |
| * Hartree Energy      : 2.0619899551   |
| * XC Energy           : -14.2179423737 |
| * Kinetic Energy      : 33.3143372958  |
| * External Energy     : -67.8216666145 |
| * Non-local Energy    : 1.1728975064   |
==========================================
Elapsed time[calc_and_print_energies]: 0.34180593490600586 sec
Total energy difference = -0.0006292450235747538 Hartree
Elapsed time for 8 th cycle: 5.58793306350708 sec

==================== [ END CYCLE 8 ] ====================
Elapsed time[_get_mixed_var]: 0.00021076202392578125 sec
Elapsed time[compute_potential]: 0.0039033889770507812 sec
Elapsed time[compute]: 0.010691642761230469 sec

==================== [ SCF CYCLE 9 ] ====================
==== Tucker Diagonalization ====
Elapsed time[project_local_potential_to_core]: 0.01939558982849121 sec
Elapsed time[project_local_potential_to_core]: 0.05153322219848633 sec
Elapsed time[project_local_potential_to_core]: 0.05163311958312988 sec
Elapsed time[project_local_potential_to_core]: 0.05157756805419922 sec
Elapsed time[project_local_potential_to_core]: 0.05162525177001953 sec
Elapsed time[project_local_potential_to_core]: 0.05183672904968262 sec
Elapsed time[project_local_potential_to_core]: 0.052355051040649414 sec
Elapsed time[project_local_potential_to_core]: 0.05155515670776367 sec
Elapsed time[project_local_potential_to_core]: 0.05189633369445801 sec
Elapsed time[project_local_potential_to_core]: 0.05154132843017578 sec
Elapsed time[project_local_potential_to_core]: 0.05133414268493652 sec
Elapsed time[project_local_potential_to_core]: 0.051512718200683594 sec
Elapsed time[project_local_potential_to_core]: 0.051474809646606445 sec
Elapsed time[restore_orbital]: 0.0008094310760498047 sec
Elapsed time[core_diagonalize]: 0.12673044204711914 sec
Elapsed time[restore_orbital]: 0.0018885135650634766 sec
Elapsed time[core_diagonalize]: 0.35592103004455566 sec
Elapsed time[restore_orbital]: 0.0019140243530273438 sec
Elapsed time[core_diagonalize]: 0.35016560554504395 sec
Elapsed time[restore_orbital]: 0.0018584728240966797 sec
Elapsed time[core_diagonalize]: 0.351207971572876 sec
Elapsed time[restore_orbital]: 0.0019288063049316406 sec
Elapsed time[core_diagonalize]: 0.3478264808654785 sec
Elapsed time[restore_orbital]: 0.0019278526306152344 sec
Elapsed time[core_diagonalize]: 0.355562686920166 sec
Elapsed time[restore_orbital]: 0.0018923282623291016 sec
Elapsed time[core_diagonalize]: 0.3457069396972656 sec
Elapsed time[restore_orbital]: 0.001903533935546875 sec
Elapsed time[core_diagonalize]: 0.3495166301727295 sec
Elapsed time[restore_orbital]: 0.001870870590209961 sec
Elapsed time[core_diagonalize]: 0.35016584396362305 sec
Elapsed time[restore_orbital]: 0.0018885135650634766 sec
Elapsed time[core_diagonalize]: 0.35130906105041504 sec
Elapsed time[restore_orbital]: 0.0018978118896484375 sec
Elapsed time[core_diagonalize]: 0.35289621353149414 sec
Elapsed time[restore_orbital]: 0.001909494400024414 sec
Elapsed time[core_diagonalize]: 0.3494083881378174 sec
Elapsed time[restore_orbital]: 0.0019490718841552734 sec
Elapsed time[core_diagonalize]: 0.351912260055542 sec
Elapsed time[diagonalize]: 4.978387117385864 sec

[ PRINT EIGENVALUES ]
( spin alpha )
* 1 th kpt (=[0. 0. 0.])
num        occ        value
1          2.0        -0.6261047033469286
2          2.0        -0.3071035236531905
3          2.0        -0.30697829332708
4          2.0        -0.3067903972849677
5          2.0        -0.3065617138928422
6          2.0        -0.3063459998443936
7          2.0        -0.30624478690690177
8          2.0        -0.06936820550407259
9          2.0        -0.06933791422608192
10         2.0        -0.06922955987236397
11         2.0        -0.06917296062331965
12         2.0        -0.06916981369787595
13         2.0        -0.06914870831580361
14         2.0        0.16184617090612946
15         2.0        0.162097829978609
16         2.0        0.16249670557850185
17         0.0        0.337521308553903
18         0.0        0.33756383501520965
19         0.0        0.33773738004612996
20         0.0        0.33779339449359863


* 2 th kpt (=[0.25 0.   0.  ])
num        occ        value
1          12.0       -0.6052401976327195
2          12.0       -0.4405216388150228
3          12.0       -0.2949676667826011
4          12.0       -0.2948025603199717
5          12.0       -0.2945278299813007
6          12.0       -0.29433802236030665
7          12.0       -0.15276636908447647
8          12.0       -0.1057316520200591
9          12.0       -0.10566556893621462
10         12.0       -0.10553563284508344
11         12.0       -0.10553237314712856
12         12.0       -0.04917872309540318
13         12.0       -0.04894967381367983
14         12.0       0.09813223814649966
15         12.0       0.09848418888424221
16         12.0       0.11629405764044715
17         0.0        0.31481245736797636
18         0.0        0.35580489841801644
19         0.0        0.4106058414169194
20         0.0        0.41532808754424555


* 3 th kpt (=[0.5 0.  0. ])
num        occ        value
1          6.0        -0.5424695929828358
2          6.0        -0.5424552656558457
3          6.0        -0.2783707168308252
4          6.0        -0.2783672426377851
5          6.0        -0.2778673742123244
6          6.0        -0.27786054138886196
7          6.0        -0.14278153071829794
8          6.0        -0.1427787435511052
9          6.0        -0.14268474921176733
10         6.0        -0.14268285842074274
11         6.0        -0.002362896419891276
12         6.0        -0.0023595686899819963
13         6.0        0.010191673382054404
14         6.0        0.010199861020583898
15         6.0        0.010455883103829859
16         6.0        0.010464454042332896
17         0.0        0.32724786802103745
18         0.0        0.3273003126383705
19         0.0        0.5393291354503023
20         0.0        0.5393972865422764


* 4 th kpt (=[0.25 0.25 0.  ])
num        occ        value
1          12.0       -0.5845278002686873
2          12.0       -0.4221893778688546
3          12.0       -0.4221802439337193
4          12.0       -0.31474639012329286
5          12.0       -0.2696102043865552
6          12.0       -0.17897934672411933
7          12.0       -0.16897006119126937
8          12.0       -0.16895715894409818
9          12.0       -0.09435197990005305
10         12.0       -0.09434609978818827
11         12.0       -0.054996820712630796
12         12.0       -0.054991606528839394
13         12.0       -0.032792549057759225
14         12.0       0.017022260654561167
15         12.0       0.04285608518586202
16         12.0       0.13699572988941755
17         0.0        0.370909152481491
18         0.0        0.39531843112295184
19         0.0        0.3953458670306969
20         0.0        0.41347442020136005


* 5 th kpt (=[0.5  0.25 0.  ])
num        occ        value
1          24.0       -0.5223579336493918
2          24.0       -0.5223379273032219
3          24.0       -0.3708359224632736
4          24.0       -0.37078600792158856
5          24.0       -0.22072996112877039
6          24.0       -0.2205217914041072
7          24.0       -0.16323077769047611
8          24.0       -0.16313577748624078
9          24.0       -0.07656795402023155
10         24.0       -0.0763570008281775
11         24.0       -0.03969947034565581
12         24.0       -0.03960145273299193
13         24.0       -0.03727933035620688
14         24.0       -0.03721646230533663
15         24.0       0.0577532123802357
16         24.0       0.05788895275618638
17         0.0        0.4054504569674437
18         0.0        0.40557526196938765
19         0.0        0.4708439551421767
20         0.0        0.4709429273372104


* 6 th kpt (=[-0.25  0.25  0.  ])
num        occ        value
1          12.0       -0.5845301290008303
2          12.0       -0.42217097578443336
3          12.0       -0.4221622887485505
4          12.0       -0.3149187971872443
5          12.0       -0.269383564584276
6          12.0       -0.17896427595990083
7          12.0       -0.16913170421704474
8          12.0       -0.16911920870579916
9          12.0       -0.09426051264183548
10         12.0       -0.09425682120610986
11         12.0       -0.05492763189999201
12         12.0       -0.05492194428991773
13         12.0       -0.032853466626415154
14         12.0       0.017204318545914744
15         12.0       0.04277008160550292
16         12.0       0.1368815788384334
17         0.0        0.3707717784574175
18         0.0        0.3952346121408485
19         0.0        0.39526159336266176
20         0.0        0.41354518148594654


* 7 th kpt (=[0.5 0.5 0. ])
num        occ        value
1          6.0        -0.4626121791421924
2          6.0        -0.46260834070949763
3          6.0        -0.4625989062025328
4          6.0        -0.46257665168795803
5          6.0        -0.15766892217898765
6          6.0        -0.1576408792638958
7          6.0        -0.15744184454018217
8          6.0        -0.1574389359376789
9          6.0        -0.11713201305541687
10         6.0        -0.11712518003609852
11         6.0        -0.11701999841607458
12         6.0        -0.11700195748380804
13         6.0        0.05370064259902428
14         6.0        0.053708845858941985
15         6.0        0.053760883183025035
16         6.0        0.05381072519816532
17         0.0        0.45379215318421173
18         0.0        0.4538052142538863
19         0.0        0.453964553280649
20         0.0        0.45398306086395307


* 8 th kpt (=[0.25 0.25 0.25])
num        occ        value
1          4.0        -0.5639966026833324
2          4.0        -0.4057888393679597
3          4.0        -0.405664452031317
4          4.0        -0.4056150562007768
5          4.0        -0.2337580444838984
6          4.0        -0.2336066165896656
7          4.0        -0.2332269828258901
8          4.0        -0.08492132182429747
9          4.0        -0.08481958517971705
10         4.0        -0.0847616179239557
11         4.0        -0.0785619854165664
12         4.0        -0.015384445771553498
13         4.0        -0.015205940672317553
14         4.0        -0.015192606098434376
15         4.0        0.09980154893488091
16         4.0        0.1002192729053047
17         0.0        0.38595003023510616
18         0.0        0.38612807607530203
19         0.0        0.3862904237642869
20         0.0        0.4512627109179741


* 9 th kpt (=[0.5  0.25 0.25])
num        occ        value
1          12.0       -0.5026414591722793
2          12.0       -0.5025943112544106
3          12.0       -0.3777541439819174
4          12.0       -0.3776120860023948
5          12.0       -0.2916787214340715
6          12.0       -0.29144011952614907
7          12.0       -0.17176361961244005
8          12.0       -0.17149324692926654
9          12.0       -0.06897680157204049
10         12.0       -0.06895554700264789
11         12.0       -0.00855891159016834
12         12.0       -0.008444615677748561
13         12.0       0.03440052024253408
14         12.0       0.034441919815625804
15         12.0       0.045873262098523646
16         12.0       0.0461766931106501
17         0.0        0.4208945077805401
18         0.0        0.4211097711168221
19         0.0        0.46903657063140536
20         0.0        0.46911054430945787


* 10 th kpt (=[-0.25  0.25  0.25])
num        occ        value
1          12.0       -0.5640081324164617
2          12.0       -0.4056821614322242
3          12.0       -0.40565112001631043
4          12.0       -0.4056067568290672
5          12.0       -0.23384912127351798
6          12.0       -0.23370496011645536
7          12.0       -0.23362851193854992
8          12.0       -0.08457734112871153
9          12.0       -0.08454068325688308
10         12.0       -0.08452219136966242
11         12.0       -0.07835400628775405
12         12.0       -0.015406869494141615
13         12.0       -0.015387428669583758
14         12.0       -0.015286832509264636
15         12.0       0.09981565255497828
16         12.0       0.10003226748210967
17         0.0        0.3858222224781507
18         0.0        0.3858474696442196
19         0.0        0.3858952207165997
20         0.0        0.45127198732390705


* 11 th kpt (=[0.5  0.5  0.25])
num        occ        value
1          12.0       -0.44536787425893276
2          12.0       -0.44526493252831795
3          12.0       -0.4452613438956707
4          12.0       -0.4452175051653719
5          12.0       -0.26161387128703334
6          12.0       -0.2614919668721278
7          12.0       -0.2614514173065868
8          12.0       -0.2611662950439774
9          12.0       -0.005148862512712264
10         12.0       -0.005043308334495605
11         12.0       -0.004978919823245076
12         12.0       -0.004806394022798751
13         12.0       0.0570489536390716
14         12.0       0.05714154968725555
15         12.0       0.05715564957751454
16         12.0       0.05720332395233561
17         0.0        0.46500474948876763
18         0.0        0.465195056576784
19         0.0        0.4652612404261995
20         0.0        0.4653053607488195


* 12 th kpt (=[-0.25  0.5   0.25])
num        occ        value
1          12.0       -0.5026284777298821
2          12.0       -0.5025959260621807
3          12.0       -0.3778238905052874
4          12.0       -0.37760903173188415
5          12.0       -0.2916826134154488
6          12.0       -0.29132157718110935
7          12.0       -0.17180444667091133
8          12.0       -0.17149420662298828
9          12.0       -0.06904919423088997
10         12.0       -0.06902291266814019
11         12.0       -0.008546034659029311
12         12.0       -0.008378135990991001
13         12.0       0.0344091692648731
14         12.0       0.03446890005333758
15         12.0       0.04584785604900499
16         12.0       0.04620358080097452
17         0.0        0.42094984370361743
18         0.0        0.42117145310653703
19         0.0        0.4690874492809851
20         0.0        0.46919043465526833


* 13 th kpt (=[0.5 0.5 0.5])
num        occ        value
1          2.0        -0.41548183828828933
2          2.0        -0.4152089220979455
3          2.0        -0.41514086187044413
4          2.0        -0.4150068954152884
5          2.0        -0.328647886741907
6          2.0        -0.3284337238642138
7          2.0        -0.32832602492144924
8          2.0        -0.32788848567102447
9          2.0        0.06088148559959832
10         2.0        0.06088912719373896
11         2.0        0.060928757476540946
12         2.0        0.060997888395416464
13         2.0        0.06114350038850003
14         2.0        0.061275102640840226
15         2.0        0.0612996836932457
16         2.0        0.0613345712849391
17         0.0        0.4756072518117401
18         0.0        0.4756567410616943
19         0.0        0.47581091178207136
20         0.0        0.4759880600368067


/home/jhwoo/programs/tucy/tucy/Tucy.py:113: UserWarning: Exited at iteration 20 with accuracies 
[3.31128005e-08 4.20774758e-08 4.49084217e-08 5.07062386e-08
 4.49457915e-08 4.46298870e-08 4.37449191e-08 7.95803349e-08
 5.44693171e-08 6.54023028e-08 5.51678986e-08 7.14993207e-08
 6.83729914e-08 3.09258994e-07 2.55770910e-07 1.56906572e-07
 9.53820487e-04 5.27369229e-04 4.57349757e-03 4.11285931e-03]
not reaching the requested tolerance 1e-07.
  val, vec = scipy.sparse.linalg.lobpcg(**solve_options)
/home/jhwoo/programs/tucy/tucy/Tucy.py:113: UserWarning: Exited at iteration 20 with accuracies 
[4.33897495e-08+0.j 4.33683340e-08+0.j 5.60931306e-08+0.j
 6.31132986e-08+0.j 5.52513096e-08+0.j 5.87059969e-08+0.j
 6.78162295e-08+0.j 6.97733881e-08+0.j 6.84532966e-08+0.j
 6.83315480e-08+0.j 6.34135312e-08+0.j 7.56422226e-08+0.j
 6.30584145e-08+0.j 1.61640593e-07+0.j 1.49061840e-07+0.j
 8.28866141e-08+0.j 1.00427851e-06+0.j 6.58852918e-07+0.j
 1.90105238e-03+0.j 2.33517986e-03+0.j]
not reaching the requested tolerance 1e-07.
  val, vec = scipy.sparse.linalg.lobpcg(**solve_options)
/home/jhwoo/programs/tucy/tucy/Tucy.py:113: UserWarning: Exited at iteration 20 with accuracies 
[4.65430546e-08+0.j 4.70953379e-08+0.j 7.54656571e-08+0.j
 5.66807821e-08+0.j 6.61928199e-08+0.j 5.93678858e-08+0.j
 6.92424154e-08+0.j 5.43301546e-08+0.j 6.18982573e-08+0.j
 6.28476805e-08+0.j 7.05560821e-08+0.j 5.69660819e-08+0.j
 9.52119134e-08+0.j 7.23160549e-08+0.j 8.84486198e-08+0.j
 7.66594281e-08+0.j 3.40131445e-07+0.j 3.33780712e-07+0.j
 1.15201802e-04+0.j 1.92300242e-04+0.j]
not reaching the requested tolerance 1e-07.
  val, vec = scipy.sparse.linalg.lobpcg(**solve_options)
/home/jhwoo/programs/tucy/tucy/Tucy.py:113: UserWarning: Exited at iteration 20 with accuracies 
[4.05195420e-08+0.j 5.62289722e-08+0.j 4.48103661e-08+0.j
 5.38729769e-08+0.j 5.40247433e-08+0.j 6.28496680e-08+0.j
 5.05587486e-08+0.j 5.50595530e-08+0.j 7.70242910e-08+0.j
 6.30024099e-08+0.j 7.65990858e-08+0.j 7.05712623e-08+0.j
 7.26811099e-08+0.j 8.79279956e-08+0.j 1.09385182e-07+0.j
 7.92920834e-08+0.j 1.78528264e-06+0.j 2.47931796e-06+0.j
 2.31683029e-06+0.j 2.77211033e-06+0.j]
not reaching the requested tolerance 1e-07.
  val, vec = scipy.sparse.linalg.lobpcg(**solve_options)
/home/jhwoo/programs/tucy/tucy/Tucy.py:113: UserWarning: Exited at iteration 20 with accuracies 
[5.65801711e-08+0.j 5.04321488e-08+0.j 5.09757872e-08+0.j
 5.54675522e-08+0.j 6.70411259e-08+0.j 6.65508392e-08+0.j
 6.85272871e-08+0.j 7.43412721e-08+0.j 7.89145484e-08+0.j
 6.23670569e-08+0.j 7.01676243e-08+0.j 6.74821367e-08+0.j
 7.52704973e-08+0.j 6.16082051e-08+0.j 9.28801899e-08+0.j
 8.57353821e-08+0.j 8.30224929e-07+0.j 8.34853335e-07+0.j
 2.20802856e-06+0.j 1.60059920e-06+0.j]
not reaching the requested tolerance 1e-07.
  val, vec = scipy.sparse.linalg.lobpcg(**solve_options)
/home/jhwoo/programs/tucy/tucy/Tucy.py:113: UserWarning: Exited at iteration 20 with accuracies 
[4.77600303e-08+0.j 5.16975235e-08+0.j 7.13963854e-08+0.j
 5.60181725e-08+0.j 5.02981541e-08+0.j 5.47974538e-08+0.j
 5.82850672e-08+0.j 6.45841050e-08+0.j 6.68047180e-08+0.j
 6.70738033e-08+0.j 6.98423471e-08+0.j 6.43809217e-08+0.j
 6.52382182e-08+0.j 8.75936061e-08+0.j 8.31349824e-08+0.j
 1.01452897e-07+0.j 1.63788358e-06+0.j 2.27736062e-06+0.j
 2.15599567e-06+0.j 1.76734173e-06+0.j]
not reaching the requested tolerance 1e-07.
  val, vec = scipy.sparse.linalg.lobpcg(**solve_options)
/home/jhwoo/programs/tucy/tucy/Tucy.py:113: UserWarning: Exited at iteration 20 with accuracies 
[4.97507366e-08+0.j 5.55888405e-08+0.j 4.51437599e-08+0.j
 4.50170173e-08+0.j 5.60889881e-08+0.j 5.74832686e-08+0.j
 6.09373820e-08+0.j 6.05598539e-08+0.j 7.62093601e-08+0.j
 8.02115174e-08+0.j 8.02072735e-08+0.j 7.50949385e-08+0.j
 7.57863779e-08+0.j 8.00401856e-08+0.j 8.62907122e-08+0.j
 8.15661591e-08+0.j 1.53570935e-06+0.j 1.55099836e-06+0.j
 1.34805921e-06+0.j 1.81525952e-06+0.j]
not reaching the requested tolerance 1e-07.
  val, vec = scipy.sparse.linalg.lobpcg(**solve_options)
/home/jhwoo/programs/tucy/tucy/Tucy.py:113: UserWarning: Exited at iteration 20 with accuracies 
[4.31130546e-08+0.j 5.67710010e-08+0.j 5.52003628e-08+0.j
 5.28021413e-08+0.j 4.91430376e-08+0.j 5.14512673e-08+0.j
 5.52419689e-08+0.j 7.37924345e-08+0.j 7.00352600e-08+0.j
 6.52400867e-08+0.j 7.62592151e-08+0.j 7.93588454e-08+0.j
 6.18146992e-08+0.j 6.98634851e-08+0.j 1.03110127e-07+0.j
 8.93130187e-08+0.j 1.49416323e-06+0.j 9.09613728e-07+0.j
 9.58661287e-07+0.j 1.36094393e-03+0.j]
not reaching the requested tolerance 1e-07.
  val, vec = scipy.sparse.linalg.lobpcg(**solve_options)
/home/jhwoo/programs/tucy/tucy/Tucy.py:113: UserWarning: Exited at iteration 20 with accuracies 
[5.04117955e-08+0.j 5.02422136e-08+0.j 5.75852464e-08+0.j
 5.22867045e-08+0.j 4.75619874e-08+0.j 6.48457178e-08+0.j
 6.15646294e-08+0.j 6.78096046e-08+0.j 7.71807955e-08+0.j
 8.49401086e-08+0.j 6.63222617e-08+0.j 5.89801722e-08+0.j
 9.31594474e-08+0.j 8.70542243e-08+0.j 8.34510400e-08+0.j
 9.24326231e-08+0.j 1.72606569e-06+0.j 1.55288888e-06+0.j
 3.20319556e-06+0.j 2.89182309e-06+0.j]
not reaching the requested tolerance 1e-07.
  val, vec = scipy.sparse.linalg.lobpcg(**solve_options)
/home/jhwoo/programs/tucy/tucy/Tucy.py:113: UserWarning: Exited at iteration 20 with accuracies 
[4.22617050e-08+0.j 5.05967892e-08+0.j 4.88086125e-08+0.j
 3.92303914e-08+0.j 6.90498547e-08+0.j 5.29077362e-08+0.j
 5.47776537e-08+0.j 7.11335325e-08+0.j 6.80176048e-08+0.j
 6.38486488e-08+0.j 6.51539765e-08+0.j 8.09148675e-08+0.j
 7.02197255e-08+0.j 7.27304551e-08+0.j 1.01953038e-07+0.j
 7.72510157e-08+0.j 1.55576128e-06+0.j 2.94912348e-06+0.j
 1.88777868e-06+0.j 4.64202641e-04+0.j]
not reaching the requested tolerance 1e-07.
  val, vec = scipy.sparse.linalg.lobpcg(**solve_options)
/home/jhwoo/programs/tucy/tucy/Tucy.py:113: UserWarning: Exited at iteration 20 with accuracies 
[4.42224538e-08+0.j 4.61925807e-08+0.j 5.18966348e-08+0.j
 5.90465574e-08+0.j 5.32134902e-08+0.j 5.91519296e-08+0.j
 5.00586209e-08+0.j 4.78386785e-08+0.j 6.93517235e-08+0.j
 9.17635411e-08+0.j 6.28610143e-08+0.j 8.30782047e-08+0.j
 9.33950793e-08+0.j 8.13123876e-08+0.j 8.94115637e-08+0.j
 9.10733069e-08+0.j 4.46344188e-06+0.j 3.71227538e-06+0.j
 3.13894345e-06+0.j 3.96299046e-06+0.j]
not reaching the requested tolerance 1e-07.
  val, vec = scipy.sparse.linalg.lobpcg(**solve_options)
/home/jhwoo/programs/tucy/tucy/Tucy.py:113: UserWarning: Exited at iteration 20 with accuracies 
[4.67653771e-08+0.j 6.47752872e-08+0.j 6.16247595e-08+0.j
 5.01249761e-08+0.j 6.49067823e-08+0.j 5.89088511e-08+0.j
 6.60274805e-08+0.j 5.55071479e-08+0.j 6.27384493e-08+0.j
 6.10464219e-08+0.j 6.39562850e-08+0.j 7.54338282e-08+0.j
 9.59398014e-08+0.j 9.61076198e-08+0.j 8.88441649e-08+0.j
 8.27288815e-08+0.j 1.23039434e-06+0.j 1.35233988e-06+0.j
 2.19227008e-06+0.j 2.57919327e-06+0.j]
not reaching the requested tolerance 1e-07.
  val, vec = scipy.sparse.linalg.lobpcg(**solve_options)
/home/jhwoo/programs/tucy/tucy/Tucy.py:113: UserWarning: Exited at iteration 20 with accuracies 
[5.76543056e-08+0.j 5.22428215e-08+0.j 3.84463782e-08+0.j
 4.31529596e-08+0.j 3.93359357e-08+0.j 4.95735359e-08+0.j
 5.32313931e-08+0.j 3.86631035e-08+0.j 8.02734328e-08+0.j
 8.06128004e-08+0.j 8.79828944e-08+0.j 8.14325083e-08+0.j
 7.97402922e-08+0.j 6.79999909e-08+0.j 8.27255753e-08+0.j
 9.26415632e-08+0.j 6.81551953e-04+0.j 9.61262547e-04+0.j
 1.28428076e-03+0.j 1.44423929e-03+0.j]
not reaching the requested tolerance 1e-07.
  val, vec = scipy.sparse.linalg.lobpcg(**solve_options)
Integral of density (=32.000000000000036) is normalized to 31.999999999999993
Orbital energy difference = 0.0004321760448613432
Density difference (relative) = 8.001497807949654e-05
Elapsed time[calc_external_energy]: 2.9087066650390625e-05 sec
Elapsed time[calc_nonlocal_energy]: 0.24088382720947266 sec

============ Energy (Hartree) ============
|   Total Energy        : -45.4907453073 |
------------------------------------------
| * Ion-ion Energy      : 0.0            |
| * Eigenvals sum for 0 : -5.3396457246  |
| * Hartree Energy      : 2.0619098958   |
| * XC Energy           : -14.2181388645 |
| * Kinetic Energy      : 33.3141070799  |
| * External Energy     : -67.8215089533 |
| * Non-local Energy    : 1.1728855349   |
==========================================
Elapsed time[calc_and_print_energies]: 0.33718085289001465 sec
Total energy difference = -0.0003610764347357076 Hartree
Elapsed time for 9 th cycle: 5.332153558731079 sec

==================== [ END CYCLE 9 ] ====================
Elapsed time[_get_mixed_var]: 0.0002124309539794922 sec
Elapsed time[compute_potential]: 0.0039010047912597656 sec
Elapsed time[compute]: 0.01068258285522461 sec

==================== [ SCF CYCLE 10 ] ====================
==== Tucker Diagonalization ====
Elapsed time[project_local_potential_to_core]: 0.019845962524414062 sec
Elapsed time[project_local_potential_to_core]: 0.05749678611755371 sec
Elapsed time[project_local_potential_to_core]: 0.05742788314819336 sec
Elapsed time[project_local_potential_to_core]: 0.05711960792541504 sec
Elapsed time[project_local_potential_to_core]: 0.057274580001831055 sec
Elapsed time[project_local_potential_to_core]: 0.057538509368896484 sec
Elapsed time[project_local_potential_to_core]: 0.05758023262023926 sec
Elapsed time[project_local_potential_to_core]: 0.057512760162353516 sec
Elapsed time[project_local_potential_to_core]: 0.05744767189025879 sec
Elapsed time[project_local_potential_to_core]: 0.05723738670349121 sec
Elapsed time[project_local_potential_to_core]: 0.05725264549255371 sec
Elapsed time[project_local_potential_to_core]: 0.05737662315368652 sec
Elapsed time[project_local_potential_to_core]: 0.05728483200073242 sec
Elapsed time[restore_orbital]: 0.000812530517578125 sec
Elapsed time[core_diagonalize]: 0.12687277793884277 sec
Elapsed time[restore_orbital]: 0.0019114017486572266 sec
Elapsed time[core_diagonalize]: 0.34920430183410645 sec
Elapsed time[restore_orbital]: 0.0019464492797851562 sec
Elapsed time[core_diagonalize]: 0.3426821231842041 sec
Elapsed time[restore_orbital]: 0.0019161701202392578 sec
Elapsed time[core_diagonalize]: 0.3492391109466553 sec
Elapsed time[restore_orbital]: 0.001992464065551758 sec
Elapsed time[core_diagonalize]: 0.3432440757751465 sec
Elapsed time[restore_orbital]: 0.0018787384033203125 sec
Elapsed time[core_diagonalize]: 0.34438133239746094 sec
Elapsed time[restore_orbital]: 0.0018808841705322266 sec
Elapsed time[core_diagonalize]: 0.34152793884277344 sec
Elapsed time[restore_orbital]: 0.001886606216430664 sec
Elapsed time[core_diagonalize]: 0.34980082511901855 sec
Elapsed time[restore_orbital]: 0.0019073486328125 sec
Elapsed time[core_diagonalize]: 0.3453700542449951 sec
Elapsed time[restore_orbital]: 0.0019037723541259766 sec
Elapsed time[core_diagonalize]: 0.3509976863861084 sec
Elapsed time[restore_orbital]: 0.0018994808197021484 sec
Elapsed time[core_diagonalize]: 0.3452422618865967 sec
Elapsed time[restore_orbital]: 0.001970052719116211 sec
Elapsed time[core_diagonalize]: 0.34411191940307617 sec
Elapsed time[restore_orbital]: 0.0018701553344726562 sec
Elapsed time[core_diagonalize]: 0.3490302562713623 sec
Elapsed time[diagonalize]: 4.99094033241272 sec

[ PRINT EIGENVALUES ]
( spin alpha )
* 1 th kpt (=[0. 0. 0.])
num        occ        value
1          2.0        -0.6260944127298437
2          2.0        -0.3070927729306895
3          2.0        -0.306967889082034
4          2.0        -0.3067798486167191
5          2.0        -0.3065509951743256
6          2.0        -0.3063353112988752
7          2.0        -0.30623430999694207
8          2.0        -0.06935796293049859
9          2.0        -0.06932773583846155
10         2.0        -0.06921936754686006
11         2.0        -0.06916266065540379
12         2.0        -0.06915951020179889
13         2.0        -0.06913840290479774
14         2.0        0.1618593414722789
15         2.0        0.1621109203737407
16         2.0        0.1625097968999837
17         0.0        0.3375347142253176
18         0.0        0.33757685494455547
19         0.0        0.3377415829035752
20         0.0        0.33779620911467956


* 2 th kpt (=[0.25 0.   0.  ])
num        occ        value
1          12.0       -0.6052299192578169
2          12.0       -0.4405112654110689
3          12.0       -0.2949572836730139
4          12.0       -0.29479206467443214
5          12.0       -0.2945171367122193
6          12.0       -0.2943273039291682
7          12.0       -0.1527553177070556
8          12.0       -0.10572126584554081
9          12.0       -0.10565516474111537
10         12.0       -0.10552499294957089
11         12.0       -0.10552202016919315
12         12.0       -0.049168364798145764
13         12.0       -0.04893934140091777
14         12.0       0.09814406101199906
15         12.0       0.09849581478714048
16         12.0       0.11630675810942824
17         0.0        0.31482514121381366
18         0.0        0.3558145615723294
19         0.0        0.41061606282102525
20         0.0        0.415336854542986


* 3 th kpt (=[0.5 0.  0. ])
num        occ        value
1          6.0        -0.5424582743440851
2          6.0        -0.5424459828054736
3          6.0        -0.2783604591061136
4          6.0        -0.27835676150992145
5          6.0        -0.2778550432217896
6          6.0        -0.27785147876240457
7          6.0        -0.14277018102004238
8          6.0        -0.1427690645078854
9          6.0        -0.14267335369949055
10         6.0        -0.1426728980116905
11         6.0        -0.0023508166806170115
12         6.0        -0.002347922882090939
13         6.0        0.010202146002245433
14         6.0        0.010211003713077836
15         6.0        0.010464769896834147
16         6.0        0.010477031391733227
17         0.0        0.32725941615943477
18         0.0        0.327311569418626
19         0.0        0.5393426186745467
20         0.0        0.5394104636952893


* 4 th kpt (=[0.25 0.25 0.  ])
num        occ        value
1          12.0       -0.5845175283188354
2          12.0       -0.4221791679324282
3          12.0       -0.42216975277666585
4          12.0       -0.3147359039378375
5          12.0       -0.26959964499900396
6          12.0       -0.17896879961001794
7          12.0       -0.1689590628249292
8          12.0       -0.1689463019909533
9          12.0       -0.09434120073153617
10         12.0       -0.09433583635051171
11         12.0       -0.05498580116522229
12         12.0       -0.054981474002745424
13         12.0       -0.032782003861845314
14         12.0       0.017033612183346227
15         12.0       0.04286734284603286
16         12.0       0.13700839787760322
17         0.0        0.37092211760013916
18         0.0        0.3953308818991261
19         0.0        0.3953583554609122
20         0.0        0.4134832261956097


* 5 th kpt (=[0.5  0.25 0.  ])
num        occ        value
1          24.0       -0.5223470065366379
2          24.0       -0.5223282739231999
3          24.0       -0.37082541788316115
4          24.0       -0.3707758062178122
5          24.0       -0.22071935283461122
6          24.0       -0.22051103225587898
7          24.0       -0.1632201253073967
8          24.0       -0.1631251161686881
9          24.0       -0.0765569863543628
10         24.0       -0.0763459136581173
11         24.0       -0.039688745713127575
12         24.0       -0.03959065498748749
13         24.0       -0.03726859947443142
14         24.0       -0.03720561235021651
15         24.0       0.057764745042016806
16         24.0       0.05790059293945084
17         0.0        0.4054615925358469
18         0.0        0.40558638717603196
19         0.0        0.4708569448699944
20         0.0        0.4709559196985874


* 6 th kpt (=[-0.25  0.25  0.  ])
num        occ        value
1          12.0       -0.5845198612145002
2          12.0       -0.4221609958909416
3          12.0       -0.422151523942199
4          12.0       -0.3149084458971824
5          12.0       -0.2693728761219032
6          12.0       -0.17895364523643642
7          12.0       -0.16912101889760123
8          12.0       -0.16910828401394282
9          12.0       -0.09425079335253263
10         12.0       -0.09424545951555431
11         12.0       -0.054916324644309976
12         12.0       -0.05491190659374987
13         12.0       -0.032843000959994435
14         12.0       0.017215781391363007
15         12.0       0.04278129262592255
16         12.0       0.13689415816994643
17         0.0        0.3707847508852737
18         0.0        0.3952467582191158
19         0.0        0.39527424875358586
20         0.0        0.4135540632612142


* 7 th kpt (=[0.5 0.5 0. ])
num        occ        value
1          6.0        -0.4626017891038546
2          6.0        -0.46259765118213936
3          6.0        -0.462589105132047
4          6.0        -0.462566322762983
5          6.0        -0.1576582112246662
6          6.0        -0.15763009847850498
7          6.0        -0.15743059806212154
8          6.0        -0.15742843154605063
9          6.0        -0.11712098936426527
10         6.0        -0.11711480588195071
11         6.0        -0.11700949862956372
12         6.0        -0.11699098321930225
13         6.0        0.0537131894021997
14         6.0        0.05371902949119992
15         6.0        0.05377257055875589
16         6.0        0.05382198919719839
17         0.0        0.45380279632599113
18         0.0        0.45381788414969804
19         0.0        0.4539759910521509
20         0.0        0.4539950301695487


* 8 th kpt (=[0.25 0.25 0.25])
num        occ        value
1          4.0        -0.5639863222136896
2          4.0        -0.40577857544612167
3          4.0        -0.40565403022659885
4          4.0        -0.4056048429467922
5          4.0        -0.23374730083765163
6          4.0        -0.23359572449423144
7          4.0        -0.23321629332039523
8          4.0        -0.08491059194152525
9          4.0        -0.08480894526310286
10         4.0        -0.08475082592400271
11         4.0        -0.07855122585989459
12         4.0        -0.015373786456119335
13         4.0        -0.015195229018424197
14         4.0        -0.0151818521284744
15         4.0        0.09981359107372371
16         4.0        0.10023124919658827
17         0.0        0.3859628912929731
18         0.0        0.38614038933376243
19         0.0        0.38630287314988754
20         0.0        0.4512696870809558


* 9 th kpt (=[0.5  0.25 0.25])
num        occ        value
1          12.0       -0.5026309481045126
2          12.0       -0.5025842288047052
3          12.0       -0.3777439512747268
4          12.0       -0.3776019702511067
5          12.0       -0.29166798228241614
6          12.0       -0.2914291979709659
7          12.0       -0.17175306562841774
8          12.0       -0.1714825096360665
9          12.0       -0.06896642651631463
10         12.0       -0.06894429384324716
11         12.0       -0.008547968336576891
12         12.0       -0.008433576510194725
13         12.0       0.03441161166347606
14         12.0       0.03445312980666372
15         12.0       0.04588478291947225
16         12.0       0.04618843387159262
17         0.0        0.4209055157672825
18         0.0        0.42112084599268235
19         0.0        0.4690487059021048
20         0.0        0.4691228624864573


* 10 th kpt (=[-0.25  0.25  0.25])
num        occ        value
1          12.0       -0.5639978636623795
2          12.0       -0.40567185247854043
3          12.0       -0.40564061712888594
4          12.0       -0.40559655702247416
5          12.0       -0.23383848192264803
6          12.0       -0.23369418148751497
7          12.0       -0.23361808888801447
8          12.0       -0.08456635221532578
9          12.0       -0.08452988168737545
10         12.0       -0.0845110932403108
11         12.0       -0.07834308760234193
12         12.0       -0.015396124874943313
13         12.0       -0.015376930477219112
14         12.0       -0.01527623379833611
15         12.0       0.0998276243761958
16         12.0       0.10004414035502669
17         0.0        0.3858347922200797
18         0.0        0.3858595407228765
19         0.0        0.3859077549984482
20         0.0        0.4512812277739058


* 11 th kpt (=[0.5  0.5  0.25])
num        occ        value
1          12.0       -0.44535761409061503
2          12.0       -0.44525539867412495
3          12.0       -0.4452500998815882
4          12.0       -0.4452074278487769
5          12.0       -0.26160318039149677
6          12.0       -0.26148127023759915
7          12.0       -0.26144095453462174
8          12.0       -0.2611556994121353
9          12.0       -0.005137611102636295
10         12.0       -0.005032048378551449
11         12.0       -0.00496799965811366
12         12.0       -0.004795139777317566
13         12.0       0.057060480281960445
14         12.0       0.05715323439183443
15         12.0       0.057167145361667976
16         12.0       0.05721467533834737
17         0.0        0.4650155077743074
18         0.0        0.4652058478478201
19         0.0        0.465272081012239
20         0.0        0.4653161749308321


* 12 th kpt (=[-0.25  0.5   0.25])
num        occ        value
1          12.0       -0.5026184052439011
2          12.0       -0.5025854404711093
3          12.0       -0.3778133730635032
4          12.0       -0.3775988606798331
5          12.0       -0.2916718951908872
6          12.0       -0.29131133615479177
7          12.0       -0.17179362178245178
8          12.0       -0.17148352518247215
9          12.0       -0.06903799737649051
10         12.0       -0.06901184170877947
11         12.0       -0.008535116544307995
12         12.0       -0.008367452190413804
13         12.0       0.03442054848145478
14         12.0       0.03447953115781985
15         12.0       0.04585971013567666
16         12.0       0.04621529286118703
17         0.0        0.42096035431825224
18         0.0        0.4211820196647308
19         0.0        0.46910001899823717
20         0.0        0.4692026293554224


* 13 th kpt (=[0.5 0.5 0.5])
num        occ        value
1          2.0        -0.4154716822406216
2          2.0        -0.4151985515493777
3          2.0        -0.4151306234776183
4          2.0        -0.414996879998112
5          2.0        -0.32863713314988097
6          2.0        -0.3284227895538651
7          2.0        -0.3283157437473968
8          2.0        -0.3278778586114323
9          2.0        0.06089396901634954
10         2.0        0.060900242052903085
11         2.0        0.06094009919797607
12         2.0        0.06100954963046806
13         2.0        0.06115495003705992
14         2.0        0.06128642369009806
15         2.0        0.061311512132168344
16         2.0        0.06134627349064594
17         0.0        0.47561565966317326
18         0.0        0.47566276511021366
19         0.0        0.4758170257659476
20         0.0        0.4759928875464557


/home/jhwoo/programs/tucy/tucy/Tucy.py:113: UserWarning: Exited at iteration 20 with accuracies 
[3.28453178e-08 4.20169841e-08 4.77453517e-08 4.92969527e-08
 4.74493842e-08 5.20649370e-08 4.71974079e-08 6.91242924e-08
 5.17035895e-08 4.06686630e-08 4.36349385e-08 5.13081651e-08
 6.40158734e-08 6.54516439e-08 1.08173510e-07 1.00851269e-07
 3.97625983e-04 2.06092840e-04 1.80733603e-03 1.29441340e-03]
not reaching the requested tolerance 1e-07.
  val, vec = scipy.sparse.linalg.lobpcg(**solve_options)
/home/jhwoo/programs/tucy/tucy/Tucy.py:113: UserWarning: Exited at iteration 20 with accuracies 
[3.89993041e-08+0.j 4.22897359e-08+0.j 4.70800108e-08+0.j
 4.35101623e-08+0.j 4.66953544e-08+0.j 5.51495448e-08+0.j
 6.56445981e-08+0.j 5.87043490e-08+0.j 5.94797446e-08+0.j
 6.24690183e-08+0.j 5.89702805e-08+0.j 6.26447045e-08+0.j
 5.22851683e-08+0.j 6.55802947e-08+0.j 7.85500532e-08+0.j
 6.45367986e-08+0.j 5.05344667e-07+0.j 4.25450679e-07+0.j
 7.93059613e-04+0.j 2.03823871e-03+0.j]
not reaching the requested tolerance 1e-07.
  val, vec = scipy.sparse.linalg.lobpcg(**solve_options)
/home/jhwoo/programs/tucy/tucy/Tucy.py:113: UserWarning: Exited at iteration 20 with accuracies 
[5.23218983e-08+0.j 5.00842789e-08+0.j 6.37860702e-08+0.j
 6.93515564e-08+0.j 5.01167946e-08+0.j 6.08909567e-08+0.j
 7.32555106e-08+0.j 7.28357441e-08+0.j 6.22484983e-08+0.j
 6.35208490e-08+0.j 6.81085853e-08+0.j 6.38940027e-08+0.j
 8.48791164e-08+0.j 6.57680521e-08+0.j 7.43450385e-08+0.j
 7.17308771e-08+0.j 1.78161015e-07+0.j 1.95665360e-07+0.j
 5.81161180e-05+0.j 6.27358674e-05+0.j]
not reaching the requested tolerance 1e-07.
  val, vec = scipy.sparse.linalg.lobpcg(**solve_options)
/home/jhwoo/programs/tucy/tucy/Tucy.py:113: UserWarning: Exited at iteration 20 with accuracies 
[4.56380973e-08+0.j 5.37690974e-08+0.j 4.64175249e-08+0.j
 4.65312752e-08+0.j 5.90122758e-08+0.j 6.33130013e-08+0.j
 6.54266140e-08+0.j 6.53353404e-08+0.j 6.22143406e-08+0.j
 5.90001657e-08+0.j 6.50805757e-08+0.j 6.32553478e-08+0.j
 5.66527637e-08+0.j 5.68838047e-08+0.j 7.20834408e-08+0.j
 6.37149738e-08+0.j 7.33947292e-07+0.j 7.93797444e-07+0.j
 6.14896286e-07+0.j 9.33344643e-07+0.j]
not reaching the requested tolerance 1e-07.
  val, vec = scipy.sparse.linalg.lobpcg(**solve_options)
/home/jhwoo/programs/tucy/tucy/Tucy.py:113: UserWarning: Exited at iteration 20 with accuracies 
[5.22165153e-08+0.j 5.71140838e-08+0.j 4.97194355e-08+0.j
 5.59153808e-08+0.j 4.94174381e-08+0.j 5.80049090e-08+0.j
 7.35578846e-08+0.j 7.50145230e-08+0.j 6.88891415e-08+0.j
 7.13883495e-08+0.j 5.57942529e-08+0.j 6.18666672e-08+0.j
 6.99376829e-08+0.j 6.85569361e-08+0.j 6.49167980e-08+0.j
 6.55141847e-08+0.j 3.28434398e-07+0.j 3.36730617e-07+0.j
 7.54981887e-07+0.j 8.26285237e-07+0.j]
not reaching the requested tolerance 1e-07.
  val, vec = scipy.sparse.linalg.lobpcg(**solve_options)
/home/jhwoo/programs/tucy/tucy/Tucy.py:113: UserWarning: Exited at iteration 20 with accuracies 
[5.45178267e-08+0.j 4.69802396e-08+0.j 4.88396662e-08+0.j
 4.79368055e-08+0.j 5.84869917e-08+0.j 6.61125506e-08+0.j
 4.90543244e-08+0.j 5.17399307e-08+0.j 6.29980813e-08+0.j
 5.93623772e-08+0.j 7.12798331e-08+0.j 7.62018743e-08+0.j
 5.69754608e-08+0.j 8.37271340e-08+0.j 7.42685684e-08+0.j
 7.52685954e-08+0.j 4.58995023e-07+0.j 5.62329556e-07+0.j
 5.97630584e-07+0.j 8.91448845e-07+0.j]
not reaching the requested tolerance 1e-07.
  val, vec = scipy.sparse.linalg.lobpcg(**solve_options)
/home/jhwoo/programs/tucy/tucy/Tucy.py:113: UserWarning: Exited at iteration 20 with accuracies 
[6.28410985e-08+0.j 3.82049262e-08+0.j 4.91019010e-08+0.j
 4.49905345e-08+0.j 7.11461530e-08+0.j 6.97379392e-08+0.j
 7.45222372e-08+0.j 6.80103611e-08+0.j 6.37267737e-08+0.j
 7.17226101e-08+0.j 7.78702509e-08+0.j 5.94496420e-08+0.j
 6.85310373e-08+0.j 8.54155796e-08+0.j 7.69577244e-08+0.j
 8.65158738e-08+0.j 5.90752010e-07+0.j 8.25402190e-07+0.j
 6.60479867e-07+0.j 8.45705569e-07+0.j]
not reaching the requested tolerance 1e-07.
  val, vec = scipy.sparse.linalg.lobpcg(**solve_options)
/home/jhwoo/programs/tucy/tucy/Tucy.py:113: UserWarning: Exited at iteration 20 with accuracies 
[5.04524810e-08+0.j 5.29137159e-08+0.j 5.06221283e-08+0.j
 5.35531494e-08+0.j 6.79664788e-08+0.j 5.21885762e-08+0.j
 6.50516779e-08+0.j 6.92646244e-08+0.j 8.26836985e-08+0.j
 6.52559226e-08+0.j 7.74271099e-08+0.j 6.98833481e-08+0.j
 6.37317084e-08+0.j 6.87994510e-08+0.j 7.08361143e-08+0.j
 8.27918539e-08+0.j 5.60812412e-07+0.j 6.02238287e-07+0.j
 3.70929341e-07+0.j 1.23759680e-03+0.j]
not reaching the requested tolerance 1e-07.
  val, vec = scipy.sparse.linalg.lobpcg(**solve_options)
/home/jhwoo/programs/tucy/tucy/Tucy.py:113: UserWarning: Exited at iteration 20 with accuracies 
[5.65631360e-08+0.j 5.90983399e-08+0.j 5.49296892e-08+0.j
 4.42848791e-08+0.j 6.35834167e-08+0.j 6.40442214e-08+0.j
 6.83088297e-08+0.j 5.84634269e-08+0.j 6.61607109e-08+0.j
 6.76307168e-08+0.j 7.07743377e-08+0.j 7.14671540e-08+0.j
 7.10376495e-08+0.j 8.47459916e-08+0.j 7.53260264e-08+0.j
 6.43031635e-08+0.j 5.61723291e-07+0.j 5.77172075e-07+0.j
 1.04791080e-06+0.j 1.16163410e-06+0.j]
not reaching the requested tolerance 1e-07.
  val, vec = scipy.sparse.linalg.lobpcg(**solve_options)
/home/jhwoo/programs/tucy/tucy/Tucy.py:113: UserWarning: Exited at iteration 20 with accuracies 
[5.06035894e-08+0.j 5.71707728e-08+0.j 4.94845279e-08+0.j
 5.08523034e-08+0.j 5.72646220e-08+0.j 5.42215519e-08+0.j
 6.56050984e-08+0.j 7.15788955e-08+0.j 7.07742538e-08+0.j
 7.45091441e-08+0.j 7.07637729e-08+0.j 5.91853689e-08+0.j
 6.18430890e-08+0.j 6.69882617e-08+0.j 6.79566879e-08+0.j
 7.75090845e-08+0.j 5.04648403e-07+0.j 8.28882154e-07+0.j
 4.66105138e-07+0.j 4.37874060e-04+0.j]
not reaching the requested tolerance 1e-07.
  val, vec = scipy.sparse.linalg.lobpcg(**solve_options)
/home/jhwoo/programs/tucy/tucy/Tucy.py:113: UserWarning: Exited at iteration 20 with accuracies 
[4.82550627e-08+0.j 4.90198669e-08+0.j 4.71587028e-08+0.j
 4.84279601e-08+0.j 6.82408376e-08+0.j 6.58849751e-08+0.j
 5.89603268e-08+0.j 6.25684333e-08+0.j 6.81173303e-08+0.j
 7.55966090e-08+0.j 7.16531439e-08+0.j 6.75583678e-08+0.j
 5.83771749e-08+0.j 6.63203074e-08+0.j 6.77899456e-08+0.j
 8.25607409e-08+0.j 1.95803755e-06+0.j 1.31838707e-06+0.j
 1.69968160e-06+0.j 2.16965654e-06+0.j]
not reaching the requested tolerance 1e-07.
  val, vec = scipy.sparse.linalg.lobpcg(**solve_options)
/home/jhwoo/programs/tucy/tucy/Tucy.py:113: UserWarning: Exited at iteration 20 with accuracies 
[5.71542357e-08+0.j 5.97825748e-08+0.j 5.33337667e-08+0.j
 4.70843618e-08+0.j 5.68501458e-08+0.j 5.27611848e-08+0.j
 6.16252578e-08+0.j 6.87662482e-08+0.j 6.12864324e-08+0.j
 6.80024656e-08+0.j 6.74904332e-08+0.j 6.58389744e-08+0.j
 8.81551106e-08+0.j 7.50760232e-08+0.j 6.79896980e-08+0.j
 6.46777664e-08+0.j 7.21402249e-07+0.j 5.13677106e-07+0.j
 1.02770710e-06+0.j 9.34239150e-07+0.j]
not reaching the requested tolerance 1e-07.
  val, vec = scipy.sparse.linalg.lobpcg(**solve_options)
/home/jhwoo/programs/tucy/tucy/Tucy.py:113: UserWarning: Exited at iteration 20 with accuracies 
[4.98327569e-08+0.j 5.71957782e-08+0.j 5.19371889e-08+0.j
 4.33611082e-08+0.j 5.91629534e-08+0.j 5.53587937e-08+0.j
 5.71825561e-08+0.j 5.86427622e-08+0.j 5.91030155e-08+0.j
 8.37448311e-08+0.j 8.34393213e-08+0.j 7.10321353e-08+0.j
 6.61572291e-08+0.j 7.63417023e-08+0.j 6.79485321e-08+0.j
 7.19260558e-08+0.j 5.67637220e-04+0.j 1.53409865e-03+0.j
 1.97976914e-03+0.j 2.29044426e-03+0.j]
not reaching the requested tolerance 1e-07.
  val, vec = scipy.sparse.linalg.lobpcg(**solve_options)
Integral of density (=32.00000000000006) is normalized to 32.0
Orbital energy difference = 0.0003456918737274606
Density difference (relative) = 3.0479577013527142e-05
Elapsed time[calc_external_energy]: 3.457069396972656e-05 sec
Elapsed time[calc_nonlocal_energy]: 0.24843263626098633 sec

============ Energy (Hartree) ============
|   Total Energy        : -45.4909873883 |
------------------------------------------
| * Ion-ion Energy      : 0.0            |
| * Eigenvals sum for 0 : -5.3393000327  |
| * Hartree Energy      : 2.0618919635   |
| * XC Energy           : -14.2183090072 |
| * Kinetic Energy      : 33.3139656331  |
| * External Energy     : -67.8214110053 |
| * Non-local Energy    : 1.1728750277   |
==========================================
Elapsed time[calc_and_print_energies]: 0.3469817638397217 sec
Total energy difference = -0.00024208096458266937 Hartree
Elapsed time for 10 th cycle: 5.35479998588562 sec

==================== [ END CYCLE 10 ] ====================
Elapsed time[_get_mixed_var]: 0.00022149085998535156 sec
Elapsed time[compute_potential]: 0.00389862060546875 sec
Elapsed time[compute]: 0.010869741439819336 sec

==================== [ SCF CYCLE 11 ] ====================
==== Tucker Diagonalization ====
Elapsed time[project_local_potential_to_core]: 0.019318342208862305 sec
Elapsed time[project_local_potential_to_core]: 0.05171370506286621 sec
Elapsed time[project_local_potential_to_core]: 0.05178427696228027 sec
Elapsed time[project_local_potential_to_core]: 0.051862478256225586 sec
Elapsed time[project_local_potential_to_core]: 0.0518345832824707 sec
Elapsed time[project_local_potential_to_core]: 0.051641225814819336 sec
Elapsed time[project_local_potential_to_core]: 0.05175924301147461 sec
Elapsed time[project_local_potential_to_core]: 0.051590681076049805 sec
Elapsed time[project_local_potential_to_core]: 0.051657915115356445 sec
Elapsed time[project_local_potential_to_core]: 0.051642417907714844 sec
Elapsed time[project_local_potential_to_core]: 0.051540374755859375 sec
Elapsed time[project_local_potential_to_core]: 0.05225419998168945 sec
Elapsed time[project_local_potential_to_core]: 0.05181598663330078 sec
Elapsed time[restore_orbital]: 0.0008044242858886719 sec
Elapsed time[core_diagonalize]: 0.12090015411376953 sec
Elapsed time[restore_orbital]: 0.0019702911376953125 sec
Elapsed time[core_diagonalize]: 0.319716215133667 sec
Elapsed time[restore_orbital]: 0.0019083023071289062 sec
Elapsed time[core_diagonalize]: 0.31052660942077637 sec
Elapsed time[restore_orbital]: 0.0019297599792480469 sec
Elapsed time[core_diagonalize]: 0.3191709518432617 sec
Elapsed time[restore_orbital]: 0.0019392967224121094 sec
Elapsed time[core_diagonalize]: 0.3105950355529785 sec
Elapsed time[restore_orbital]: 0.0019137859344482422 sec
Elapsed time[core_diagonalize]: 0.3173098564147949 sec
Elapsed time[restore_orbital]: 0.0019268989562988281 sec
Elapsed time[core_diagonalize]: 0.3127315044403076 sec
Elapsed time[restore_orbital]: 0.001953125 sec
Elapsed time[core_diagonalize]: 0.3119525909423828 sec
Elapsed time[restore_orbital]: 0.001924753189086914 sec
Elapsed time[core_diagonalize]: 0.31184935569763184 sec
Elapsed time[restore_orbital]: 0.0018923282623291016 sec
Elapsed time[core_diagonalize]: 0.3132779598236084 sec
Elapsed time[restore_orbital]: 0.001871347427368164 sec
Elapsed time[core_diagonalize]: 0.3148207664489746 sec
Elapsed time[restore_orbital]: 0.0018830299377441406 sec
Elapsed time[core_diagonalize]: 0.315065860748291 sec
Elapsed time[restore_orbital]: 0.001922607421875 sec
Elapsed time[core_diagonalize]: 0.31769371032714844 sec
Elapsed time[diagonalize]: 4.5368311405181885 sec

[ PRINT EIGENVALUES ]
( spin alpha )
* 1 th kpt (=[0. 0. 0.])
num        occ        value
1          2.0        -0.6260926484095166
2          2.0        -0.3070912051838382
3          2.0        -0.30696654986081906
4          2.0        -0.30677843196490145
5          2.0        -0.3065495268674541
6          2.0        -0.3063338030981419
7          2.0        -0.3062330137201073
8          2.0        -0.06935682904463118
9          2.0        -0.06932661983586531
10         2.0        -0.06921821727964272
11         2.0        -0.06916168588470552
12         2.0        -0.0691582216371549
13         2.0        -0.069137331117105
14         2.0        0.16186078000650136
15         2.0        0.16211230343715854
16         2.0        0.16251113203631262
17         0.0        0.33753751804582943
18         0.0        0.3375797858177491
19         0.0        0.33773423782078127
20         0.0        0.33779053712671975


* 2 th kpt (=[0.25 0.   0.  ])
num        occ        value
1          12.0       -0.6052281831272217
2          12.0       -0.44050969631402986
3          12.0       -0.29495601051881
4          12.0       -0.29479073186189647
5          12.0       -0.294515737756741
6          12.0       -0.2943258667833429
7          12.0       -0.15275402318758696
8          12.0       -0.10571987499007848
9          12.0       -0.10565377318043809
10         12.0       -0.10552358334490063
11         12.0       -0.10552057573502222
12         12.0       -0.04916722678155908
13         12.0       -0.04893824046425024
14         12.0       0.09814534768213282
15         12.0       0.09849699264236055
16         12.0       0.11630810379856138
17         0.0        0.3148278308878369
18         0.0        0.35581574962483015
19         0.0        0.4106176898669186
20         0.0        0.4153354870984064


* 3 th kpt (=[0.5 0.  0. ])
num        occ        value
1          6.0        -0.5424566890196003
2          6.0        -0.5424442206011615
3          6.0        -0.2783600264671679
4          6.0        -0.27835484692004264
5          6.0        -0.27785423805306764
6          6.0        -0.27784970340422566
7          6.0        -0.14276816269855996
8          6.0        -0.1427677382301781
9          6.0        -0.14267199300111896
10         6.0        -0.14267089431569402
11         6.0        -0.0023495056011539907
12         6.0        -0.002346689314346855
13         6.0        0.010203523854142166
14         6.0        0.010211979939826204
15         6.0        0.010466773892512268
16         6.0        0.01047726575412379
17         0.0        0.3272614233648934
18         0.0        0.3273135994948156
19         0.0        0.5393456869843435
20         0.0        0.5394135500719061


* 4 th kpt (=[0.25 0.25 0.  ])
num        occ        value
1          12.0       -0.5845158195074502
2          12.0       -0.42217748502896135
3          12.0       -0.42216839421425545
4          12.0       -0.3147346417506061
5          12.0       -0.26959829488485415
6          12.0       -0.17896701088169625
7          12.0       -0.16895781803207097
8          12.0       -0.16894504323242776
9          12.0       -0.0943396093548987
10         12.0       -0.09433469855574814
11         12.0       -0.0549846727259104
12         12.0       -0.05497990043127375
13         12.0       -0.03278087521412364
14         12.0       0.017034850837100886
15         12.0       0.042868665712305444
16         12.0       0.13700969599605894
17         0.0        0.37092504419544226
18         0.0        0.39533326900129623
19         0.0        0.3953606795099242
20         0.0        0.41348390802669255


* 5 th kpt (=[0.5  0.25 0.  ])
num        occ        value
1          24.0       -0.5223454199826884
2          24.0       -0.5223265787649285
3          24.0       -0.3708240699574779
4          24.0       -0.3707743770976887
5          24.0       -0.2207180841252481
6          24.0       -0.22050967937345028
7          24.0       -0.16321846067058762
8          24.0       -0.16312342030375912
9          24.0       -0.07655576330845854
10         24.0       -0.07634462812006206
11         24.0       -0.03968740626519863
12         24.0       -0.03958928978366734
13         24.0       -0.037267272246579455
14         24.0       -0.03720427420773607
15         24.0       0.05776596960158837
16         24.0       0.05790183263336905
17         0.0        0.40546319831727523
18         0.0        0.40558806154831734
19         0.0        0.4708595128572247
20         0.0        0.47095852558226586


* 6 th kpt (=[-0.25  0.25  0.  ])
num        occ        value
1          12.0       -0.5845181538552924
2          12.0       -0.42215935019089357
3          12.0       -0.42215011268324315
4          12.0       -0.3149072455491542
5          12.0       -0.26937144232515475
6          12.0       -0.17895187286103761
7          12.0       -0.1691198439860484
8          12.0       -0.16910705947687635
9          12.0       -0.09424938243322371
10         12.0       -0.0942440481303338
11         12.0       -0.05491517546046891
12         12.0       -0.05491034761244097
13         12.0       -0.03284186982177777
14         12.0       0.017217072013395226
15         12.0       0.04278256910874538
16         12.0       0.13689544879637255
17         0.0        0.37078764329430725
18         0.0        0.3952490377353377
19         0.0        0.39527657593125765
20         0.0        0.4135548141233057


* 7 th kpt (=[0.5 0.5 0. ])
num        occ        value
1          6.0        -0.4625996967033649
2          6.0        -0.4625963579914664
3          6.0        -0.46258769883791145
4          6.0        -0.4625648970138117
5          6.0        -0.157656944299416
6          6.0        -0.1576288043001509
7          6.0        -0.1574293233723934
8          6.0        -0.15742699405580649
9          6.0        -0.11711924677486557
10         6.0        -0.11711349150074199
11         6.0        -0.11700792552016218
12         6.0        -0.1169894018367772
13         6.0        0.053713728769366885
14         6.0        0.05372082153785502
15         6.0        0.053773674283708654
16         6.0        0.05382324913232664
17         0.0        0.453805195700735
18         0.0        0.45381950781152774
19         0.0        0.45397840575171844
20         0.0        0.45399675115975346


* 8 th kpt (=[0.25 0.25 0.25])
num        occ        value
1          4.0        -0.5639846363271112
2          4.0        -0.40577705921221047
3          4.0        -0.4056526978238147
4          4.0        -0.40560335102091793
5          4.0        -0.23374575380526103
6          4.0        -0.23359413319352368
7          4.0        -0.23321480765192854
8          4.0        -0.08490923408302357
9          4.0        -0.08480755984573408
10         4.0        -0.08474952269376253
11         4.0        -0.0785498884602952
12         4.0        -0.01537262227167939
13         4.0        -0.015194100979535611
14         4.0        -0.015180685121745563
15         4.0        0.09981487907136141
16         4.0        0.10023245619036793
17         0.0        0.38596566827653583
18         0.0        0.3861429658085767
19         0.0        0.3863054958024964
20         0.0        0.4512684365117767


* 9 th kpt (=[0.5  0.25 0.25])
num        occ        value
1          12.0       -0.5026293564851239
2          12.0       -0.5025825963829779
3          12.0       -0.3777427591972495
4          12.0       -0.37760070421723485
5          12.0       -0.29166615695690284
6          12.0       -0.2914273331308724
7          12.0       -0.17175164867426798
8          12.0       -0.17148104562523225
9          12.0       -0.0689649148200315
10         12.0       -0.06894330658123818
11         12.0       -0.008546673939953259
12         12.0       -0.008432241246722538
13         12.0       0.03441284490392682
14         12.0       0.03445429198015976
15         12.0       0.045885982652132964
16         12.0       0.04618968686695057
17         0.0        0.4209072412279659
18         0.0        0.4211226464114209
19         0.0        0.469051038670673
20         0.0        0.4691252983538091


* 10 th kpt (=[-0.25  0.25  0.25])
num        occ        value
1          12.0       -0.5639961812116068
2          12.0       -0.40567032052122315
3          12.0       -0.4056392964581078
4          12.0       -0.40559503738809
5          12.0       -0.2338369610449867
6          12.0       -0.23369261714283748
7          12.0       -0.23361667807684333
8          12.0       -0.08456492977054847
9          12.0       -0.08452838193997998
10         12.0       -0.08450980503791883
11         12.0       -0.07834171412995891
12         12.0       -0.015394976015626163
13         12.0       -0.015375791996091065
14         12.0       -0.01527510078494805
15         12.0       0.09982888481441747
16         12.0       0.10004535032120968
17         0.0        0.3858374887639795
18         0.0        0.38586198308627484
19         0.0        0.3859103868883512
20         0.0        0.4512819092087814


* 11 th kpt (=[0.5  0.5  0.25])
num        occ        value
1          12.0       -0.4453560624232983
2          12.0       -0.445253619986764
3          12.0       -0.4452489069589385
4          12.0       -0.44520597868560613
5          12.0       -0.2616015025409978
6          12.0       -0.26147960069246423
7          12.0       -0.2614394063593024
8          12.0       -0.261154097858143
9          12.0       -0.005136340926785335
10         12.0       -0.005030737656191707
11         12.0       -0.0049667278198964465
12         12.0       -0.00479392268389372
13         12.0       0.05706160933113019
14         12.0       0.05715443180710092
15         12.0       0.057168252312894685
16         12.0       0.05721593398247463
17         0.0        0.4650172150924791
18         0.0        0.46520742302598544
19         0.0        0.46527397323247643
20         0.0        0.46531770068243844


* 12 th kpt (=[-0.25  0.5   0.25])
num        occ        value
1          12.0       -0.5026166815725882
2          12.0       -0.5025839545957332
3          12.0       -0.3778119919794417
4          12.0       -0.3775976322239506
5          12.0       -0.2916700742348629
6          12.0       -0.29130974222822686
7          12.0       -0.17179209624335637
8          12.0       -0.171482089001585
9          12.0       -0.06903658950959884
10         12.0       -0.06901050636392327
11         12.0       -0.008533828713933307
12         12.0       -0.008366250953749835
13         12.0       0.03442154715858246
14         12.0       0.03448081679559307
15         12.0       0.04586104828043385
16         12.0       0.04621652783959361
17         0.0        0.42096200149891433
18         0.0        0.4211835152807773
19         0.0        0.46910249661041115
20         0.0        0.4692049797338662


* 13 th kpt (=[0.5 0.5 0.5])
num        occ        value
1          2.0        -0.4154703146913503
2          2.0        -0.41519710440564594
3          2.0        -0.41512949859634013
4          2.0        -0.4149956041293306
5          2.0        -0.32863518887051785
6          2.0        -0.32842081384739413
7          2.0        -0.3283140073490536
8          2.0        -0.32787603481556443
9          2.0        0.06089483105419001
10         2.0        0.06090163840334313
11         2.0        0.06094143163610135
12         2.0        0.06101072335412077
13         2.0        0.06115615739367793
14         2.0        0.061287729938081986
15         2.0        0.06131265305024774
16         2.0        0.061347238234595355
17         0.0        0.47561630162669816
18         0.0        0.4756618583540418
19         0.0        0.47581481102740864
20         0.0        0.47599027780835057


/home/jhwoo/programs/tucy/tucy/Tucy.py:113: UserWarning: Exited at iteration 20 with accuracies 
[4.09635514e-08 4.31663705e-08 3.92775329e-08 3.64058570e-08
 3.27318582e-08 4.03482837e-08 3.92898406e-08 6.33031975e-08
 4.70721893e-08 5.12915628e-08 4.77651276e-08 4.79397645e-08
 6.12919498e-08 7.81562202e-08 6.86380156e-08 7.16260227e-08
 6.87262230e-04 4.37298083e-04 3.83444350e-03 2.33082428e-03]
not reaching the requested tolerance 1e-07.
  val, vec = scipy.sparse.linalg.lobpcg(**solve_options)
/home/jhwoo/programs/tucy/tucy/Tucy.py:113: UserWarning: Exited at iteration 20 with accuracies 
[4.31858612e-08+0.j 5.07836163e-08+0.j 5.04794412e-08+0.j
 5.12852831e-08+0.j 4.52679732e-08+0.j 4.27230992e-08+0.j
 6.89490726e-08+0.j 6.14275604e-08+0.j 6.37207702e-08+0.j
 6.49691296e-08+0.j 6.09896978e-08+0.j 7.61245419e-08+0.j
 5.02536647e-08+0.j 7.32591832e-08+0.j 7.80175783e-08+0.j
 6.24455365e-08+0.j 1.35512418e-07+0.j 1.98320651e-07+0.j
 8.76860584e-04+0.j 1.88637895e-03+0.j]
not reaching the requested tolerance 1e-07.
  val, vec = scipy.sparse.linalg.lobpcg(**solve_options)
/home/jhwoo/programs/tucy/tucy/Tucy.py:113: UserWarning: Exited at iteration 20 with accuracies 
[4.64988840e-08+0.j 4.93201273e-08+0.j 6.61437293e-08+0.j
 5.69145304e-08+0.j 5.31490181e-08+0.j 5.25126537e-08+0.j
 7.68804918e-08+0.j 6.73074304e-08+0.j 7.80234820e-08+0.j
 7.19862805e-08+0.j 6.87018861e-08+0.j 6.37447431e-08+0.j
 7.79830319e-08+0.j 7.20412545e-08+0.j 7.79860316e-08+0.j
 8.40644227e-08+0.j 8.63126760e-08+0.j 8.72466214e-08+0.j
 2.34033198e-05+0.j 3.78048956e-05+0.j]
not reaching the requested tolerance 1e-07.
  val, vec = scipy.sparse.linalg.lobpcg(**solve_options)
/home/jhwoo/programs/tucy/tucy/Tucy.py:113: UserWarning: Exited at iteration 20 with accuracies 
[4.53633736e-08+0.j 6.05758410e-08+0.j 4.80791139e-08+0.j
 5.23928393e-08+0.j 5.97872804e-08+0.j 6.08533754e-08+0.j
 5.94716702e-08+0.j 5.85729106e-08+0.j 6.93386369e-08+0.j
 6.28990471e-08+0.j 6.49991734e-08+0.j 6.67799807e-08+0.j
 6.44763173e-08+0.j 6.82850753e-08+0.j 7.39672767e-08+0.j
 7.31026137e-08+0.j 2.31210547e-07+0.j 4.98946230e-07+0.j
 5.00318062e-07+0.j 4.08965497e-07+0.j]
not reaching the requested tolerance 1e-07.
  val, vec = scipy.sparse.linalg.lobpcg(**solve_options)
/home/jhwoo/programs/tucy/tucy/Tucy.py:113: UserWarning: Exited at iteration 20 with accuracies 
[6.05413707e-08+0.j 4.43049674e-08+0.j 5.02823361e-08+0.j
 6.20190715e-08+0.j 6.64612860e-08+0.j 5.97614651e-08+0.j
 6.51302050e-08+0.j 6.36457023e-08+0.j 5.69146759e-08+0.j
 5.65321637e-08+0.j 6.61355751e-08+0.j 6.63150239e-08+0.j
 6.37299512e-08+0.j 6.72716812e-08+0.j 7.16292669e-08+0.j
 7.50599620e-08+0.j 1.70336112e-07+0.j 1.65361334e-07+0.j
 4.09114979e-07+0.j 4.15228919e-07+0.j]
not reaching the requested tolerance 1e-07.
  val, vec = scipy.sparse.linalg.lobpcg(**solve_options)
/home/jhwoo/programs/tucy/tucy/Tucy.py:113: UserWarning: Exited at iteration 20 with accuracies 
[4.30101009e-08+0.j 5.62517783e-08+0.j 4.87610750e-08+0.j
 5.66175123e-08+0.j 5.24639480e-08+0.j 7.43574210e-08+0.j
 5.95017033e-08+0.j 5.37825396e-08+0.j 5.22128615e-08+0.j
 5.96811413e-08+0.j 8.08630564e-08+0.j 6.71313802e-08+0.j
 5.36114582e-08+0.j 6.56310958e-08+0.j 5.96930623e-08+0.j
 7.73765927e-08+0.j 3.49838380e-07+0.j 5.39342065e-07+0.j
 4.90908771e-07+0.j 3.63542031e-07+0.j]
not reaching the requested tolerance 1e-07.
  val, vec = scipy.sparse.linalg.lobpcg(**solve_options)
/home/jhwoo/programs/tucy/tucy/Tucy.py:113: UserWarning: Exited at iteration 20 with accuracies 
[5.89105536e-08+0.j 6.80945507e-08+0.j 6.13132031e-08+0.j
 6.34042458e-08+0.j 5.26074099e-08+0.j 5.43144196e-08+0.j
 5.57878432e-08+0.j 6.40088959e-08+0.j 7.15003241e-08+0.j
 6.01772696e-08+0.j 7.26204519e-08+0.j 7.98168876e-08+0.j
 7.54297208e-08+0.j 6.54906322e-08+0.j 7.21966775e-08+0.j
 7.49348886e-08+0.j 3.00071306e-07+0.j 1.72685755e-07+0.j
 1.71998312e-07+0.j 1.77306181e-07+0.j]
not reaching the requested tolerance 1e-07.
  val, vec = scipy.sparse.linalg.lobpcg(**solve_options)
/home/jhwoo/programs/tucy/tucy/Tucy.py:113: UserWarning: Exited at iteration 20 with accuracies 
[5.09051504e-08+0.j 6.02334378e-08+0.j 5.25438621e-08+0.j
 5.06441007e-08+0.j 6.01945725e-08+0.j 6.02758334e-08+0.j
 5.78394723e-08+0.j 6.43415490e-08+0.j 5.64797169e-08+0.j
 5.88167629e-08+0.j 6.82770216e-08+0.j 7.44875508e-08+0.j
 7.03600265e-08+0.j 6.16189127e-08+0.j 8.01504959e-08+0.j
 6.85820397e-08+0.j 1.91310904e-07+0.j 2.28042384e-07+0.j
 1.84515224e-07+0.j 1.27268508e-03+0.j]
not reaching the requested tolerance 1e-07.
  val, vec = scipy.sparse.linalg.lobpcg(**solve_options)
/home/jhwoo/programs/tucy/tucy/Tucy.py:113: UserWarning: Exited at iteration 20 with accuracies 
[5.78608372e-08+0.j 4.50645695e-08+0.j 4.87189207e-08+0.j
 6.41202301e-08+0.j 6.48656591e-08+0.j 6.24145545e-08+0.j
 5.32132858e-08+0.j 5.72418407e-08+0.j 5.59696840e-08+0.j
 6.37358477e-08+0.j 6.67834314e-08+0.j 6.35703625e-08+0.j
 8.16572749e-08+0.j 8.90334590e-08+0.j 6.69873389e-08+0.j
 7.88019782e-08+0.j 2.47802319e-07+0.j 1.75546179e-07+0.j
 6.24829611e-07+0.j 4.23442213e-07+0.j]
not reaching the requested tolerance 1e-07.
  val, vec = scipy.sparse.linalg.lobpcg(**solve_options)
/home/jhwoo/programs/tucy/tucy/Tucy.py:113: UserWarning: Exited at iteration 20 with accuracies 
[6.03235165e-08+0.j 5.33522930e-08+0.j 5.00181507e-08+0.j
 5.04739544e-08+0.j 7.19664081e-08+0.j 5.33569848e-08+0.j
 5.13357624e-08+0.j 6.04402106e-08+0.j 6.60989578e-08+0.j
 5.69534935e-08+0.j 5.70832073e-08+0.j 7.08160963e-08+0.j
 6.42940698e-08+0.j 7.24728056e-08+0.j 6.91041270e-08+0.j
 8.35751191e-08+0.j 2.76066840e-07+0.j 5.90681188e-07+0.j
 3.72238493e-07+0.j 3.63478642e-04+0.j]
not reaching the requested tolerance 1e-07.
  val, vec = scipy.sparse.linalg.lobpcg(**solve_options)
/home/jhwoo/programs/tucy/tucy/Tucy.py:113: UserWarning: Exited at iteration 20 with accuracies 
[4.85837327e-08+0.j 5.05456486e-08+0.j 4.79725155e-08+0.j
 5.91086690e-08+0.j 6.80975388e-08+0.j 5.46194212e-08+0.j
 6.17101656e-08+0.j 5.78572901e-08+0.j 8.08140798e-08+0.j
 7.24911846e-08+0.j 6.52986375e-08+0.j 7.03319831e-08+0.j
 6.96625561e-08+0.j 8.35590286e-08+0.j 7.89624892e-08+0.j
 7.79872389e-08+0.j 5.48243246e-07+0.j 5.33054516e-07+0.j
 4.75210311e-07+0.j 4.90611438e-07+0.j]
not reaching the requested tolerance 1e-07.
  val, vec = scipy.sparse.linalg.lobpcg(**solve_options)
/home/jhwoo/programs/tucy/tucy/Tucy.py:113: UserWarning: Exited at iteration 20 with accuracies 
[6.38501781e-08+0.j 6.35885555e-08+0.j 5.73604522e-08+0.j
 4.97937413e-08+0.j 6.19936642e-08+0.j 5.46584934e-08+0.j
 6.78840428e-08+0.j 6.02441663e-08+0.j 6.09394876e-08+0.j
 6.68333027e-08+0.j 6.41452267e-08+0.j 7.09242059e-08+0.j
 8.26494756e-08+0.j 7.31224665e-08+0.j 7.23104708e-08+0.j
 7.86585844e-08+0.j 2.34944762e-07+0.j 2.62891709e-07+0.j
 4.11218633e-07+0.j 6.38286999e-07+0.j]
not reaching the requested tolerance 1e-07.
  val, vec = scipy.sparse.linalg.lobpcg(**solve_options)
/home/jhwoo/programs/tucy/tucy/Tucy.py:113: UserWarning: Exited at iteration 20 with accuracies 
[5.37229533e-08+0.j 6.14288908e-08+0.j 4.52208577e-08+0.j
 5.05780735e-08+0.j 6.19563672e-08+0.j 4.50348177e-08+0.j
 3.92252196e-08+0.j 4.75900282e-08+0.j 5.80504416e-08+0.j
 6.73635363e-08+0.j 7.01264820e-08+0.j 6.33064069e-08+0.j
 6.39321239e-08+0.j 7.08921343e-08+0.j 7.87558465e-08+0.j
 7.41512324e-08+0.j 4.96767344e-04+0.j 6.90211641e-04+0.j
 1.22272630e-03+0.j 1.52842495e-03+0.j]
not reaching the requested tolerance 1e-07.
  val, vec = scipy.sparse.linalg.lobpcg(**solve_options)
Integral of density (=32.00000000000003) is normalized to 32.0
Orbital energy difference = 4.429538497330299e-05
Density difference (relative) = 1.3798198596226136e-05
Elapsed time[calc_external_energy]: 2.9325485229492188e-05 sec
Elapsed time[calc_nonlocal_energy]: 0.24254345893859863 sec

============ Energy (Hartree) ============
|   Total Energy        : -45.4909916088 |
------------------------------------------
| * Ion-ion Energy      : 0.0            |
| * Eigenvals sum for 0 : -5.3392557373  |
| * Hartree Energy      : 2.0619115966   |
| * XC Energy           : -14.2183386281 |
| * Kinetic Energy      : 33.3139815135  |
| * External Energy     : -67.8214181202 |
| * Non-local Energy    : 1.1728720293   |
==========================================
Elapsed time[calc_and_print_energies]: 0.33922266960144043 sec
Total energy difference = -4.2205354588986665e-06 Hartree
Elapsed time for 11 th cycle: 4.892779350280762 sec

==================== [ END CYCLE 11 ] ====================
Elapsed time[_get_mixed_var]: 0.00020694732666015625 sec
Elapsed time[compute_potential]: 0.0038754940032958984 sec
Elapsed time[compute]: 0.010720252990722656 sec

==================== [ SCF CYCLE 12 ] ====================
==== Tucker Diagonalization ====
Elapsed time[project_local_potential_to_core]: 0.01942300796508789 sec
Elapsed time[project_local_potential_to_core]: 0.05192732810974121 sec
Elapsed time[project_local_potential_to_core]: 0.05198812484741211 sec
Elapsed time[project_local_potential_to_core]: 0.05313873291015625 sec
Elapsed time[project_local_potential_to_core]: 0.051468610763549805 sec
Elapsed time[project_local_potential_to_core]: 0.0516357421875 sec
Elapsed time[project_local_potential_to_core]: 0.05184578895568848 sec
Elapsed time[project_local_potential_to_core]: 0.052041053771972656 sec
Elapsed time[project_local_potential_to_core]: 0.05207371711730957 sec
Elapsed time[project_local_potential_to_core]: 0.05170559883117676 sec
Elapsed time[project_local_potential_to_core]: 0.05228304862976074 sec
Elapsed time[project_local_potential_to_core]: 0.051808834075927734 sec
Elapsed time[project_local_potential_to_core]: 0.052165985107421875 sec
Elapsed time[restore_orbital]: 0.0008058547973632812 sec
Elapsed time[core_diagonalize]: 0.1189568042755127 sec
Elapsed time[restore_orbital]: 0.0019152164459228516 sec
Elapsed time[core_diagonalize]: 0.30533599853515625 sec
Elapsed time[restore_orbital]: 0.0019190311431884766 sec
Elapsed time[core_diagonalize]: 0.2946186065673828 sec
Elapsed time[restore_orbital]: 0.0019235610961914062 sec
Elapsed time[core_diagonalize]: 0.3009672164916992 sec
Elapsed time[restore_orbital]: 0.0019164085388183594 sec
Elapsed time[core_diagonalize]: 0.29797863960266113 sec
Elapsed time[restore_orbital]: 0.0019137859344482422 sec
Elapsed time[core_diagonalize]: 0.30134010314941406 sec
Elapsed time[restore_orbital]: 0.0019576549530029297 sec
Elapsed time[core_diagonalize]: 0.2987346649169922 sec
Elapsed time[restore_orbital]: 0.0019571781158447266 sec
Elapsed time[core_diagonalize]: 0.2945685386657715 sec
Elapsed time[restore_orbital]: 0.0018935203552246094 sec
Elapsed time[core_diagonalize]: 0.2988724708557129 sec
Elapsed time[restore_orbital]: 0.0019249916076660156 sec
Elapsed time[core_diagonalize]: 0.3001389503479004 sec
Elapsed time[restore_orbital]: 0.0021305084228515625 sec
Elapsed time[core_diagonalize]: 0.30557680130004883 sec
Elapsed time[restore_orbital]: 0.0019154548645019531 sec
Elapsed time[core_diagonalize]: 0.29856371879577637 sec
Elapsed time[restore_orbital]: 0.0019266605377197266 sec
Elapsed time[core_diagonalize]: 0.2973368167877197 sec
Elapsed time[diagonalize]: 4.357311725616455 sec

[ PRINT EIGENVALUES ]
( spin alpha )
* 1 th kpt (=[0. 0. 0.])
num        occ        value
1          2.0        -0.6260934449082798
2          2.0        -0.30709240257517556
3          2.0        -0.30696772974995273
4          2.0        -0.3067796310989389
5          2.0        -0.30655074284620437
6          2.0        -0.3063349984186989
7          2.0        -0.30623423623476825
8          2.0        -0.06935826590027608
9          2.0        -0.06932802861230114
10         2.0        -0.06921962176218847
11         2.0        -0.06916311488502402
12         2.0        -0.06915962947323533
13         2.0        -0.06913877029889084
14         2.0        0.16185896213986958
15         2.0        0.16211048802518221
16         2.0        0.162509296739049
17         0.0        0.337537015708535
18         0.0        0.3375796128108028
19         0.0        0.33772691334635063
20         0.0        0.33778549080495707


* 2 th kpt (=[0.25 0.   0.  ])
num        occ        value
1          12.0       -0.6052290043324711
2          12.0       -0.44051070806365955
3          12.0       -0.29495725953086194
4          12.0       -0.29479199441655674
5          12.0       -0.2945170226471005
6          12.0       -0.29432714888535555
7          12.0       -0.1527554677913615
8          12.0       -0.10572103817383013
9          12.0       -0.10565494436978237
10         12.0       -0.10552476324253979
11         12.0       -0.10552175527397907
12         12.0       -0.04916868437050221
13         12.0       -0.048939674247237594
14         12.0       0.0981436864050138
15         12.0       0.09849535059685172
16         12.0       0.11630633481059813
17         0.0        0.3148274498594458
18         0.0        0.3558145566937264
19         0.0        0.4106169584102555
20         0.0        0.41533197604432626


* 3 th kpt (=[0.5 0.  0. ])
num        occ        value
1          6.0        -0.5424577560428564
2          6.0        -0.5424449318495228
3          6.0        -0.2783613863526446
4          6.0        -0.27835623529431514
5          6.0        -0.27785598201448153
6          6.0        -0.2778507834479212
7          6.0        -0.1427692262152278
8          6.0        -0.14276851180850245
9          6.0        -0.14267274974706043
10         6.0        -0.14267203747040438
11         6.0        -0.002351181918513914
12         6.0        -0.002348315862841655
13         6.0        0.01020210287591976
14         6.0        0.010210347932357236
15         6.0        0.01046567241406888
16         6.0        0.010475357508155243
17         0.0        0.32726063758495233
18         0.0        0.327312865324753
19         0.0        0.5393455231367422
20         0.0        0.5394134348371278


* 4 th kpt (=[0.25 0.25 0.  ])
num        occ        value
1          12.0       -0.5845166663823594
2          12.0       -0.4221784703411121
3          12.0       -0.422169514198995
4          12.0       -0.3147360173109044
5          12.0       -0.26959953634612227
6          12.0       -0.1789678269847149
7          12.0       -0.1689592742875938
8          12.0       -0.16894654724644403
9          12.0       -0.09434085598479354
10         12.0       -0.09433589022642272
11         12.0       -0.05498604084550544
12         12.0       -0.054981054613769835
13         12.0       -0.03278235736009233
14         12.0       0.01703331011367568
15         12.0       0.04286719931478577
16         12.0       0.1370078827687348
17         0.0        0.37092481481885536
18         0.0        0.39533257483409245
19         0.0        0.39536000449740294
20         0.0        0.4134824264718147


* 5 th kpt (=[0.5  0.25 0.  ])
num        occ        value
1          24.0       -0.5223464469643347
2          24.0       -0.5223273903652682
3          24.0       -0.37082529297835004
4          24.0       -0.37077553643573097
5          24.0       -0.2207194179366115
6          24.0       -0.22051103066106692
7          24.0       -0.16321941233794943
8          24.0       -0.16312436238670328
9          24.0       -0.07655722971464203
10         24.0       -0.0763461114450408
11         24.0       -0.039688710211523016
12         24.0       -0.039590596037478186
13         24.0       -0.037268583266024315
14         24.0       -0.03720562867082877
15         24.0       0.05776436170753057
16         24.0       0.05790019765362323
17         0.0        0.4054621102897578
18         0.0        0.4055869954240045
19         0.0        0.4708589677627433
20         0.0        0.47095796749093305


* 6 th kpt (=[-0.25  0.25  0.  ])
num        occ        value
1          12.0       -0.5845190004976377
2          12.0       -0.4221603178209743
3          12.0       -0.42215125445901547
4          12.0       -0.31490860670377874
5          12.0       -0.26937269399652697
6          12.0       -0.17895271094913015
7          12.0       -0.16912126597194474
8          12.0       -0.1691085657112319
9          12.0       -0.09425043566974975
10         12.0       -0.09424541907615852
11         12.0       -0.054916596090904365
12         12.0       -0.05491149435385333
13         12.0       -0.03284333333978829
14         12.0       0.017215513403156784
15         12.0       0.04278109921340575
16         12.0       0.13689366243251952
17         0.0        0.3707874258056581
18         0.0        0.39524839152145763
19         0.0        0.3952758452933012
20         0.0        0.4135533410956659


* 7 th kpt (=[0.5 0.5 0. ])
num        occ        value
1          6.0        -0.4626004679019562
2          6.0        -0.4625976570497917
3          6.0        -0.46258863597922234
4          6.0        -0.46256592911579947
5          6.0        -0.15765827868108065
6          6.0        -0.15763017656101408
7          6.0        -0.1574305561950195
8          6.0        -0.15742849970597808
9          6.0        -0.11712037414006966
10         6.0        -0.11711455503332056
11         6.0        -0.11700896233543283
12         6.0        -0.11699054149792411
13         6.0        0.053711846272904616
14         6.0        0.05371945728116722
15         6.0        0.053771968557545784
16         6.0        0.053821636157811735
17         0.0        0.453804619996073
18         0.0        0.4538184878884489
19         0.0        0.45397768130047905
20         0.0        0.4539958661384291


* 8 th kpt (=[0.25 0.25 0.25])
num        occ        value
1          4.0        -0.5639855099027924
2          4.0        -0.4057781468065579
3          4.0        -0.4056538424053353
4          4.0        -0.40560444925955985
5          4.0        -0.23374689847669475
6          4.0        -0.23359530671495163
7          4.0        -0.2332159759871558
8          4.0        -0.08491049006200621
9          4.0        -0.0848087968961522
10         4.0        -0.08475078533812469
11         4.0        -0.07855117735098908
12         4.0        -0.015374134774736276
13         4.0        -0.015195611905090426
14         4.0        -0.015182194258663136
15         4.0        0.09981316803202696
16         4.0        0.10023073373141708
17         0.0        0.3859652509666209
18         0.0        0.3861425417120962
19         0.0        0.3863050417678958
20         0.0        0.45126494676308143


* 9 th kpt (=[0.5  0.25 0.25])
num        occ        value
1          12.0       -0.5026303443456717
2          12.0       -0.5025835136176725
3          12.0       -0.3777440510911751
4          12.0       -0.37760197134880774
5          12.0       -0.29166702183405824
6          12.0       -0.29142823009344115
7          12.0       -0.1717528116583973
8          12.0       -0.17148223613530092
9          12.0       -0.06896619840266392
10         12.0       -0.06894476699597252
11         12.0       -0.008548092764791668
12         12.0       -0.008433674410951301
13         12.0       0.03441127383806088
14         12.0       0.034452684017739245
15         12.0       0.04588438909792902
16         12.0       0.046188059735615176
17         0.0        0.4209062523780782
18         0.0        0.421121661987318
19         0.0        0.4690504705256208
20         0.0        0.46912470030416464


* 10 th kpt (=[-0.25  0.25  0.25])
num        occ        value
1          12.0       -0.563997053503774
2          12.0       -0.4056714134095241
3          12.0       -0.40564045609890775
4          12.0       -0.4055961295940415
5          12.0       -0.2338380899241689
6          12.0       -0.2336937717965913
7          12.0       -0.23361781417166863
8          12.0       -0.08456621680507324
9          12.0       -0.08452964338406599
10         12.0       -0.08451111784739043
11         12.0       -0.07834302730988557
12         12.0       -0.015396499345540536
13         12.0       -0.015377268216238317
14         12.0       -0.01527659016478843
15         12.0       0.09982717589864719
16         12.0       0.10004365340759358
17         0.0        0.3858371189155269
18         0.0        0.3858615945612312
19         0.0        0.38590990815796966
20         0.0        0.45128023444859133


* 11 th kpt (=[0.5  0.5  0.25])
num        occ        value
1          12.0       -0.4453571118661573
2          12.0       -0.4452545185427226
3          12.0       -0.4452501815147894
4          12.0       -0.44520702399812406
5          12.0       -0.26160249561485205
6          12.0       -0.261480595885898
7          12.0       -0.26144040821397513
8          12.0       -0.26115511027948296
9          12.0       -0.005137843505874482
10         12.0       -0.005032227201747326
11         12.0       -0.004968179277032775
12         12.0       -0.004795435241723647
13         12.0       0.057059947606619164
14         12.0       0.05715274897439526
15         12.0       0.0571665765782428
16         12.0       0.057214297684114575
17         0.0        0.4650162839977035
18         0.0        0.4652064314418549
19         0.0        0.4652730415486537
20         0.0        0.46531669972363315


* 12 th kpt (=[-0.25  0.5   0.25])
num        occ        value
1          12.0       -0.5026175789681064
2          12.0       -0.5025849607099356
3          12.0       -0.37781328357117194
4          12.0       -0.3775989160369621
5          12.0       -0.29167094602162086
6          12.0       -0.2913105969707294
7          12.0       -0.17179327730610172
8          12.0       -0.17148327856491008
9          12.0       -0.06903797982602711
10         12.0       -0.06901190482949053
11         12.0       -0.00853525555982913
12         12.0       -0.008367654427415555
13         12.0       0.03441989196082532
14         12.0       0.03447933756365981
15         12.0       0.04585943037556447
16         12.0       0.04621490369955576
17         0.0        0.42096104936638246
18         0.0        0.4211824991452119
19         0.0        0.4691019199663044
20         0.0        0.4692044002130581


* 13 th kpt (=[0.5 0.5 0.5])
num        occ        value
1          2.0        -0.41547152820634015
2          2.0        -0.41519834553700624
3          2.0        -0.4151307859323168
4          2.0        -0.41499683547298083
5          2.0        -0.32863592866829255
6          2.0        -0.3284215844248721
7          2.0        -0.3283147408437464
8          2.0        -0.32787681572235217
9          2.0        0.060892950034542245
10         2.0        0.06090007066659434
11         2.0        0.06093981975976863
12         2.0        0.061009031123076034
13         2.0        0.06115450534532163
14         2.0        0.061286098558543146
15         2.0        0.06131092156095374
16         2.0        0.061345512427522696
17         0.0        0.47561464158463784
18         0.0        0.47565935094091866
19         0.0        0.4758102255141443
20         0.0        0.47598514147625565


/home/jhwoo/programs/tucy/tucy/Tucy.py:113: UserWarning: Exited at iteration 20 with accuracies 
[4.05859324e-08 5.53811953e-08 4.24826088e-08 4.67537499e-08
 5.00404916e-08 4.54105372e-08 5.52844419e-08 3.38478202e-08
 4.47343859e-08 5.00117604e-08 5.96935316e-08 5.74852838e-08
 4.31003997e-08 6.43314447e-08 7.57907670e-08 5.09069299e-08
 5.45207156e-04 7.33227604e-04 5.79809546e-03 2.90729472e-03]
not reaching the requested tolerance 1e-07.
  val, vec = scipy.sparse.linalg.lobpcg(**solve_options)
/home/jhwoo/programs/tucy/tucy/Tucy.py:113: UserWarning: Exited at iteration 20 with accuracies 
[5.00450279e-08+0.j 5.42364332e-08+0.j 6.05332197e-08+0.j
 6.95425103e-08+0.j 6.10397745e-08+0.j 5.92046898e-08+0.j
 5.34137101e-08+0.j 5.45293949e-08+0.j 5.08096255e-08+0.j
 6.61453134e-08+0.j 6.70891264e-08+0.j 5.66628874e-08+0.j
 6.11543857e-08+0.j 7.69825474e-08+0.j 7.41929121e-08+0.j
 7.56469906e-08+0.j 1.49017461e-07+0.j 1.19973067e-07+0.j
 3.75438550e-04+0.j 2.43565764e-03+0.j]
not reaching the requested tolerance 1e-07.
  val, vec = scipy.sparse.linalg.lobpcg(**solve_options)
/home/jhwoo/programs/tucy/tucy/Tucy.py:113: UserWarning: Exited at iteration 20 with accuracies 
[5.36949688e-08+0.j 5.89272614e-08+0.j 6.77986998e-08+0.j
 7.18317146e-08+0.j 5.29883357e-08+0.j 7.53944216e-08+0.j
 6.79316052e-08+0.j 6.96450319e-08+0.j 6.53503428e-08+0.j
 8.28291567e-08+0.j 6.85524882e-08+0.j 7.04698121e-08+0.j
 7.08592744e-08+0.j 7.55067860e-08+0.j 6.23376396e-08+0.j
 7.20559331e-08+0.j 9.13192718e-08+0.j 8.55459231e-08+0.j
 1.20357643e-05+0.j 1.72104918e-05+0.j]
not reaching the requested tolerance 1e-07.
  val, vec = scipy.sparse.linalg.lobpcg(**solve_options)
/home/jhwoo/programs/tucy/tucy/Tucy.py:113: UserWarning: Exited at iteration 20 with accuracies 
[5.38305613e-08+0.j 6.06250465e-08+0.j 5.79573742e-08+0.j
 5.81466236e-08+0.j 5.44257572e-08+0.j 6.92564225e-08+0.j
 5.92898003e-08+0.j 5.86734660e-08+0.j 6.63804248e-08+0.j
 6.18104502e-08+0.j 5.96502231e-08+0.j 5.96066270e-08+0.j
 5.87139938e-08+0.j 6.92419365e-08+0.j 5.21743191e-08+0.j
 5.64058769e-08+0.j 1.29403724e-07+0.j 1.53360789e-07+0.j
 1.89039553e-07+0.j 2.72490901e-07+0.j]
not reaching the requested tolerance 1e-07.
  val, vec = scipy.sparse.linalg.lobpcg(**solve_options)
/home/jhwoo/programs/tucy/tucy/Tucy.py:113: UserWarning: Exited at iteration 20 with accuracies 
[4.52179591e-08+0.j 4.34249293e-08+0.j 5.30201748e-08+0.j
 5.22934756e-08+0.j 6.21054341e-08+0.j 6.67279442e-08+0.j
 6.35235316e-08+0.j 6.39872856e-08+0.j 6.45188247e-08+0.j
 6.55738026e-08+0.j 6.93557607e-08+0.j 7.20576983e-08+0.j
 6.95771206e-08+0.j 7.33425087e-08+0.j 8.21566997e-08+0.j
 6.82018355e-08+0.j 9.33820564e-08+0.j 9.68972175e-08+0.j
 2.57422866e-07+0.j 2.01048933e-07+0.j]
not reaching the requested tolerance 1e-07.
  val, vec = scipy.sparse.linalg.lobpcg(**solve_options)
/home/jhwoo/programs/tucy/tucy/Tucy.py:113: UserWarning: Exited at iteration 20 with accuracies 
[5.61053449e-08+0.j 5.68383304e-08+0.j 6.14766157e-08+0.j
 6.14203451e-08+0.j 5.94711228e-08+0.j 7.60672056e-08+0.j
 5.02382981e-08+0.j 6.42098341e-08+0.j 5.65543880e-08+0.j
 6.11646157e-08+0.j 5.62938167e-08+0.j 6.15811458e-08+0.j
 5.29074333e-08+0.j 6.46663120e-08+0.j 5.78629097e-08+0.j
 6.76650888e-08+0.j 1.73272221e-07+0.j 1.83797757e-07+0.j
 1.92510992e-07+0.j 1.01766026e-07+0.j]
not reaching the requested tolerance 1e-07.
  val, vec = scipy.sparse.linalg.lobpcg(**solve_options)
/home/jhwoo/programs/tucy/tucy/Tucy.py:113: UserWarning: Exited at iteration 20 with accuracies 
[6.22068353e-08+0.j 5.77980069e-08+0.j 5.23069502e-08+0.j
 5.27048938e-08+0.j 6.05398601e-08+0.j 6.14785503e-08+0.j
 6.31460277e-08+0.j 6.64272609e-08+0.j 7.75088815e-08+0.j
 6.46929428e-08+0.j 7.56370836e-08+0.j 6.87190165e-08+0.j
 7.95025833e-08+0.j 8.27188817e-08+0.j 7.32380134e-08+0.j
 8.35612070e-08+0.j 1.92013380e-07+0.j 2.22246722e-07+0.j
 1.47951518e-07+0.j 2.44714515e-07+0.j]
not reaching the requested tolerance 1e-07.
  val, vec = scipy.sparse.linalg.lobpcg(**solve_options)
/home/jhwoo/programs/tucy/tucy/Tucy.py:113: UserWarning: Exited at iteration 20 with accuracies 
[6.08165765e-08+0.j 4.87138061e-08+0.j 6.60399635e-08+0.j
 6.35089138e-08+0.j 4.77254806e-08+0.j 7.43402921e-08+0.j
 6.22855688e-08+0.j 7.10374851e-08+0.j 7.23245077e-08+0.j
 6.96306284e-08+0.j 6.33430252e-08+0.j 7.53938676e-08+0.j
 6.95179096e-08+0.j 7.20355813e-08+0.j 6.60338636e-08+0.j
 5.96465776e-08+0.j 1.63874352e-07+0.j 1.35044256e-07+0.j
 1.47566933e-07+0.j 1.18300990e-03+0.j]
not reaching the requested tolerance 1e-07.
  val, vec = scipy.sparse.linalg.lobpcg(**solve_options)
/home/jhwoo/programs/tucy/tucy/Tucy.py:113: UserWarning: Exited at iteration 20 with accuracies 
[4.64391990e-08+0.j 5.23293406e-08+0.j 5.43601750e-08+0.j
 5.43336198e-08+0.j 5.85951486e-08+0.j 7.04310049e-08+0.j
 6.99382862e-08+0.j 5.98959316e-08+0.j 6.73221111e-08+0.j
 6.33824425e-08+0.j 7.41042514e-08+0.j 7.75672210e-08+0.j
 8.06152838e-08+0.j 6.28765069e-08+0.j 5.84776125e-08+0.j
 6.80757584e-08+0.j 1.44844794e-07+0.j 2.06617334e-07+0.j
 2.85028773e-07+0.j 2.43496580e-07+0.j]
not reaching the requested tolerance 1e-07.
  val, vec = scipy.sparse.linalg.lobpcg(**solve_options)
/home/jhwoo/programs/tucy/tucy/Tucy.py:113: UserWarning: Exited at iteration 20 with accuracies 
[6.06293044e-08+0.j 6.25224498e-08+0.j 6.36554026e-08+0.j
 6.12542288e-08+0.j 5.82274586e-08+0.j 6.62122113e-08+0.j
 5.49861149e-08+0.j 6.47745060e-08+0.j 6.60193144e-08+0.j
 6.90746552e-08+0.j 5.62941588e-08+0.j 5.88334021e-08+0.j
 7.89884510e-08+0.j 6.08694300e-08+0.j 6.82597560e-08+0.j
 6.38866649e-08+0.j 1.99045539e-07+0.j 1.76112213e-07+0.j
 1.36363963e-07+0.j 3.39347210e-04+0.j]
not reaching the requested tolerance 1e-07.
  val, vec = scipy.sparse.linalg.lobpcg(**solve_options)
/home/jhwoo/programs/tucy/tucy/Tucy.py:113: UserWarning: Exited at iteration 20 with accuracies 
[6.24275490e-08+0.j 5.90675489e-08+0.j 5.51051168e-08+0.j
 6.69763681e-08+0.j 6.38416813e-08+0.j 7.41399521e-08+0.j
 6.97413378e-08+0.j 6.96903623e-08+0.j 7.09487156e-08+0.j
 6.65967689e-08+0.j 7.28828103e-08+0.j 8.19782358e-08+0.j
 6.21320817e-08+0.j 7.39188088e-08+0.j 6.77376109e-08+0.j
 7.70443049e-08+0.j 5.99454410e-07+0.j 3.74260301e-07+0.j
 4.96529153e-07+0.j 5.06413564e-07+0.j]
not reaching the requested tolerance 1e-07.
  val, vec = scipy.sparse.linalg.lobpcg(**solve_options)
/home/jhwoo/programs/tucy/tucy/Tucy.py:113: UserWarning: Exited at iteration 20 with accuracies 
[5.31771934e-08+0.j 5.62277842e-08+0.j 5.56907750e-08+0.j
 5.33138573e-08+0.j 5.73766339e-08+0.j 6.00209838e-08+0.j
 6.34675046e-08+0.j 6.16777042e-08+0.j 6.49173642e-08+0.j
 7.10418834e-08+0.j 7.56786656e-08+0.j 6.21888515e-08+0.j
 6.95719580e-08+0.j 6.96595024e-08+0.j 5.25857078e-08+0.j
 6.77749207e-08+0.j 2.17594174e-07+0.j 2.04692230e-07+0.j
 3.53142808e-07+0.j 3.22696316e-07+0.j]
not reaching the requested tolerance 1e-07.
  val, vec = scipy.sparse.linalg.lobpcg(**solve_options)
/home/jhwoo/programs/tucy/tucy/Tucy.py:113: UserWarning: Exited at iteration 20 with accuracies 
[5.59313138e-08+0.j 4.73987951e-08+0.j 6.75042987e-08+0.j
 4.48828149e-08+0.j 5.23363427e-08+0.j 6.16293504e-08+0.j
 5.66570564e-08+0.j 5.16748844e-08+0.j 5.52722024e-08+0.j
 7.23236352e-08+0.j 8.87525354e-08+0.j 7.10609643e-08+0.j
 6.14441564e-08+0.j 6.60357378e-08+0.j 7.22050387e-08+0.j
 5.87329877e-08+0.j 6.04208396e-04+0.j 1.67592689e-03+0.j
 1.80205494e-03+0.j 3.28085854e-03+0.j]
not reaching the requested tolerance 1e-07.
  val, vec = scipy.sparse.linalg.lobpcg(**solve_options)
Integral of density (=32.00000000000004) is normalized to 32.0
Orbital energy difference = -4.126572909868287e-05
Density difference (relative) = 6.7107991067091785e-06
Elapsed time[calc_external_energy]: 4.696846008300781e-05 sec
Elapsed time[calc_nonlocal_energy]: 0.2474219799041748 sec

============ Energy (Hartree) ============
|   Total Energy        : -45.4909403102 |
------------------------------------------
| * Ion-ion Energy      : 0.0            |
| * Eigenvals sum for 0 : -5.339297003   |
| * Hartree Energy      : 2.0619310656   |
| * XC Energy           : -14.2183249555 |
| * Kinetic Energy      : 33.3140290078  |
| * External Energy     : -67.8214470406 |
| * Non-local Energy    : 1.1728716125   |
==========================================
Elapsed time[calc_and_print_energies]: 0.3482542037963867 sec
Total energy difference = 5.129858760000161e-05 Hartree
Elapsed time for 12 th cycle: 4.723449230194092 sec

==================== [ END CYCLE 12 ] ====================
Elapsed time[_get_mixed_var]: 0.00026297569274902344 sec
Elapsed time[compute_potential]: 0.004026651382446289 sec
Elapsed time[compute]: 0.01072072982788086 sec

==================== [ SCF CYCLE 13 ] ====================
==== Tucker Diagonalization ====
Elapsed time[project_local_potential_to_core]: 0.020674705505371094 sec
Elapsed time[project_local_potential_to_core]: 0.051331520080566406 sec
Elapsed time[project_local_potential_to_core]: 0.051445722579956055 sec
Elapsed time[project_local_potential_to_core]: 0.05150794982910156 sec
Elapsed time[project_local_potential_to_core]: 0.05167341232299805 sec
Elapsed time[project_local_potential_to_core]: 0.05142045021057129 sec
Elapsed time[project_local_potential_to_core]: 0.051795005798339844 sec
Elapsed time[project_local_potential_to_core]: 0.05135011672973633 sec
Elapsed time[project_local_potential_to_core]: 0.05173230171203613 sec
Elapsed time[project_local_potential_to_core]: 0.051769256591796875 sec
Elapsed time[project_local_potential_to_core]: 0.05162978172302246 sec
Elapsed time[project_local_potential_to_core]: 0.05166959762573242 sec
Elapsed time[project_local_potential_to_core]: 0.05157017707824707 sec
Elapsed time[restore_orbital]: 0.0008053779602050781 sec
Elapsed time[core_diagonalize]: 0.10753369331359863 sec
Elapsed time[restore_orbital]: 0.0018932819366455078 sec
Elapsed time[core_diagonalize]: 0.2823631763458252 sec
Elapsed time[restore_orbital]: 0.0018885135650634766 sec
Elapsed time[core_diagonalize]: 0.2756648063659668 sec
Elapsed time[restore_orbital]: 0.0018951892852783203 sec
Elapsed time[core_diagonalize]: 0.2787296772003174 sec
Elapsed time[restore_orbital]: 0.001913309097290039 sec
Elapsed time[core_diagonalize]: 0.2750394344329834 sec
Elapsed time[restore_orbital]: 0.0018966197967529297 sec
Elapsed time[core_diagonalize]: 0.28154873847961426 sec
Elapsed time[restore_orbital]: 0.001939535140991211 sec
Elapsed time[core_diagonalize]: 0.27191853523254395 sec
Elapsed time[restore_orbital]: 0.001922607421875 sec
Elapsed time[core_diagonalize]: 0.2766869068145752 sec
Elapsed time[restore_orbital]: 0.0019087791442871094 sec
Elapsed time[core_diagonalize]: 0.2738161087036133 sec
Elapsed time[restore_orbital]: 0.0019381046295166016 sec
Elapsed time[core_diagonalize]: 0.2760133743286133 sec
Elapsed time[restore_orbital]: 0.001941680908203125 sec
Elapsed time[core_diagonalize]: 0.27469515800476074 sec
Elapsed time[restore_orbital]: 0.0019237995147705078 sec
Elapsed time[core_diagonalize]: 0.2741105556488037 sec
Elapsed time[restore_orbital]: 0.001911163330078125 sec
Elapsed time[core_diagonalize]: 0.2785964012145996 sec
Elapsed time[diagonalize]: 4.067101240158081 sec

[ PRINT EIGENVALUES ]
( spin alpha )
* 1 th kpt (=[0. 0. 0.])
num        occ        value
1          2.0        -0.6260939423343375
2          2.0        -0.3070931308013062
3          2.0        -0.3069683758988411
4          2.0        -0.30678030598068545
5          2.0        -0.30655144758658304
6          2.0        -0.306335706880046
7          2.0        -0.30623488544974997
8          2.0        -0.06935906580538283
9          2.0        -0.06932879883750052
10         2.0        -0.06922039920067605
11         2.0        -0.06916383711293946
12         2.0        -0.06916046337221102
13         2.0        -0.06913953727419458
14         2.0        0.16185797373886823
15         2.0        0.1621095198933441
16         2.0        0.1625083348792737
17         0.0        0.33753631051368294
18         0.0        0.33757923204061097
19         0.0        0.3377102519434493
20         0.0        0.33777792877397655


* 2 th kpt (=[0.25 0.   0.  ])
num        occ        value
1          12.0       -0.6052295126729319
2          12.0       -0.44051130475671163
3          12.0       -0.2949579398681235
4          12.0       -0.2947926974298508
5          12.0       -0.2945177598205782
6          12.0       -0.2943278969917742
7          12.0       -0.15275626562903621
8          12.0       -0.10572169215462839
9          12.0       -0.10565559963076732
10         12.0       -0.10552542114228182
11         12.0       -0.10552243899330704
12         12.0       -0.049169493488289355
13         12.0       -0.04894044556215988
14         12.0       0.09814277277820366
15         12.0       0.09849448666510514
16         12.0       0.11630538658685284
17         0.0        0.3148271593293508
18         0.0        0.35581389899366317
19         0.0        0.41061643240020745
20         0.0        0.41532780703363514


* 3 th kpt (=[0.5 0.  0. ])
num        occ        value
1          6.0        -0.5424583410371566
2          6.0        -0.5424454262914316
3          6.0        -0.2783619310951005
4          6.0        -0.2783571869583293
5          6.0        -0.2778567916000579
6          6.0        -0.27785158035248525
7          6.0        -0.14276991203088832
8          6.0        -0.1427689147634325
9          6.0        -0.14267312950048763
10         6.0        -0.14267277082829535
11         6.0        -0.002352081300682861
12         6.0        -0.0023492034720067625
13         6.0        0.01020125531791965
14         6.0        0.010209507596853977
15         6.0        0.010464809433500121
16         6.0        0.010474613293909195
17         0.0        0.32726016755524123
18         0.0        0.3273124106340284
19         0.0        0.5393453402345555
20         0.0        0.5394132648879811


* 4 th kpt (=[0.25 0.25 0.  ])
num        occ        value
1          12.0       -0.5845171863406092
2          12.0       -0.42217910487186855
3          12.0       -0.42217010834040236
4          12.0       -0.31473679617867234
5          12.0       -0.2696002232415964
6          12.0       -0.1789683258115515
7          12.0       -0.16896009291461062
8          12.0       -0.16894737634806922
9          12.0       -0.09434161000641444
10         12.0       -0.09433648784102946
11         12.0       -0.05498670423921766
12         12.0       -0.05498179839876071
13         12.0       -0.032783164116493214
14         12.0       0.017032481572778643
15         12.0       0.04286639047749638
16         12.0       0.13700691311288102
17         0.0        0.37092458309308396
18         0.0        0.39533211713321204
19         0.0        0.3953595853101402
20         0.0        0.41348164909521773


* 5 th kpt (=[0.5  0.25 0.  ])
num        occ        value
1          24.0       -0.5223470268390557
2          24.0       -0.5223279171060657
3          24.0       -0.37082597251502875
4          24.0       -0.370776218394417
5          24.0       -0.2207201482384085
6          24.0       -0.22051179932584392
7          24.0       -0.16321996413663292
8          24.0       -0.16312492514693688
9          24.0       -0.07655802299864573
10         24.0       -0.07634693643896023
11         24.0       -0.03968942861337812
12         24.0       -0.039591327590393986
13         24.0       -0.0372693119353231
14         24.0       -0.03720637690141205
15         24.0       0.057763496119422095
16         24.0       0.05789931257835485
17         0.0        0.40546150837259926
18         0.0        0.40558638233855426
19         0.0        0.47085861391251543
20         0.0        0.4709575852121966


* 6 th kpt (=[-0.25  0.25  0.  ])
num        occ        value
1          12.0       -0.5845195199815771
2          12.0       -0.4221609279461557
3          12.0       -0.4221518795709114
4          12.0       -0.3149093571144151
5          12.0       -0.2693734167214798
6          12.0       -0.17895321248637186
7          12.0       -0.16912204292664226
8          12.0       -0.16910938366070702
9          12.0       -0.09425105567772142
10         12.0       -0.09424617916826224
11         12.0       -0.054917300428318744
12         12.0       -0.05491221967714621
13         12.0       -0.03284413346307855
14         12.0       0.01721465570187912
15         12.0       0.04278030481410582
16         12.0       0.13689271075917347
17         0.0        0.37078722239091816
18         0.0        0.39524798546454615
19         0.0        0.39527540383960713
20         0.0        0.4135525454508627


* 7 th kpt (=[0.5 0.5 0. ])
num        occ        value
1          6.0        -0.4626011004084495
2          6.0        -0.46259828315050533
3          6.0        -0.4625891805075471
4          6.0        -0.4625665081994551
5          6.0        -0.15765900812577355
6          6.0        -0.1576309253005
7          6.0        -0.15743127968038062
8          6.0        -0.15742932508945542
9          6.0        -0.11712106792553113
10         6.0        -0.11711509470190697
11         6.0        -0.11700957345746622
12         6.0        -0.1169911997693743
13         6.0        0.053711039565267314
14         6.0        0.053718516813431295
15         6.0        0.05377107848371714
16         6.0        0.05382073782205086
17         0.0        0.45380413138511017
18         0.0        0.45381804254640634
19         0.0        0.45397713026716613
20         0.0        0.45399542523693953


* 8 th kpt (=[0.25 0.25 0.25])
num        occ        value
1          4.0        -0.5639860429610924
2          4.0        -0.40577879288905966
3          4.0        -0.405654463228463
4          4.0        -0.40560509739127526
5          4.0        -0.23374757558704784
6          4.0        -0.23359600457020419
7          4.0        -0.23321664274531423
8          4.0        -0.0849111690391749
9          4.0        -0.08480947790332113
10         4.0        -0.08475146010801698
11         4.0        -0.07855188097906242
12         4.0        -0.015374973155376441
13         4.0        -0.01519642646518034
14         4.0        -0.015183025279925436
15         4.0        0.0998122304675448
16         4.0        0.10022981892977564
17         0.0        0.3859649040112489
18         0.0        0.38614221940659976
19         0.0        0.38630469371760645
20         0.0        0.45126214047002283


* 9 th kpt (=[0.5  0.25 0.25])
num        occ        value
1          12.0       -0.5026309218011648
2          12.0       -0.5025840761095897
3          12.0       -0.3777447525988919
4          12.0       -0.3776026868513797
5          12.0       -0.29166756818342887
6          12.0       -0.2914287970021971
7          12.0       -0.17175345739543288
8          12.0       -0.17148290958340498
9          12.0       -0.0689669406637059
10         12.0       -0.06894548977902808
11         12.0       -0.008548882185484136
12         12.0       -0.008434476857100212
13         12.0       0.03441039738012891
14         12.0       0.034451808220770076
15         12.0       0.04588354752726271
16         12.0       0.04618718713875064
17         0.0        0.4209056733280726
18         0.0        0.4211210577225297
19         0.0        0.46905010604654696
20         0.0        0.4691242991852239


* 10 th kpt (=[-0.25  0.25  0.25])
num        occ        value
1          12.0       -0.5639975849725017
2          12.0       -0.4056720667269104
3          12.0       -0.4056410809340796
4          12.0       -0.40559678274854777
5          12.0       -0.23383875244931646
6          12.0       -0.23369445253028692
7          12.0       -0.23361844240501337
8          12.0       -0.08456693447464302
9          12.0       -0.08453035296262296
10         12.0       -0.08451182094367211
11         12.0       -0.07834375275151233
12         12.0       -0.015397338163558998
13         12.0       -0.015378075051685213
14         12.0       -0.015277402029000789
15         12.0       0.09982624623633998
16         12.0       0.10004274838244741
17         0.0        0.385836819575055
18         0.0        0.3858613228520163
19         0.0        0.38590956764971507
20         0.0        0.45127927895472536


* 11 th kpt (=[0.5  0.5  0.25])
num        occ        value
1          12.0       -0.445357738492042
2          12.0       -0.44525514329269306
3          12.0       -0.44525081120577775
4          12.0       -0.4452076321011644
5          12.0       -0.2616030953047636
6          12.0       -0.26148119170686196
7          12.0       -0.261440972113442
8          12.0       -0.26115569612433753
9          12.0       -0.005138664168644016
10         12.0       -0.005033053258539755
11         12.0       -0.0049689764086120755
12         12.0       -0.0047962423095855725
13         12.0       0.057059068175680426
14         12.0       0.05715183775126369
15         12.0       0.05716569709972341
16         12.0       0.05721338877820331
17         0.0        0.46501574692945924
18         0.0        0.46520589229739157
19         0.0        0.4652724434411157
20         0.0        0.46531615875488064


* 12 th kpt (=[-0.25  0.5   0.25])
num        occ        value
1          12.0       -0.5026181501743627
2          12.0       -0.5025855248421435
3          12.0       -0.3778140374374174
4          12.0       -0.3775996262799787
5          12.0       -0.29167149505270606
6          12.0       -0.2913110716247552
7          12.0       -0.17179396261980437
8          12.0       -0.1714839438742869
9          12.0       -0.06903876335059424
10         12.0       -0.06901267631665418
11         12.0       -0.008536047582993573
12         12.0       -0.008368407717307598
13         12.0       0.034419063801089056
14         12.0       0.03447847680809089
15         12.0       0.04585853708746065
16         12.0       0.04621403788642803
17         0.0        0.4209604976126158
18         0.0        0.4211819478929355
19         0.0        0.46910153487297274
20         0.0        0.4692040346911692


* 13 th kpt (=[0.5 0.5 0.5])
num        occ        value
1          2.0        -0.4154722343464269
2          2.0        -0.41519908833234137
3          2.0        -0.41513146434265724
4          2.0        -0.41499753344391793
5          2.0        -0.32863641400695187
6          2.0        -0.32842208768713665
7          2.0        -0.328315163244474
8          2.0        -0.32787728666237337
9          2.0        0.06089206311176195
10         2.0        0.06089914883552237
11         2.0        0.060938882823867224
12         2.0        0.06100812417939103
13         2.0        0.06115360489672299
14         2.0        0.06128519324318857
15         2.0        0.061310010181298426
16         2.0        0.061344640371941164
17         0.0        0.4756135908533493
18         0.0        0.47565695726940993
19         0.0        0.4758060925759808
20         0.0        0.47597825163760465


/home/jhwoo/programs/tucy/tucy/Tucy.py:113: UserWarning: Exited at iteration 20 with accuracies 
[4.15381784e-08 6.12487952e-08 5.51682382e-08 6.77711363e-08
 5.90116967e-08 4.57432429e-08 6.30466738e-08 6.11214836e-08
 6.57938510e-08 4.88471405e-08 7.16689107e-08 6.15745264e-08
 5.04546121e-08 8.52379100e-08 6.13272238e-08 6.14142681e-08
 3.02217276e-04 2.17075645e-04 1.68021958e-03 7.19494640e-04]
not reaching the requested tolerance 1e-07.
  val, vec = scipy.sparse.linalg.lobpcg(**solve_options)
/home/jhwoo/programs/tucy/tucy/Tucy.py:113: UserWarning: Exited at iteration 20 with accuracies 
[4.14386931e-08+0.j 5.65331311e-08+0.j 6.61944355e-08+0.j
 6.96246345e-08+0.j 6.46996775e-08+0.j 6.32545250e-08+0.j
 6.49789896e-08+0.j 5.68334142e-08+0.j 6.67888081e-08+0.j
 6.65806137e-08+0.j 6.72069400e-08+0.j 7.06538495e-08+0.j
 7.26639186e-08+0.j 6.66341777e-08+0.j 6.98603662e-08+0.j
 7.71907778e-08+0.j 8.98175917e-08+0.j 1.06303650e-07+0.j
 5.10052652e-04+0.j 1.62580362e-03+0.j]
not reaching the requested tolerance 1e-07.
  val, vec = scipy.sparse.linalg.lobpcg(**solve_options)
/home/jhwoo/programs/tucy/tucy/Tucy.py:113: UserWarning: Exited at iteration 20 with accuracies 
[4.42306340e-08+0.j 6.89840186e-08+0.j 6.09693687e-08+0.j
 6.87724842e-08+0.j 7.34072633e-08+0.j 6.67136028e-08+0.j
 6.83673734e-08+0.j 7.09344020e-08+0.j 8.28751444e-08+0.j
 7.16984506e-08+0.j 6.63705292e-08+0.j 6.89104016e-08+0.j
 8.37792428e-08+0.j 8.26102153e-08+0.j 7.36639377e-08+0.j
 7.47862099e-08+0.j 8.11908907e-08+0.j 8.44456907e-08+0.j
 6.06942007e-06+0.j 1.08751698e-05+0.j]
not reaching the requested tolerance 1e-07.
  val, vec = scipy.sparse.linalg.lobpcg(**solve_options)
/home/jhwoo/programs/tucy/tucy/Tucy.py:113: UserWarning: Exited at iteration 20 with accuracies 
[4.05301334e-08+0.j 4.75624278e-08+0.j 6.46930019e-08+0.j
 7.25745160e-08+0.j 6.62501942e-08+0.j 8.08167758e-08+0.j
 6.34436052e-08+0.j 5.97841495e-08+0.j 6.31885202e-08+0.j
 6.79158818e-08+0.j 7.91354609e-08+0.j 6.74149646e-08+0.j
 7.47117395e-08+0.j 6.39065487e-08+0.j 6.68310735e-08+0.j
 6.73764527e-08+0.j 8.43272396e-08+0.j 1.05932325e-07+0.j
 1.24050051e-07+0.j 1.71877525e-07+0.j]
not reaching the requested tolerance 1e-07.
  val, vec = scipy.sparse.linalg.lobpcg(**solve_options)
/home/jhwoo/programs/tucy/tucy/Tucy.py:113: UserWarning: Exited at iteration 20 with accuracies 
[4.24836804e-08+0.j 6.42389198e-08+0.j 5.77803751e-08+0.j
 5.97683277e-08+0.j 5.84689866e-08+0.j 6.54432596e-08+0.j
 7.40128513e-08+0.j 7.37587216e-08+0.j 7.53973541e-08+0.j
 7.68427465e-08+0.j 6.58003141e-08+0.j 5.75172272e-08+0.j
 6.28627751e-08+0.j 5.83021185e-08+0.j 7.74755239e-08+0.j
 8.17490143e-08+0.j 8.67309080e-08+0.j 8.47269822e-08+0.j
 1.45663619e-07+0.j 1.33984051e-07+0.j]
not reaching the requested tolerance 1e-07.
  val, vec = scipy.sparse.linalg.lobpcg(**solve_options)
/home/jhwoo/programs/tucy/tucy/Tucy.py:113: UserWarning: Exited at iteration 20 with accuracies 
[4.66257145e-08+0.j 6.53705491e-08+0.j 6.64420282e-08+0.j
 6.94342261e-08+0.j 5.92216030e-08+0.j 8.17362727e-08+0.j
 6.34704376e-08+0.j 7.27311069e-08+0.j 5.87858862e-08+0.j
 5.62676669e-08+0.j 7.45450745e-08+0.j 7.17833976e-08+0.j
 7.20730315e-08+0.j 7.80063126e-08+0.j 8.14084878e-08+0.j
 8.09828806e-08+0.j 1.23127421e-07+0.j 9.51356891e-08+0.j
 1.16722782e-07+0.j 9.71237081e-08+0.j]
not reaching the requested tolerance 1e-07.
  val, vec = scipy.sparse.linalg.lobpcg(**solve_options)
/home/jhwoo/programs/tucy/tucy/Tucy.py:113: UserWarning: Exited at iteration 20 with accuracies 
[5.48281290e-08+0.j 4.92789947e-08+0.j 6.21490801e-08+0.j
 5.77034514e-08+0.j 6.12942096e-08+0.j 6.17355486e-08+0.j
 6.35249579e-08+0.j 7.29514878e-08+0.j 8.12609820e-08+0.j
 6.61200029e-08+0.j 6.85988708e-08+0.j 6.56800249e-08+0.j
 6.99984371e-08+0.j 5.88744005e-08+0.j 6.46642380e-08+0.j
 6.42994879e-08+0.j 1.22624571e-07+0.j 1.33093214e-07+0.j
 8.92943856e-08+0.j 1.43874719e-07+0.j]
not reaching the requested tolerance 1e-07.
  val, vec = scipy.sparse.linalg.lobpcg(**solve_options)
/home/jhwoo/programs/tucy/tucy/Tucy.py:113: UserWarning: Exited at iteration 20 with accuracies 
[4.43045996e-08+0.j 5.16444541e-08+0.j 6.90745364e-08+0.j
 6.47462619e-08+0.j 7.04013106e-08+0.j 7.67186949e-08+0.j
 7.28030679e-08+0.j 6.76552766e-08+0.j 6.47109609e-08+0.j
 7.35970355e-08+0.j 6.12210506e-08+0.j 7.64000152e-08+0.j
 7.58491820e-08+0.j 7.31238436e-08+0.j 7.37553078e-08+0.j
 6.74214150e-08+0.j 1.04069469e-07+0.j 1.14566676e-07+0.j
 8.54843062e-08+0.j 1.14777819e-03+0.j]
not reaching the requested tolerance 1e-07.
  val, vec = scipy.sparse.linalg.lobpcg(**solve_options)
/home/jhwoo/programs/tucy/tucy/Tucy.py:113: UserWarning: Exited at iteration 20 with accuracies 
[4.67665217e-08+0.j 4.76470622e-08+0.j 6.89373894e-08+0.j
 5.70055033e-08+0.j 5.56392795e-08+0.j 6.08740648e-08+0.j
 6.13087056e-08+0.j 5.76253470e-08+0.j 6.56681024e-08+0.j
 7.19661086e-08+0.j 6.43376578e-08+0.j 7.34951585e-08+0.j
 7.05203210e-08+0.j 7.90466498e-08+0.j 6.76069764e-08+0.j
 7.51021885e-08+0.j 9.15603901e-08+0.j 1.14399360e-07+0.j
 1.75100790e-07+0.j 1.97590855e-07+0.j]
not reaching the requested tolerance 1e-07.
  val, vec = scipy.sparse.linalg.lobpcg(**solve_options)
/home/jhwoo/programs/tucy/tucy/Tucy.py:113: UserWarning: Exited at iteration 20 with accuracies 
[4.70227114e-08+0.j 6.71504177e-08+0.j 6.60174845e-08+0.j
 7.04769480e-08+0.j 6.66141975e-08+0.j 8.34937367e-08+0.j
 6.94010876e-08+0.j 7.54284758e-08+0.j 6.63756872e-08+0.j
 7.20714931e-08+0.j 6.38636454e-08+0.j 7.02743166e-08+0.j
 7.39107667e-08+0.j 7.82718881e-08+0.j 7.21168928e-08+0.j
 7.87143773e-08+0.j 9.42281878e-08+0.j 1.00791598e-07+0.j
 8.00764699e-08+0.j 2.99307474e-04+0.j]
not reaching the requested tolerance 1e-07.
  val, vec = scipy.sparse.linalg.lobpcg(**solve_options)
/home/jhwoo/programs/tucy/tucy/Tucy.py:113: UserWarning: Exited at iteration 20 with accuracies 
[5.35301496e-08+0.j 5.40749335e-08+0.j 5.21650917e-08+0.j
 5.62773050e-08+0.j 7.57603454e-08+0.j 7.54767179e-08+0.j
 7.29378310e-08+0.j 7.84831765e-08+0.j 6.65654022e-08+0.j
 5.68025306e-08+0.j 6.74159817e-08+0.j 7.23295377e-08+0.j
 7.78742821e-08+0.j 8.21579568e-08+0.j 7.55768705e-08+0.j
 6.13974378e-08+0.j 3.50325410e-07+0.j 2.52480885e-07+0.j
 2.59335892e-07+0.j 2.93433406e-07+0.j]
not reaching the requested tolerance 1e-07.
  val, vec = scipy.sparse.linalg.lobpcg(**solve_options)
/home/jhwoo/programs/tucy/tucy/Tucy.py:113: UserWarning: Exited at iteration 20 with accuracies 
[4.62978640e-08+0.j 4.43540872e-08+0.j 5.41836538e-08+0.j
 6.40753311e-08+0.j 7.86804383e-08+0.j 6.93680210e-08+0.j
 5.61171126e-08+0.j 5.71564158e-08+0.j 6.46547535e-08+0.j
 6.50497671e-08+0.j 7.10424161e-08+0.j 7.80574687e-08+0.j
 8.18765527e-08+0.j 7.43050990e-08+0.j 7.09203163e-08+0.j
 6.97652140e-08+0.j 1.16757751e-07+0.j 1.11327985e-07+0.j
 1.82702583e-07+0.j 1.87523312e-07+0.j]
not reaching the requested tolerance 1e-07.
  val, vec = scipy.sparse.linalg.lobpcg(**solve_options)
/home/jhwoo/programs/tucy/tucy/Tucy.py:113: UserWarning: Exited at iteration 20 with accuracies 
[4.38143839e-08+0.j 4.27916364e-08+0.j 5.86030948e-08+0.j
 5.76909773e-08+0.j 7.68179936e-08+0.j 4.81764867e-08+0.j
 7.52019114e-08+0.j 7.71614177e-08+0.j 5.43301227e-08+0.j
 7.46016041e-08+0.j 7.06661950e-08+0.j 6.91861679e-08+0.j
 6.47410514e-08+0.j 6.82241920e-08+0.j 6.81922338e-08+0.j
 6.62780199e-08+0.j 5.27627445e-04+0.j 7.13414753e-04+0.j
 1.63200219e-03+0.j 1.48674259e-03+0.j]
not reaching the requested tolerance 1e-07.
  val, vec = scipy.sparse.linalg.lobpcg(**solve_options)
Integral of density (=32.00000000000003) is normalized to 32.0
Orbital energy difference = -2.309490209295717e-05
Density difference (relative) = 3.935322266891589e-06
Elapsed time[calc_external_energy]: 2.8848648071289062e-05 sec
Elapsed time[calc_nonlocal_energy]: 0.2456667423248291 sec

============ Energy (Hartree) ============
|   Total Energy        : -45.490916311  |
------------------------------------------
| * Ion-ion Energy      : 0.0            |
| * Eigenvals sum for 0 : -5.3393200979  |
| * Hartree Energy      : 2.0619376478   |
| * XC Energy           : -14.2183159768 |
| * Kinetic Energy      : 33.3140505814  |
| * External Energy     : -67.8214601404 |
| * Non-local Energy    : 1.1728715771   |
==========================================
Elapsed time[calc_and_print_energies]: 0.34201931953430176 sec
Total energy difference = 2.3999259731510847e-05 Hartree
Elapsed time for 13 th cycle: 4.425841569900513 sec

==================== [ END CYCLE 13 ] ====================
Elapsed time[_get_mixed_var]: 0.0002090930938720703 sec
Elapsed time[compute_potential]: 0.003920316696166992 sec
Elapsed time[compute]: 0.01068735122680664 sec

==================== [ SCF CYCLE 14 ] ====================
==== Tucker Diagonalization ====
Elapsed time[project_local_potential_to_core]: 0.01926112174987793 sec
Elapsed time[project_local_potential_to_core]: 0.05728602409362793 sec
Elapsed time[project_local_potential_to_core]: 0.057425498962402344 sec
Elapsed time[project_local_potential_to_core]: 0.0572056770324707 sec
Elapsed time[project_local_potential_to_core]: 0.057512760162353516 sec
Elapsed time[project_local_potential_to_core]: 0.05746173858642578 sec
Elapsed time[project_local_potential_to_core]: 0.057381629943847656 sec
Elapsed time[project_local_potential_to_core]: 0.057564735412597656 sec
Elapsed time[project_local_potential_to_core]: 0.05738091468811035 sec
Elapsed time[project_local_potential_to_core]: 0.057343244552612305 sec
Elapsed time[project_local_potential_to_core]: 0.05781722068786621 sec
Elapsed time[project_local_potential_to_core]: 0.05727267265319824 sec
Elapsed time[project_local_potential_to_core]: 0.05736231803894043 sec
Elapsed time[restore_orbital]: 0.0007984638214111328 sec
Elapsed time[core_diagonalize]: 0.09875035285949707 sec
Elapsed time[restore_orbital]: 0.0019099712371826172 sec
Elapsed time[core_diagonalize]: 0.2591259479522705 sec
Elapsed time[restore_orbital]: 0.0018622875213623047 sec
Elapsed time[core_diagonalize]: 0.25199151039123535 sec
Elapsed time[restore_orbital]: 0.0019040107727050781 sec
Elapsed time[core_diagonalize]: 0.25601792335510254 sec
Elapsed time[restore_orbital]: 0.001850128173828125 sec
Elapsed time[core_diagonalize]: 0.25322818756103516 sec
Elapsed time[restore_orbital]: 0.0019342899322509766 sec
Elapsed time[core_diagonalize]: 0.2565133571624756 sec
Elapsed time[restore_orbital]: 0.0019071102142333984 sec
Elapsed time[core_diagonalize]: 0.2571983337402344 sec
Elapsed time[restore_orbital]: 0.0019075870513916016 sec
Elapsed time[core_diagonalize]: 0.2565484046936035 sec
Elapsed time[restore_orbital]: 0.001920938491821289 sec
Elapsed time[core_diagonalize]: 0.2558145523071289 sec
Elapsed time[restore_orbital]: 0.0019173622131347656 sec
Elapsed time[core_diagonalize]: 0.25307536125183105 sec
Elapsed time[restore_orbital]: 0.00193023681640625 sec
Elapsed time[core_diagonalize]: 0.25426316261291504 sec
Elapsed time[restore_orbital]: 0.0018928050994873047 sec
Elapsed time[core_diagonalize]: 0.25493788719177246 sec
Elapsed time[restore_orbital]: 0.0019130706787109375 sec
Elapsed time[core_diagonalize]: 0.258347749710083 sec
Elapsed time[diagonalize]: 3.874894857406616 sec

[ PRINT EIGENVALUES ]
( spin alpha )
* 1 th kpt (=[0. 0. 0.])
num        occ        value
1          2.0        -0.6260939560459479
2          2.0        -0.307093225430449
3          2.0        -0.3069684165847848
4          2.0        -0.3067803549383186
5          2.0        -0.3065515216929643
6          2.0        -0.3063357840454509
7          2.0        -0.3062349138084858
8          2.0        -0.06935916862599588
9          2.0        -0.06932888483668387
10         2.0        -0.06922049046026953
11         2.0        -0.06916391069495052
12         2.0        -0.06916056252250789
13         2.0        -0.06913961439062576
14         2.0        0.16185787284347167
15         2.0        0.16210943430977662
16         2.0        0.16250826144347907
17         0.0        0.3375362060075539
18         0.0        0.3375791925338951
19         0.0        0.33769800027200253
20         0.0        0.3377745706903272


* 2 th kpt (=[0.25 0.   0.  ])
num        occ        value
1          12.0       -0.6052295293545569
2          12.0       -0.44051134460712105
3          12.0       -0.2949579916079231
4          12.0       -0.2947927561580286
5          12.0       -0.29451784335262843
6          12.0       -0.2943279854633636
7          12.0       -0.15275634844901842
8          12.0       -0.10572173905569017
9          12.0       -0.10565564504409743
10         12.0       -0.10552547183158627
11         12.0       -0.10552249681596668
12         12.0       -0.04916959647162713
13         12.0       -0.04894052235401187
14         12.0       0.09814266577390357
15         12.0       0.09849441379892934
16         12.0       0.11630529746518238
17         0.0        0.31482726894120877
18         0.0        0.35581384360237783
19         0.0        0.4106164002787623
20         0.0        0.4153244224046023


* 3 th kpt (=[0.5 0.  0. ])
num        occ        value
1          6.0        -0.5424583668144279
2          6.0        -0.5424454506520838
3          6.0        -0.2783619482602525
4          6.0        -0.2783573190144346
5          6.0        -0.27785687802426134
6          6.0        -0.27785170188239067
7          6.0        -0.14276994197843604
8          6.0        -0.14276891588905136
9          6.0        -0.14267310506642722
10         6.0        -0.14267281904838794
11         6.0        -0.0023521685961502836
12         6.0        -0.0023493003663648104
13         6.0        0.01020113392784864
14         6.0        0.010209419353079362
15         6.0        0.01046469316665587
16         6.0        0.010474575685145253
17         0.0        0.32726020172994685
18         0.0        0.3273124463959359
19         0.0        0.5393454991698372
20         0.0        0.539413425740041


* 4 th kpt (=[0.25 0.25 0.  ])
num        occ        value
1          12.0       -0.5845172062306355
2          12.0       -0.4221791635361936
3          12.0       -0.4221701388915132
4          12.0       -0.3147368943005026
5          12.0       -0.26960027454127433
6          12.0       -0.178968328245725
7          12.0       -0.16896019189465603
8          12.0       -0.16894747470367993
9          12.0       -0.0943416844329793
10         12.0       -0.09433650746592065
11         12.0       -0.054986738896646875
12         12.0       -0.054981883283703716
13         12.0       -0.032783253709163504
14         12.0       0.017032405598014954
15         12.0       0.04286630952407608
16         12.0       0.13700681735764272
17         0.0        0.3709247084883899
18         0.0        0.3953321662002495
19         0.0        0.3953596522533453
20         0.0        0.41348155008042414


* 5 th kpt (=[0.5  0.25 0.  ])
num        occ        value
1          24.0       -0.5223470555229364
2          24.0       -0.5223279461815276
3          24.0       -0.37082603314122925
4          24.0       -0.37077628787052386
5          24.0       -0.22072021169152783
6          24.0       -0.22051188834485433
7          24.0       -0.16321997120304368
8          24.0       -0.16312494816666728
9          24.0       -0.07655809696362556
10         24.0       -0.07634703126157585
11         24.0       -0.03968948349188371
12         24.0       -0.03959139683377286
13         24.0       -0.03726937648522273
14         24.0       -0.03720644351909172
15         24.0       0.05776340968247205
16         24.0       0.05789921991214738
17         0.0        0.40546150385707297
18         0.0        0.40558636450022106
19         0.0        0.4708587193789707
20         0.0        0.470957670293911


* 6 th kpt (=[-0.25  0.25  0.  ])
num        occ        value
1          12.0       -0.5845195396064018
2          12.0       -0.4221609759707167
3          12.0       -0.42215192444027483
4          12.0       -0.31490943688124773
5          12.0       -0.26937349473897915
6          12.0       -0.17895320801616058
7          12.0       -0.16912212081693737
8          12.0       -0.1691094707463485
9          12.0       -0.09425110017260604
10         12.0       -0.09424625901553058
11         12.0       -0.05491734880862369
12         12.0       -0.054912291892095046
13         12.0       -0.03284422512162233
14         12.0       0.017214561389606357
15         12.0       0.04278023736271239
16         12.0       0.13689262048562023
17         0.0        0.3707873701318757
18         0.0        0.3952480590148218
19         0.0        0.3952754730369477
20         0.0        0.4135524282356838


* 7 th kpt (=[0.5 0.5 0. ])
num        occ        value
1          6.0        -0.4626011680476548
2          6.0        -0.46259831475630125
3          6.0        -0.4625892093226021
4          6.0        -0.46256654374744544
5          6.0        -0.1576590681462012
6          6.0        -0.15763098973552794
7          6.0        -0.15743135923278984
8          6.0        -0.15742941880301875
9          6.0        -0.11712111941379208
10         6.0        -0.11711509267725806
11         6.0        -0.1170096107130272
12         6.0        -0.11699124985593372
13         6.0        0.05371099393560589
14         6.0        0.05371837529297788
15         6.0        0.05377098601425891
16         6.0        0.053820636834011656
17         0.0        0.4538041491865011
18         0.0        0.4538181191192378
19         0.0        0.45397713261602995
20         0.0        0.4539954702984671


* 8 th kpt (=[0.25 0.25 0.25])
num        occ        value
1          4.0        -0.5639860667784475
2          4.0        -0.40577885082145804
3          4.0        -0.4056545058737162
4          4.0        -0.40560515011876436
5          4.0        -0.2337476416456821
6          4.0        -0.23359607578035282
7          4.0        -0.23321669304004664
8          4.0        -0.08491120688193157
9          4.0        -0.08480951608315226
10         4.0        -0.084751495779061
11         4.0        -0.07855192961371547
12         4.0        -0.015375079838784535
13         4.0        -0.01519651693740621
14         4.0        -0.01518311885285601
15         4.0        0.09981212066025305
16         4.0        0.10022973192747127
17         0.0        0.3859649790537271
18         0.0        0.38614230172011926
19         0.0        0.38630476908192124
20         0.0        0.4512604050390321


* 9 th kpt (=[0.5  0.25 0.25])
num        occ        value
1          12.0       -0.5026309549096699
2          12.0       -0.5025841114491713
3          12.0       -0.3777448192848007
4          12.0       -0.37760275949621125
5          12.0       -0.29166759500241807
6          12.0       -0.291428829173997
7          12.0       -0.17175349426919936
8          12.0       -0.171482958490709
9          12.0       -0.06896699598810369
10         12.0       -0.06894553325749189
11         12.0       -0.008548966579260448
12         12.0       -0.008434565005440299
13         12.0       0.03441028609489503
14         12.0       0.0344517027349762
15         12.0       0.04588347791300386
16         12.0       0.046187105720300346
17         0.0        0.42090566035877097
18         0.0        0.42112102231456
19         0.0        0.46905018351270966
20         0.0        0.4691243704089391


* 10 th kpt (=[-0.25  0.25  0.25])
num        occ        value
1          12.0       -0.5639976080202486
2          12.0       -0.405672127483304
3          12.0       -0.4056411253904695
4          12.0       -0.40559683844396
5          12.0       -0.2338388128628761
6          12.0       -0.23369451694816812
7          12.0       -0.23361847408799286
8          12.0       -0.08456699010777827
9          12.0       -0.08453040142099076
10         12.0       -0.08451186408181284
11         12.0       -0.07834380955709784
12         12.0       -0.01539744310888949
13         12.0       -0.015378165368925584
14         12.0       -0.015277494752994055
15         12.0       0.09982614135145483
16         12.0       0.10004265934279036
17         0.0        0.3858369183100464
18         0.0        0.3858614271120274
19         0.0        0.38590966562457485
20         0.0        0.451279047854209


* 11 th kpt (=[0.5  0.5  0.25])
num        occ        value
1          12.0       -0.4453577910101067
2          12.0       -0.44525520224205606
3          12.0       -0.44525085252090646
4          12.0       -0.44520767643822173
5          12.0       -0.2616031339127066
6          12.0       -0.2614812280442482
7          12.0       -0.26144098395369325
8          12.0       -0.26115571951117234
9          12.0       -0.005138749928304521
10         12.0       -0.005033142939029446
11         12.0       -0.00496904992602949
12         12.0       -0.004796312834730173
13         12.0       0.05705897541194833
14         12.0       0.057151736185319546
15         12.0       0.05716560646340332
16         12.0       0.057213288112433966
17         0.0        0.46501575499553915
18         0.0        0.46520590364579045
19         0.0        0.465272415460555
20         0.0        0.46531615771766327


* 12 th kpt (=[-0.25  0.5   0.25])
num        occ        value
1          12.0       -0.5026181886590081
2          12.0       -0.5025855520124514
3          12.0       -0.3778141357264333
4          12.0       -0.3775996956081213
5          12.0       -0.29167152325694407
6          12.0       -0.29131104939643804
7          12.0       -0.1717940227652233
8          12.0       -0.1714839873162566
9          12.0       -0.06903884291544239
10         12.0       -0.06901274733099072
11         12.0       -0.008536131838179355
12         12.0       -0.008368469906126132
13         12.0       0.03441898690998987
14         12.0       0.03447837308878127
15         12.0       0.045858437213890574
16         12.0       0.04621396003776109
17         0.0        0.42096049498922
18         0.0        0.4211819490301921
19         0.0        0.46910161316988264
20         0.0        0.4692041230041187


* 13 th kpt (=[0.5 0.5 0.5])
num        occ        value
1          2.0        -0.4154723161035406
2          2.0        -0.41519918624277535
3          2.0        -0.41513152328009534
4          2.0        -0.41499760266721913
5          2.0        -0.3286364210026311
6          2.0        -0.32842209910980025
7          2.0        -0.32831512672076923
8          2.0        -0.32787727121733223
9          2.0        0.06089198784624447
10         2.0        0.060899023597589856
11         2.0        0.060938763125153714
12         2.0        0.06100802276319068
13         2.0        0.06115350815211878
14         2.0        0.06128510089884697
15         2.0        0.06130991982115509
16         2.0        0.06134456373323037
17         0.0        0.4756131680950092
18         0.0        0.4756555033403908
19         0.0        0.47580282355047476
20         0.0        0.47597251995711676


/home/jhwoo/programs/tucy/tucy/Tucy.py:113: UserWarning: Exited at iteration 20 with accuracies 
[6.30118673e-08 7.48765791e-08 7.24620108e-08 6.85845844e-08
 6.62447477e-08 6.96200798e-08 7.16146009e-08 8.15841484e-08
 7.61548171e-08 7.97057685e-08 7.73527361e-08 7.40975942e-08
 7.81732591e-08 7.63567759e-08 5.15713858e-08 8.19382903e-08
 4.52726560e-04 4.21709846e-04 2.92527487e-03 1.60905825e-03]
not reaching the requested tolerance 1e-07.
  val, vec = scipy.sparse.linalg.lobpcg(**solve_options)
/home/jhwoo/programs/tucy/tucy/Tucy.py:113: UserWarning: Exited at iteration 20 with accuracies 
[6.56016710e-08+0.j 7.65074276e-08+0.j 6.59759426e-08+0.j
 6.97131811e-08+0.j 7.36733804e-08+0.j 7.92331732e-08+0.j
 8.72051791e-08+0.j 8.19806302e-08+0.j 8.97992304e-08+0.j
 7.33946003e-08+0.j 8.83569967e-08+0.j 8.45954676e-08+0.j
 8.48944463e-08+0.j 9.10418052e-08+0.j 7.21554287e-08+0.j
 7.77312138e-08+0.j 7.57201782e-08+0.j 9.22975667e-08+0.j
 1.66844351e-04+0.j 1.56492098e-03+0.j]
not reaching the requested tolerance 1e-07.
  val, vec = scipy.sparse.linalg.lobpcg(**solve_options)
/home/jhwoo/programs/tucy/tucy/Tucy.py:113: UserWarning: Exited at iteration 20 with accuracies 
[6.69126569e-08+0.j 7.20699431e-08+0.j 8.60514824e-08+0.j
 6.67016175e-08+0.j 7.33502125e-08+0.j 7.89790837e-08+0.j
 7.24252107e-08+0.j 8.24335412e-08+0.j 7.06449351e-08+0.j
 8.02961214e-08+0.j 7.55670584e-08+0.j 7.86920968e-08+0.j
 8.29409013e-08+0.j 8.35434057e-08+0.j 8.08231810e-08+0.j
 7.59761657e-08+0.j 6.58030814e-08+0.j 6.56129426e-08+0.j
 4.46550370e-06+0.j 6.97763991e-06+0.j]
not reaching the requested tolerance 1e-07.
  val, vec = scipy.sparse.linalg.lobpcg(**solve_options)
/home/jhwoo/programs/tucy/tucy/Tucy.py:113: UserWarning: Exited at iteration 20 with accuracies 
[7.49924394e-08+0.j 8.23090781e-08+0.j 8.22771908e-08+0.j
 8.41009034e-08+0.j 7.97715135e-08+0.j 8.28315470e-08+0.j
 7.79968230e-08+0.j 7.77561426e-08+0.j 7.87075953e-08+0.j
 8.10621114e-08+0.j 8.15289734e-08+0.j 7.88453813e-08+0.j
 8.27874182e-08+0.j 8.04652163e-08+0.j 7.78841985e-08+0.j
 8.40033169e-08+0.j 7.69757607e-08+0.j 8.46166937e-08+0.j
 9.13733391e-08+0.j 7.00160854e-04+0.j]
not reaching the requested tolerance 1e-07.
  val, vec = scipy.sparse.linalg.lobpcg(**solve_options)
/home/jhwoo/programs/tucy/tucy/Tucy.py:113: UserWarning: Exited at iteration 20 with accuracies 
[7.07273083e-08+0.j 7.64486505e-08+0.j 8.53762479e-08+0.j
 8.70355276e-08+0.j 7.46392157e-08+0.j 7.70235288e-08+0.j
 8.72007178e-08+0.j 7.80766462e-08+0.j 8.48834054e-08+0.j
 8.22777849e-08+0.j 6.96383082e-08+0.j 7.48477335e-08+0.j
 8.34201559e-08+0.j 8.49385894e-08+0.j 7.82979937e-08+0.j
 8.05422781e-08+0.j 9.55798018e-08+0.j 9.10450227e-08+0.j
 9.43643605e-08+0.j 1.16447542e-07+0.j]
not reaching the requested tolerance 1e-07.
  val, vec = scipy.sparse.linalg.lobpcg(**solve_options)
/home/jhwoo/programs/tucy/tucy/Tucy.py:113: UserWarning: Exited at iteration 20 with accuracies 
[6.98004447e-08+0.j 8.60342684e-08+0.j 8.36953132e-08+0.j
 9.09491313e-08+0.j 7.72979079e-08+0.j 8.26277194e-08+0.j
 7.80329630e-08+0.j 8.55463403e-08+0.j 8.53883376e-08+0.j
 7.90587163e-08+0.j 8.90049638e-08+0.j 7.91371017e-08+0.j
 8.41156932e-08+0.j 8.41094984e-08+0.j 7.16222310e-08+0.j
 8.40028053e-08+0.j 9.44498820e-08+0.j 8.39796976e-08+0.j
 9.79903311e-08+0.j 2.14866659e-04+0.j]
not reaching the requested tolerance 1e-07.
  val, vec = scipy.sparse.linalg.lobpcg(**solve_options)
/home/jhwoo/programs/tucy/tucy/Tucy.py:113: UserWarning: Exited at iteration 20 with accuracies 
[7.30739226e-08+0.j 7.63463145e-08+0.j 8.27315051e-08+0.j
 8.25559537e-08+0.j 8.02934381e-08+0.j 7.55008159e-08+0.j
 8.13357925e-08+0.j 7.30521526e-08+0.j 7.10666544e-08+0.j
 7.65894751e-08+0.j 7.17842309e-08+0.j 8.02014496e-08+0.j
 8.12263339e-08+0.j 8.18911096e-08+0.j 7.00888175e-08+0.j
 8.83687607e-08+0.j 1.14392156e-07+0.j 1.08291157e-07+0.j
 9.55209187e-08+0.j 1.33451627e-07+0.j]
not reaching the requested tolerance 1e-07.
  val, vec = scipy.sparse.linalg.lobpcg(**solve_options)
/home/jhwoo/programs/tucy/tucy/Tucy.py:113: UserWarning: Exited at iteration 20 with accuracies 
[7.30676247e-08+0.j 7.51194924e-08+0.j 7.77263642e-08+0.j
 8.43657931e-08+0.j 7.93025317e-08+0.j 7.32094798e-08+0.j
 7.62590468e-08+0.j 7.69795061e-08+0.j 8.25629527e-08+0.j
 8.04866444e-08+0.j 7.29006185e-08+0.j 7.32629259e-08+0.j
 8.29890113e-08+0.j 8.27074072e-08+0.j 8.17536040e-08+0.j
 8.23412570e-08+0.j 7.81466360e-08+0.j 9.32413766e-08+0.j
 8.89400920e-08+0.j 1.04528723e-07+0.j]
not reaching the requested tolerance 1e-07.
  val, vec = scipy.sparse.linalg.lobpcg(**solve_options)
/home/jhwoo/programs/tucy/tucy/Tucy.py:113: UserWarning: Exited at iteration 20 with accuracies 
[7.58854100e-08+0.j 8.44408944e-08+0.j 7.38124656e-08+0.j
 8.15434180e-08+0.j 7.70833005e-08+0.j 7.41205559e-08+0.j
 7.55359925e-08+0.j 7.48334925e-08+0.j 8.20275373e-08+0.j
 8.07070602e-08+0.j 9.11898484e-08+0.j 7.48576548e-08+0.j
 7.69129563e-08+0.j 8.31469203e-08+0.j 8.30350924e-08+0.j
 7.78640225e-08+0.j 3.77110330e-04+0.j 1.14331903e-03+0.j
 1.34710525e-03+0.j 2.03711273e-03+0.j]
not reaching the requested tolerance 1e-07.
  val, vec = scipy.sparse.linalg.lobpcg(**solve_options)
Integral of density (=32.000000000000036) is normalized to 32.0
Orbital energy difference = -2.0217509826281344e-06
Density difference (relative) = 2.3298257316234255e-06
Elapsed time[calc_external_energy]: 2.9325485229492188e-05 sec
Elapsed time[calc_nonlocal_energy]: 0.24317622184753418 sec

============ Energy (Hartree) ============
|   Total Energy        : -45.4909146695 |
------------------------------------------
| * Ion-ion Energy      : 0.0            |
| * Eigenvals sum for 0 : -5.3393221197  |
| * Hartree Energy      : 2.0619372666   |
| * XC Energy           : -14.2183151321 |
| * Kinetic Energy      : 33.3140531736  |
| * External Energy     : -67.8214614081 |
| * Non-local Energy    : 1.1728714305   |
==========================================
Elapsed time[calc_and_print_energies]: 0.33944106101989746 sec
Total energy difference = 1.6414218322324814e-06 Hartree
Elapsed time for 14 th cycle: 4.2310638427734375 sec

==================== [ END CYCLE 14 ] ====================
Elapsed time[_get_mixed_var]: 0.0002162456512451172 sec
Elapsed time[compute_potential]: 0.003941059112548828 sec
Elapsed time[compute]: 0.010747909545898438 sec

==================== [ SCF CYCLE 15 ] ====================
==== Tucker Diagonalization ====
Elapsed time[project_local_potential_to_core]: 0.019160985946655273 sec
Elapsed time[project_local_potential_to_core]: 0.057175397872924805 sec
Elapsed time[project_local_potential_to_core]: 0.05746030807495117 sec
Elapsed time[project_local_potential_to_core]: 0.05732369422912598 sec
Elapsed time[project_local_potential_to_core]: 0.0574793815612793 sec
Elapsed time[project_local_potential_to_core]: 0.057444095611572266 sec
Elapsed time[project_local_potential_to_core]: 0.05733156204223633 sec
Elapsed time[project_local_potential_to_core]: 0.05721020698547363 sec
Elapsed time[project_local_potential_to_core]: 0.05754876136779785 sec
Elapsed time[project_local_potential_to_core]: 0.05736088752746582 sec
Elapsed time[project_local_potential_to_core]: 0.05760550498962402 sec
Elapsed time[project_local_potential_to_core]: 0.05745100975036621 sec
Elapsed time[project_local_potential_to_core]: 0.05751323699951172 sec
Elapsed time[restore_orbital]: 0.0008058547973632812 sec
Elapsed time[core_diagonalize]: 0.08818173408508301 sec
Elapsed time[restore_orbital]: 0.0018856525421142578 sec
Elapsed time[core_diagonalize]: 0.231414794921875 sec
Elapsed time[restore_orbital]: 0.001951456069946289 sec
Elapsed time[core_diagonalize]: 0.2314164638519287 sec
Elapsed time[restore_orbital]: 0.0019273757934570312 sec
Elapsed time[core_diagonalize]: 0.18103241920471191 sec
Elapsed time[restore_orbital]: 0.001909017562866211 sec
Elapsed time[core_diagonalize]: 0.19244098663330078 sec
Elapsed time[restore_orbital]: 0.0019488334655761719 sec
Elapsed time[core_diagonalize]: 0.16983389854431152 sec
Elapsed time[restore_orbital]: 0.0019381046295166016 sec
Elapsed time[core_diagonalize]: 0.1860048770904541 sec
Elapsed time[restore_orbital]: 0.0019981861114501953 sec
Elapsed time[core_diagonalize]: 0.1976180076599121 sec
Elapsed time[restore_orbital]: 0.0021331310272216797 sec
Elapsed time[core_diagonalize]: 0.21933293342590332 sec
Elapsed time[restore_orbital]: 0.0018622875213623047 sec
Elapsed time[core_diagonalize]: 0.20547127723693848 sec
Elapsed time[restore_orbital]: 0.0019278526306152344 sec
Elapsed time[core_diagonalize]: 0.23761892318725586 sec
Elapsed time[restore_orbital]: 0.001912832260131836 sec
Elapsed time[core_diagonalize]: 0.23189783096313477 sec
Elapsed time[restore_orbital]: 0.0019237995147705078 sec
Elapsed time[core_diagonalize]: 0.2277543544769287 sec
Elapsed time[diagonalize]: 3.308891773223877 sec

[ PRINT EIGENVALUES ]
( spin alpha )
* 1 th kpt (=[0. 0. 0.])
num        occ        value
1          2.0        -0.6260937785245871
2          2.0        -0.3070930617869585
3          2.0        -0.30696823791837097
4          2.0        -0.30678017285892467
5          2.0        -0.30655135131624967
6          2.0        -0.3063356129116902
7          2.0        -0.3062347259408984
8          2.0        -0.06935900840850992
9          2.0        -0.06932871882370595
10         2.0        -0.06922032618016151
11         2.0        -0.06916375158118349
12         2.0        -0.06916038443169761
13         2.0        -0.06913944411245937
14         2.0        0.1618580975288013
15         2.0        0.16210966423287262
16         2.0        0.16250849848890217
17         0.0        0.3375363208063155
18         0.0        0.3375793624767107
19         0.0        0.3376924523082646
20         0.0        0.3377724989978143


* 2 th kpt (=[0.25 0.   0.  ])
num        occ        value
1          12.0       -0.605229352423307
2          12.0       -0.44051116993726736
3          12.0       -0.29495781583003594
4          12.0       -0.2947925780639186
5          12.0       -0.2945176747829875
6          12.0       -0.2943278162546381
7          12.0       -0.15275616645638934
8          12.0       -0.10572156035763863
9          12.0       -0.10565546485637971
10         12.0       -0.10552529286472438
11         12.0       -0.10552231947749338
12         12.0       -0.04916943363175328
13         12.0       -0.048940349055844996
14         12.0       0.09814285936408705
15         12.0       0.09849461848638842
16         12.0       0.11630551751890852
17         0.0        0.3148275342027658
18         0.0        0.3558140094936319
19         0.0        0.4106166034603216
20         0.0        0.4153226383813745


* 3 th kpt (=[0.5 0.  0. ])
num        occ        value
1          6.0        -0.5424581877680356
2          6.0        -0.5424452779246542
3          6.0        -0.2783618124885531
4          6.0        -0.2783571142213405
5          6.0        -0.27785671817246727
6          6.0        -0.2778515316412195
7          6.0        -0.14276971768621585
8          6.0        -0.14276876758207138
9          6.0        -0.14267292383380306
10         6.0        -0.14267261229421097
11         6.0        -0.0023519660730831286
12         6.0        -0.0023491040817426264
13         6.0        0.010201299742433952
14         6.0        0.010209598099935404
15         6.0        0.010464896089740678
16         6.0        0.01047473804751634
17         0.0        0.3272604241817549
18         0.0        0.32731266828136757
19         0.0        0.5393457925101243
20         0.0        0.5394137192978613


* 4 th kpt (=[0.25 0.25 0.  ])
num        occ        value
1          12.0       -0.5845170298730763
2          12.0       -0.42217898819030053
3          12.0       -0.4221699672055124
4          12.0       -0.3147367322420508
5          12.0       -0.26960009329605444
6          12.0       -0.1789681384659434
7          12.0       -0.16896001773445443
8          12.0       -0.1689473011421016
9          12.0       -0.09434149428751802
10         12.0       -0.09433633043330004
11         12.0       -0.054986562174789665
12         12.0       -0.054981701748914986
13         12.0       -0.032783080317610715
14         12.0       0.017032600276851963
15         12.0       0.04286649809152092
16         12.0       0.13700703616666796
17         0.0        0.37092498031418725
18         0.0        0.39533241342262565
19         0.0        0.3953599014816075
20         0.0        0.4134816918982505


* 5 th kpt (=[0.5  0.25 0.  ])
num        occ        value
1          24.0       -0.5223468785131968
2          24.0       -0.5223277729882616
3          24.0       -0.3708258636885486
4          24.0       -0.3707761196968763
5          24.0       -0.22072003219809613
6          24.0       -0.2205117174201475
7          24.0       -0.1632197752385327
8          24.0       -0.1631247624013477
9          24.0       -0.07655791094129859
10         24.0       -0.07634685214452377
11         24.0       -0.03968929610734184
12         24.0       -0.03959121766592783
13         24.0       -0.037269195293429126
14         24.0       -0.0372062584228004
15         24.0       0.05776360493018667
16         24.0       0.05789941612856699
17         0.0        0.4054617142069345
18         0.0        0.4055865693189267
19         0.0        0.4708589938724987
20         0.0        0.47095793631586824


* 6 th kpt (=[-0.25  0.25  0.  ])
num        occ        value
1          12.0       -0.5845193632153748
2          12.0       -0.4221608010657561
3          12.0       -0.422151752993539
4          12.0       -0.3149092692550583
5          12.0       -0.2693733237535756
6          12.0       -0.17895301140778969
7          12.0       -0.16912194385908233
8          12.0       -0.16910929081419543
9          12.0       -0.09425092624666513
10         12.0       -0.09424608151218336
11         12.0       -0.05491717034855086
12         12.0       -0.054912105425822276
13         12.0       -0.03284405568818889
14         12.0       0.017214750297692684
15         12.0       0.042780432154594226
16         12.0       0.13689283833643107
17         0.0        0.37078765229501254
18         0.0        0.3952483098355182
19         0.0        0.3952757301750233
20         0.0        0.413552561673549


* 7 th kpt (=[0.5 0.5 0. ])
num        occ        value
1          6.0        -0.46260099125925297
2          6.0        -0.46259813924499515
3          6.0        -0.46258903982550104
4          6.0        -0.4625663739072797
5          6.0        -0.15765888517364066
6          6.0        -0.15763080551688646
7          6.0        -0.15743118140656687
8          6.0        -0.1574292468368721
9          6.0        -0.11712092024979312
10         6.0        -0.11711490606974667
11         6.0        -0.11700942791293821
12         6.0        -0.11699106649761569
13         6.0        0.05371117719052167
14         6.0        0.05371857041316387
15         6.0        0.053771177677517296
16         6.0        0.05382083104448804
17         0.0        0.4538043821531767
18         0.0        0.4538183533524878
19         0.0        0.453977366536187
20         0.0        0.4539956830800773


* 8 th kpt (=[0.25 0.25 0.25])
num        occ        value
1          4.0        -0.5639858910551722
2          4.0        -0.40577868016095514
3          4.0        -0.4056543368754243
4          4.0        -0.40560497514866195
5          4.0        -0.2337474672841754
6          4.0        -0.23359589904678316
7          4.0        -0.23321651072748523
8          4.0        -0.08491101641461755
9          4.0        -0.08480932343786717
10         4.0        -0.0847513057274958
11         4.0        -0.07855174186100804
12         4.0        -0.015374911182739912
13         4.0        -0.015196341824154205
14         4.0        -0.015182941108476008
15         4.0        0.09981231833270315
16         4.0        0.1002299399767941
17         0.0        0.3859652336894052
18         0.0        0.3861425481036907
19         0.0        0.3863050179491292
20         0.0        0.4512594424977648


* 9 th kpt (=[0.5  0.25 0.25])
num        occ        value
1          12.0       -0.5026307800519838
2          12.0       -0.50258393837442
3          12.0       -0.37774465480390934
4          12.0       -0.37760259202634605
5          12.0       -0.2916674117370205
6          12.0       -0.2914286435178519
7          12.0       -0.17175330930421587
8          12.0       -0.17148277382508464
9          12.0       -0.06896679905495116
10         12.0       -0.06894534681834516
11         12.0       -0.008548786876322469
12         12.0       -0.008434383845399764
13         12.0       0.03441046362789623
14         12.0       0.034451882747178815
15         12.0       0.04588367992206237
16         12.0       0.046187308663034735
17         0.0        0.4209058621410169
18         0.0        0.4211212145544267
19         0.0        0.4690504279630478
20         0.0        0.4691246229258812


* 10 th kpt (=[-0.25  0.25  0.25])
num        occ        value
1          12.0       -0.5639974322357416
2          12.0       -0.4056719565259061
3          12.0       -0.4056409572039712
4          12.0       -0.40559666352674184
5          12.0       -0.2338386388307809
6          12.0       -0.23369434025262056
7          12.0       -0.2336182900906763
8          12.0       -0.08456680086250584
9          12.0       -0.08453020648243502
10         12.0       -0.08451167120338009
11         12.0       -0.07834362108197018
12         12.0       -0.015397273714871103
13         12.0       -0.015377992224106948
14         12.0       -0.015277323079743109
15         12.0       0.09982633999427082
16         12.0       0.10004286254601408
17         0.0        0.3858371780778732
18         0.0        0.3858616739041411
19         0.0        0.38590993050671385
20         0.0        0.4512791077423454


* 11 th kpt (=[0.5  0.5  0.25])
num        occ        value
1          12.0       -0.44535762038480514
2          12.0       -0.4452550268786624
3          12.0       -0.44525068719841293
4          12.0       -0.44520750539727144
5          12.0       -0.2616029524998664
6          12.0       -0.2614810453388692
7          12.0       -0.2614407949473423
8          12.0       -0.2611555313609778
9          12.0       -0.0051385647951366535
10         12.0       -0.005032957365918797
11         12.0       -0.00496886025530418
12         12.0       -0.0047961195687542405
13         12.0       0.057059164844923495
14         12.0       0.057151929646600305
15         12.0       0.05716579796881589
16         12.0       0.05721348529011433
17         0.0        0.4650159625837336
18         0.0        0.46520610921373784
19         0.0        0.46527261597835984
20         0.0        0.46531635113576403


* 12 th kpt (=[-0.25  0.5   0.25])
num        occ        value
1          12.0       -0.5026180141109816
2          12.0       -0.5025853781021942
3          12.0       -0.3778139756692944
4          12.0       -0.37759952881495135
5          12.0       -0.29167134087533014
6          12.0       -0.29131085336633944
7          12.0       -0.17179384230792005
8          12.0       -0.17148380134506216
9          12.0       -0.06903865652962618
10         12.0       -0.06901255971078823
11         12.0       -0.00853595172231979
12         12.0       -0.008368285492487712
13         12.0       0.03441916813332369
14         12.0       0.034478558161835295
15         12.0       0.04585863321053452
16         12.0       0.04621416335144855
17         0.0        0.4209606950510362
18         0.0        0.42118214565797707
19         0.0        0.4691018698389239
20         0.0        0.4692043772966147


* 13 th kpt (=[0.5 0.5 0.5])
num        occ        value
1          2.0        -0.4154721560379977
2          2.0        -0.4151990263358155
3          2.0        -0.4151313610740564
4          2.0        -0.41499743663773603
5          2.0        -0.3286362325554643
6          2.0        -0.3284219083188149
7          2.0        -0.32831492715838817
8          2.0        -0.32787707205194083
9          2.0        0.06089217981375202
10         2.0        0.06089920924376125
11         2.0        0.0609389571687454
12         2.0        0.06100821393908737
13         2.0        0.061153704174282154
14         2.0        0.06128530525279511
15         2.0        0.06131012049136902
16         2.0        0.06134476047642821
17         0.0        0.4756131256264589
18         0.0        0.4756547324284743
19         0.0        0.4758009274058906
20         0.0        0.4759695491571574


/home/jhwoo/programs/tucy/tucy/Tucy.py:113: UserWarning: Exited at iteration 20 with accuracies 
[7.33511116e-08 6.86989124e-08 7.76283319e-08 7.27979863e-08
 6.25086694e-08 6.70948555e-08 7.93394338e-08 6.41087506e-08
 6.71008367e-08 7.41474370e-08 8.49892336e-08 9.25329259e-08
 6.97233109e-08 7.56657328e-08 7.57944111e-08 8.58649218e-08
 3.08231780e-04 3.18857335e-04 2.12442351e-03 1.11823689e-03]
not reaching the requested tolerance 1e-07.
  val, vec = scipy.sparse.linalg.lobpcg(**solve_options)
/home/jhwoo/programs/tucy/tucy/Tucy.py:113: UserWarning: Exited at iteration 20 with accuracies 
[6.96733551e-08+0.j 6.05069342e-08+0.j 6.71871856e-08+0.j
 7.15120953e-08+0.j 7.11262698e-08+0.j 7.69525300e-08+0.j
 8.24849581e-08+0.j 6.23650596e-08+0.j 7.29620360e-08+0.j
 6.83043837e-08+0.j 6.66649990e-08+0.j 6.76469117e-08+0.j
 6.52979978e-08+0.j 8.19081519e-08+0.j 7.21224730e-08+0.j
 8.42146565e-08+0.j 7.10402434e-08+0.j 8.76336682e-08+0.j
 3.09885584e-04+0.j 1.28302091e-03+0.j]
not reaching the requested tolerance 1e-07.
  val, vec = scipy.sparse.linalg.lobpcg(**solve_options)
/home/jhwoo/programs/tucy/tucy/Tucy.py:113: UserWarning: Exited at iteration 20 with accuracies 
[7.65691454e-08+0.j 8.06201421e-08+0.j 7.72528792e-08+0.j
 7.36309436e-08+0.j 7.66929279e-08+0.j 8.03999434e-08+0.j
 8.97508115e-08+0.j 8.02484777e-08+0.j 8.88086159e-08+0.j
 8.11082579e-08+0.j 7.59111055e-08+0.j 8.40013105e-08+0.j
 8.96643858e-08+0.j 9.04510836e-08+0.j 8.15258447e-08+0.j
 7.29437548e-08+0.j 8.26942140e-08+0.j 8.64867334e-08+0.j
 3.15645867e-06+0.j 4.57279018e-06+0.j]
not reaching the requested tolerance 1e-07.
  val, vec = scipy.sparse.linalg.lobpcg(**solve_options)
/home/jhwoo/programs/tucy/tucy/Tucy.py:113: UserWarning: Exited at iteration 20 with accuracies 
[8.48778698e-08+0.j 7.49324500e-08+0.j 6.75939634e-08+0.j
 6.82768414e-08+0.j 8.48625965e-08+0.j 8.52512114e-08+0.j
 8.18136916e-08+0.j 9.23529015e-08+0.j 8.74494852e-08+0.j
 9.28721741e-08+0.j 9.26298388e-08+0.j 6.65013024e-08+0.j
 7.34094879e-08+0.j 7.50008915e-08+0.j 8.15471139e-08+0.j
 7.47544024e-08+0.j 9.17881244e-08+0.j 8.39570470e-08+0.j
 7.70069367e-08+0.j 9.49891654e-04+0.j]
not reaching the requested tolerance 1e-07.
  val, vec = scipy.sparse.linalg.lobpcg(**solve_options)
/home/jhwoo/programs/tucy/tucy/Tucy.py:113: UserWarning: Exited at iteration 20 with accuracies 
[7.98694039e-08+0.j 7.23103238e-08+0.j 6.83115233e-08+0.j
 7.28562160e-08+0.j 7.89913988e-08+0.j 7.87260475e-08+0.j
 8.69039654e-08+0.j 7.17229864e-08+0.j 7.41679069e-08+0.j
 8.75908673e-08+0.j 8.48914294e-08+0.j 7.45238796e-08+0.j
 9.26520216e-08+0.j 8.00872813e-08+0.j 7.95511851e-08+0.j
 8.19356226e-08+0.j 8.19736416e-08+0.j 8.92160779e-08+0.j
 7.36918690e-08+0.j 2.48810847e-04+0.j]
not reaching the requested tolerance 1e-07.
  val, vec = scipy.sparse.linalg.lobpcg(**solve_options)
/home/jhwoo/programs/tucy/tucy/Tucy.py:113: UserWarning: Exited at iteration 20 with accuracies 
[6.97205899e-08+0.j 6.31906760e-08+0.j 8.02355943e-08+0.j
 6.64584257e-08+0.j 8.08547367e-08+0.j 8.74321714e-08+0.j
 8.50877871e-08+0.j 7.91977179e-08+0.j 8.41704521e-08+0.j
 8.44246030e-08+0.j 7.67744796e-08+0.j 7.97520432e-08+0.j
 6.73980365e-08+0.j 7.48940227e-08+0.j 7.17737748e-08+0.j
 7.72715746e-08+0.j 9.90152394e-08+0.j 8.56745546e-08+0.j
 1.02922711e-07+0.j 1.08917769e-07+0.j]
not reaching the requested tolerance 1e-07.
  val, vec = scipy.sparse.linalg.lobpcg(**solve_options)
/home/jhwoo/programs/tucy/tucy/Tucy.py:113: UserWarning: Exited at iteration 20 with accuracies 
[7.75734480e-08+0.j 8.12388266e-08+0.j 6.59286624e-08+0.j
 6.84515890e-08+0.j 7.46337677e-08+0.j 7.74700503e-08+0.j
 6.98847982e-08+0.j 7.27615446e-08+0.j 6.85698718e-08+0.j
 7.13740630e-08+0.j 8.58581135e-08+0.j 8.32011617e-08+0.j
 7.99243802e-08+0.j 8.00842208e-08+0.j 8.48207316e-08+0.j
 8.41843852e-08+0.j 4.28531344e-04+0.j 5.48681307e-04+0.j
 1.23591359e-03+0.j 1.40970059e-03+0.j]
not reaching the requested tolerance 1e-07.
  val, vec = scipy.sparse.linalg.lobpcg(**solve_options)
Integral of density (=32.00000000000002) is normalized to 32.0
Orbital energy difference = 5.829184348549177e-06
Density difference (relative) = 1.3205793177825754e-06
Elapsed time[calc_external_energy]: 2.9087066650390625e-05 sec
Elapsed time[calc_nonlocal_energy]: 0.24195194244384766 sec

============ Energy (Hartree) ============
|   Total Energy        : -45.4909199552 |
------------------------------------------
| * Ion-ion Energy      : 0.0            |
| * Eigenvals sum for 0 : -5.3393162905  |
| * Hartree Energy      : 2.0619355941   |
| * XC Energy           : -14.2183176917 |
| * Kinetic Energy      : 33.3140499253  |
| * External Energy     : -67.8214590633 |
| * Non-local Energy    : 1.1728712804   |
==========================================
Elapsed time[calc_and_print_energies]: 0.33824825286865234 sec
Total energy difference = -5.2856438230719505e-06 Hartree
Elapsed time for 15 th cycle: 3.6649341583251953 sec

==================== [ END CYCLE 15 ] ====================
Elapsed time[_get_mixed_var]: 0.00020766258239746094 sec
Elapsed time[compute_potential]: 0.0039005279541015625 sec
Elapsed time[compute]: 0.010718822479248047 sec

==================== [ SCF CYCLE 16 ] ====================
==== Tucker Diagonalization ====
Elapsed time[project_local_potential_to_core]: 0.019835233688354492 sec
Elapsed time[project_local_potential_to_core]: 0.057203054428100586 sec
Elapsed time[project_local_potential_to_core]: 0.05735492706298828 sec
Elapsed time[project_local_potential_to_core]: 0.05730724334716797 sec
Elapsed time[project_local_potential_to_core]: 0.05716252326965332 sec
Elapsed time[project_local_potential_to_core]: 0.05720353126525879 sec
Elapsed time[project_local_potential_to_core]: 0.05731463432312012 sec
Elapsed time[project_local_potential_to_core]: 0.057206153869628906 sec
Elapsed time[project_local_potential_to_core]: 0.057276248931884766 sec
Elapsed time[project_local_potential_to_core]: 0.057282447814941406 sec
Elapsed time[project_local_potential_to_core]: 0.05726313591003418 sec
Elapsed time[project_local_potential_to_core]: 0.05764007568359375 sec
Elapsed time[project_local_potential_to_core]: 0.057263851165771484 sec
Elapsed time[restore_orbital]: 0.0007979869842529297 sec
Elapsed time[core_diagonalize]: 0.08694100379943848 sec
Elapsed time[restore_orbital]: 0.001940011978149414 sec
Elapsed time[core_diagonalize]: 0.23243021965026855 sec
Elapsed time[restore_orbital]: 0.0019729137420654297 sec
Elapsed time[core_diagonalize]: 0.22376084327697754 sec
Elapsed time[restore_orbital]: 0.0019800662994384766 sec
Elapsed time[core_diagonalize]: 0.17226004600524902 sec
Elapsed time[restore_orbital]: 0.001931905746459961 sec
Elapsed time[core_diagonalize]: 0.18563532829284668 sec
Elapsed time[restore_orbital]: 0.0019240379333496094 sec
Elapsed time[core_diagonalize]: 0.17487573623657227 sec
Elapsed time[restore_orbital]: 0.0019447803497314453 sec
Elapsed time[core_diagonalize]: 0.1832566261291504 sec
Elapsed time[restore_orbital]: 0.0018799304962158203 sec
Elapsed time[core_diagonalize]: 0.18994402885437012 sec
Elapsed time[restore_orbital]: 0.0019371509552001953 sec
Elapsed time[core_diagonalize]: 0.18032407760620117 sec
Elapsed time[restore_orbital]: 0.002170562744140625 sec
Elapsed time[core_diagonalize]: 0.2060225009918213 sec
Elapsed time[restore_orbital]: 0.0021724700927734375 sec
Elapsed time[core_diagonalize]: 0.23761820793151855 sec
Elapsed time[restore_orbital]: 0.0019872188568115234 sec
Elapsed time[core_diagonalize]: 0.18970394134521484 sec
Elapsed time[restore_orbital]: 0.0019221305847167969 sec
Elapsed time[core_diagonalize]: 0.22133421897888184 sec
Elapsed time[diagonalize]: 3.1922478675842285 sec

[ PRINT EIGENVALUES ]
( spin alpha )
* 1 th kpt (=[0. 0. 0.])
num        occ        value
1          2.0        -0.6260936302327575
2          2.0        -0.3070929056255089
3          2.0        -0.30696808975433926
4          2.0        -0.3067800202690716
5          2.0        -0.3065511976750866
6          2.0        -0.30633545781471627
7          2.0        -0.30623457657667635
8          2.0        -0.06935886051224646
9          2.0        -0.0693285718726979
10         2.0        -0.06922017871365908
11         2.0        -0.06916361113270447
12         2.0        -0.06916022716329713
13         2.0        -0.06913929695878096
14         2.0        0.1618582927596652
15         2.0        0.16210985761947255
16         2.0        0.16250869195893589
17         0.0        0.3375363794776595
18         0.0        0.33757946093001384
19         0.0        0.3376880585116972
20         0.0        0.3377708178279559


* 2 th kpt (=[0.25 0.   0.  ])
num        occ        value
1          12.0       -0.6052292042797375
2          12.0       -0.4405110206410962
3          12.0       -0.29495766824041775
4          12.0       -0.29479242702108854
5          12.0       -0.2945175213482888
6          12.0       -0.29432766093615204
7          12.0       -0.15275600688101368
8          12.0       -0.10572140976239165
9          12.0       -0.1056553134318274
10         12.0       -0.1055251406392555
11         12.0       -0.10552216603259978
12         12.0       -0.049169283764836307
13         12.0       -0.04894020026615187
14         12.0       0.09814303312253453
15         12.0       0.09849478794079951
16         12.0       0.11630570454476315
17         0.0        0.3148277267571328
18         0.0        0.3558141503360882
19         0.0        0.41061674827477707
20         0.0        0.4153210019294116


* 3 th kpt (=[0.5 0.  0. ])
num        occ        value
1          6.0        -0.5424580363371982
2          6.0        -0.5424451325900689
3          6.0        -0.27836169723888204
4          6.0        -0.2783569348354017
5          6.0        -0.2778565683163895
6          6.0        -0.2778513737221269
7          6.0        -0.14276953995668404
8          6.0        -0.14276863885910318
9          6.0        -0.1426727850207914
10         6.0        -0.14267243624038162
11         6.0        -0.0023517926122182003
12         6.0        -0.0023489318831184046
13         6.0        0.01020145815859313
14         6.0        0.010209754131359727
15         6.0        0.010465067952234043
16         6.0        0.010474876572554371
17         0.0        0.3272605951935226
18         0.0        0.327312838306602
19         0.0        0.5393459989685253
20         0.0        0.5394139251186979


* 4 th kpt (=[0.25 0.25 0.  ])
num        occ        value
1          12.0       -0.5845168817868004
2          12.0       -0.42217883578505555
3          12.0       -0.4221698220181835
4          12.0       -0.31473658233289753
5          12.0       -0.2695999412132254
6          12.0       -0.17896798398140382
7          12.0       -0.16895985998846752
8          12.0       -0.16894714370797237
9          12.0       -0.09434133091543807
10         12.0       -0.09433618732668614
11         12.0       -0.05498641446094742
12         12.0       -0.05498154261108772
13         12.0       -0.03278292752499305
14         12.0       0.017032765420339834
15         12.0       0.04286666248329759
16         12.0       0.13700722318497063
17         0.0        0.3709251778789495
18         0.0        0.3953326026952697
19         0.0        0.39536008872911027
20         0.0        0.4134818181187026


* 5 th kpt (=[0.5  0.25 0.  ])
num        occ        value
1          24.0       -0.5223467286260036
2          24.0       -0.5223276264321666
3          24.0       -0.3708257161094615
4          24.0       -0.3707759706297409
5          24.0       -0.22071987966585274
6          24.0       -0.2205115622023637
7          24.0       -0.16321961842142305
8          24.0       -0.16312460693425115
9          24.0       -0.07655775233215206
10         24.0       -0.0763466913147712
11         24.0       -0.03968913925728045
12         24.0       -0.039591061152086805
13         24.0       -0.037269039709019694
14         24.0       -0.03720609982209429
15         24.0       0.05776377303116041
16         24.0       0.05789958660660538
17         0.0        0.4054618790598229
18         0.0        0.4055867353149835
19         0.0        0.4708591911417053
20         0.0        0.4709581340110869


* 6 th kpt (=[-0.25  0.25  0.  ])
num        occ        value
1          12.0       -0.5845192152150704
2          12.0       -0.4221606514495443
3          12.0       -0.42215160412111397
4          12.0       -0.314909121866977
5          12.0       -0.26937316962309305
6          12.0       -0.17895285463907976
7          12.0       -0.1691217909933784
8          12.0       -0.16910913318153245
9          12.0       -0.09425078024024647
10         12.0       -0.09424592141125444
11         12.0       -0.05491701778775262
12         12.0       -0.05491194646764068
13         12.0       -0.032843904716080806
14         12.0       0.017214917485762593
15         12.0       0.042780596045057795
16         12.0       0.13689302331215664
17         0.0        0.37078784993685077
18         0.0        0.3952484939034861
19         0.0        0.3952759206892734
20         0.0        0.4135526889786412


* 7 th kpt (=[0.5 0.5 0. ])
num        occ        value
1          6.0        -0.4626008361821301
2          6.0        -0.46259799053922185
3          6.0        -0.4625888967568633
4          6.0        -0.4625662281594413
5          6.0        -0.1576587310527973
6          6.0        -0.15763064934197754
7          6.0        -0.15743102404639908
8          6.0        -0.15742908946151568
9          6.0        -0.11712075358935477
10         6.0        -0.11711475936971885
11         6.0        -0.11700927361388871
12         6.0        -0.11699090780598399
13         6.0        0.0537113308930322
14         6.0        0.053718746924575254
15         6.0        0.05377134462414793
16         6.0        0.05382100019336393
17         0.0        0.4538045599852002
18         0.0        0.4538185242893234
19         0.0        0.4539775519651642
20         0.0        0.45399584809708915


* 8 th kpt (=[0.25 0.25 0.25])
num        occ        value
1          4.0        -0.5639857427974907
2          4.0        -0.4057785310966866
3          4.0        -0.40565419255585494
4          4.0        -0.40560482553450883
5          4.0        -0.2337473111698705
6          4.0        -0.23359573968570385
7          4.0        -0.2332163552573609
8          4.0        -0.08491086152214493
9          4.0        -0.08480916769742276
10         4.0        -0.08475115144026531
11         4.0        -0.07855158627970105
12         4.0        -0.015374756210288066
13         4.0        -0.015196187426007958
14         4.0        -0.01518278389366668
15         4.0        0.09981249549326565
16         4.0        0.10023011586275034
17         0.0        0.38596543010974865
18         0.0        0.3861427341430497
19         0.0        0.38630520740105
20         0.0        0.4512585627519261


* 9 th kpt (=[0.5  0.25 0.25])
num        occ        value
1          12.0       -0.5026306314179994
2          12.0       -0.5025837903939013
3          12.0       -0.37774451214592913
4          12.0       -0.3776024461579814
5          12.0       -0.2916672544044621
6          12.0       -0.29142848252729664
7          12.0       -0.17175315704767052
8          12.0       -0.171482617635181
9          12.0       -0.06896663925397259
10         12.0       -0.06894519389700202
11         12.0       -0.008548627623887983
12         12.0       -0.008434222191983878
13         12.0       0.03441062655790534
14         12.0       0.034452045342425346
15         12.0       0.0458838473866025
16         12.0       0.04618748070630379
17         0.0        0.42090602597708976
18         0.0        0.4211213800485477
19         0.0        0.46905060935167825
20         0.0        0.46912481110829324


* 10 th kpt (=[-0.25  0.25  0.25])
num        occ        value
1          12.0       -0.5639972842300961
2          12.0       -0.4056718061316933
3          12.0       -0.40564081262083784
4          12.0       -0.40559651313171974
5          12.0       -0.2338384849331577
6          12.0       -0.23369418318146765
7          12.0       -0.2336181401475252
8          12.0       -0.08456664077930101
9          12.0       -0.08453004574112215
10         12.0       -0.08451151216214121
11         12.0       -0.07834346229803729
12         12.0       -0.015397118632417188
13         12.0       -0.015377839464511383
14         12.0       -0.015277170124655255
15         12.0       0.09982651589126831
16         12.0       0.10004303613645107
17         0.0        0.38583737034063437
18         0.0        0.3858618525983199
19         0.0        0.38591012259672564
20         0.0        0.4512791646764877


* 11 th kpt (=[0.5  0.5  0.25])
num        occ        value
1          12.0       -0.4453574720490981
2          12.0       -0.44525487615110804
3          12.0       -0.4452505421372737
4          12.0       -0.44520735928033617
5          12.0       -0.261602796771436
6          12.0       -0.26148088900118893
7          12.0       -0.26144064389157207
8          12.0       -0.2611553767541611
9          12.0       -0.005138401904867844
10         12.0       -0.00503279282276166
11         12.0       -0.004968699610765449
12         12.0       -0.0047959565289831954
13         12.0       0.057059330383469525
14         12.0       0.05715209943669531
15         12.0       0.05716596422450138
16         12.0       0.05721365594594101
17         0.0        0.46501612327755415
18         0.0        0.46520626723005215
19         0.0        0.46527278285333934
20         0.0        0.4653165058256717


* 12 th kpt (=[-0.25  0.5   0.25])
num        occ        value
1          12.0       -0.5026178648975055
2          12.0       -0.5025852314120031
3          12.0       -0.3778138244436471
4          12.0       -0.3775993841288331
5          12.0       -0.2916711838857219
6          12.0       -0.29131070570336953
7          12.0       -0.17179368456684427
8          12.0       -0.17148364633933663
9          12.0       -0.06903849228914626
10         12.0       -0.06901239846407997
11         12.0       -0.008535792525457763
12         12.0       -0.008368131259027838
13         12.0       0.03441932437234502
14         12.0       0.03447872135869864
15         12.0       0.04585880747462653
16         12.0       0.046214334419212175
17         0.0        0.42096085226404784
18         0.0        0.42118229895343434
19         0.0        0.469102060936721
20         0.0        0.46920456128605575


* 13 th kpt (=[0.5 0.5 0.5])
num        occ        value
1          2.0        -0.41547201035175935
2          2.0        -0.4151988752759923
3          2.0        -0.4151312212074841
4          2.0        -0.4149972923430298
5          2.0        -0.32863607453979776
6          2.0        -0.3284217469187879
7          2.0        -0.3283147780403672
8          2.0        -0.3278769157850624
9          2.0        0.060892344420217445
10         2.0        0.060899380458284566
11         2.0        0.060939131437001734
12         2.0        0.06100838308084277
13         2.0        0.061153873623178485
14         2.0        0.06128547793843085
15         2.0        0.061310291467663994
16         2.0        0.0613449255317857
17         0.0        0.47561310114673666
18         0.0        0.47565411902548976
19         0.0        0.47579948205706407
20         0.0        0.47596667612771704


/home/jhwoo/programs/tucy/tucy/Tucy.py:113: UserWarning: Exited at iteration 20 with accuracies 
[6.46167670e-08 6.04404037e-08 7.90552897e-08 8.34150838e-08
 7.18159616e-08 8.14101685e-08 8.04284198e-08 8.74873286e-08
 8.61815396e-08 5.80304751e-08 8.96047896e-08 7.04583360e-08
 8.87517346e-08 7.64219158e-08 6.44248242e-08 5.67969807e-08
 3.79605149e-04 3.86436339e-04 2.59710695e-03 1.05976202e-03]
not reaching the requested tolerance 1e-07.
  val, vec = scipy.sparse.linalg.lobpcg(**solve_options)
/home/jhwoo/programs/tucy/tucy/Tucy.py:113: UserWarning: Exited at iteration 20 with accuracies 
[4.95665536e-08+0.j 6.75830253e-08+0.j 8.39552180e-08+0.j
 8.42702144e-08+0.j 8.25463429e-08+0.j 8.68187843e-08+0.j
 8.04691785e-08+0.j 7.74951297e-08+0.j 8.00531638e-08+0.j
 7.97924302e-08+0.j 8.11778173e-08+0.j 5.95994850e-08+0.j
 8.88335670e-08+0.j 7.76069420e-08+0.j 6.33103757e-08+0.j
 8.87406054e-08+0.j 8.51939101e-08+0.j 8.52224162e-08+0.j
 9.67875913e-05+0.j 1.24971906e-03+0.j]
not reaching the requested tolerance 1e-07.
  val, vec = scipy.sparse.linalg.lobpcg(**solve_options)
/home/jhwoo/programs/tucy/tucy/Tucy.py:113: UserWarning: Exited at iteration 20 with accuracies 
[4.96889099e-08+0.j 5.45673671e-08+0.j 7.84034561e-08+0.j
 8.86957110e-08+0.j 8.40890764e-08+0.j 7.86959398e-08+0.j
 7.00193160e-08+0.j 8.11229889e-08+0.j 6.17569202e-08+0.j
 7.45597502e-08+0.j 7.66165028e-08+0.j 7.97026317e-08+0.j
 7.61741742e-08+0.j 6.93433071e-08+0.j 6.42915366e-08+0.j
 5.87458500e-08+0.j 7.54416699e-08+0.j 7.94730269e-08+0.j
 2.23121176e-06+0.j 3.07138475e-06+0.j]
not reaching the requested tolerance 1e-07.
  val, vec = scipy.sparse.linalg.lobpcg(**solve_options)
/home/jhwoo/programs/tucy/tucy/Tucy.py:113: UserWarning: Exited at iteration 20 with accuracies 
[6.33982851e-08+0.j 6.87081437e-08+0.j 7.17690846e-08+0.j
 7.22016413e-08+0.j 8.64246716e-08+0.j 8.09807077e-08+0.j
 8.64178530e-08+0.j 6.10616480e-08+0.j 6.10228504e-08+0.j
 6.27605296e-08+0.j 7.86240277e-08+0.j 6.17656278e-08+0.j
 6.08409992e-08+0.j 6.13849536e-08+0.j 9.13716202e-08+0.j
 8.99344269e-08+0.j 9.10237850e-08+0.j 8.84497217e-08+0.j
 8.88188020e-08+0.j 6.22484776e-04+0.j]
not reaching the requested tolerance 1e-07.
  val, vec = scipy.sparse.linalg.lobpcg(**solve_options)
/home/jhwoo/programs/tucy/tucy/Tucy.py:113: UserWarning: Exited at iteration 20 with accuracies 
[6.20017599e-08+0.j 7.62072713e-08+0.j 7.86318507e-08+0.j
 7.90996379e-08+0.j 8.28049918e-08+0.j 9.37832644e-08+0.j
 9.42371111e-08+0.j 7.77149516e-08+0.j 8.49819252e-08+0.j
 5.89724696e-08+0.j 7.87058191e-08+0.j 6.24904736e-08+0.j
 9.28646483e-08+0.j 6.11381810e-08+0.j 8.67294308e-08+0.j
 8.86123443e-08+0.j 8.31766846e-08+0.j 7.87942679e-08+0.j
 9.09261925e-08+0.j 1.68252232e-04+0.j]
not reaching the requested tolerance 1e-07.
  val, vec = scipy.sparse.linalg.lobpcg(**solve_options)
/home/jhwoo/programs/tucy/tucy/Tucy.py:113: UserWarning: Exited at iteration 20 with accuracies 
[7.19841276e-08+0.j 7.01656576e-08+0.j 8.71016796e-08+0.j
 9.17325308e-08+0.j 8.20441292e-08+0.j 8.31356824e-08+0.j
 7.40612320e-08+0.j 7.41378743e-08+0.j 7.40079316e-08+0.j
 8.60144187e-08+0.j 8.86386802e-08+0.j 7.03388575e-08+0.j
 7.60210660e-08+0.j 8.19848687e-08+0.j 8.57573645e-08+0.j
 8.18533517e-08+0.j 3.86044899e-04+0.j 1.24322853e-03+0.j
 1.36280752e-03+0.j 2.38223958e-03+0.j]
not reaching the requested tolerance 1e-07.
  val, vec = scipy.sparse.linalg.lobpcg(**solve_options)
Integral of density (=32.00000000000003) is normalized to 32.0
Orbital energy difference = 5.013818252130875e-06
Density difference (relative) = 7.564243003188077e-07
Elapsed time[calc_external_energy]: 2.8848648071289062e-05 sec
Elapsed time[calc_nonlocal_energy]: 0.24071216583251953 sec

============ Energy (Hartree) ============
|   Total Energy        : -45.4909238844 |
------------------------------------------
| * Ion-ion Energy      : 0.0            |
| * Eigenvals sum for 0 : -5.3393112767  |
| * Hartree Energy      : 2.0619348996   |
| * XC Energy           : -14.2183200457 |
| * Kinetic Energy      : 33.3140475403  |
| * External Energy     : -67.8214574183 |
| * Non-local Energy    : 1.1728711398   |
==========================================
Elapsed time[calc_and_print_energies]: 0.33702874183654785 sec
Total energy difference = -3.9291925304496544e-06 Hartree
Elapsed time for 16 th cycle: 3.546186923980713 sec

==================== [ END CYCLE 16 ] ====================
Elapsed time[_get_mixed_var]: 0.00021982192993164062 sec
Elapsed time[compute_potential]: 0.003926753997802734 sec
Elapsed time[compute]: 0.010654926300048828 sec

==================== [ SCF CYCLE 17 ] ====================
==== Tucker Diagonalization ====
Elapsed time[project_local_potential_to_core]: 0.019659042358398438 sec
Elapsed time[project_local_potential_to_core]: 0.057555198669433594 sec
Elapsed time[project_local_potential_to_core]: 0.05749797821044922 sec
Elapsed time[project_local_potential_to_core]: 0.05756187438964844 sec
Elapsed time[project_local_potential_to_core]: 0.0574345588684082 sec
Elapsed time[project_local_potential_to_core]: 0.05732393264770508 sec
Elapsed time[project_local_potential_to_core]: 0.057329654693603516 sec
Elapsed time[project_local_potential_to_core]: 0.05744791030883789 sec
Elapsed time[project_local_potential_to_core]: 0.05744743347167969 sec
Elapsed time[project_local_potential_to_core]: 0.057572126388549805 sec
Elapsed time[project_local_potential_to_core]: 0.057607173919677734 sec
Elapsed time[project_local_potential_to_core]: 0.05745673179626465 sec
Elapsed time[project_local_potential_to_core]: 0.05720973014831543 sec
Elapsed time[restore_orbital]: 0.0008146762847900391 sec
Elapsed time[core_diagonalize]: 0.08086419105529785 sec
Elapsed time[restore_orbital]: 0.0019116401672363281 sec
Elapsed time[core_diagonalize]: 0.20373177528381348 sec
Elapsed time[restore_orbital]: 0.0018994808197021484 sec
Elapsed time[core_diagonalize]: 0.20663857460021973 sec
Elapsed time[restore_orbital]: 0.0018870830535888672 sec
Elapsed time[core_diagonalize]: 0.07857847213745117 sec
Elapsed time[restore_orbital]: 0.0018508434295654297 sec
Elapsed time[core_diagonalize]: 0.08418631553649902 sec
Elapsed time[restore_orbital]: 0.00186920166015625 sec
Elapsed time[core_diagonalize]: 0.07420182228088379 sec
Elapsed time[restore_orbital]: 0.0018932819366455078 sec
Elapsed time[core_diagonalize]: 0.08892250061035156 sec
Elapsed time[restore_orbital]: 0.0019016265869140625 sec
Elapsed time[core_diagonalize]: 0.16605114936828613 sec
Elapsed time[restore_orbital]: 0.001970052719116211 sec
Elapsed time[core_diagonalize]: 0.11453652381896973 sec
Elapsed time[restore_orbital]: 0.0021064281463623047 sec
Elapsed time[core_diagonalize]: 0.16249346733093262 sec
Elapsed time[restore_orbital]: 0.0019686222076416016 sec
Elapsed time[core_diagonalize]: 0.09025788307189941 sec
Elapsed time[restore_orbital]: 0.001976490020751953 sec
Elapsed time[core_diagonalize]: 0.10678625106811523 sec
Elapsed time[restore_orbital]: 0.0019371509552001953 sec
Elapsed time[core_diagonalize]: 0.2008202075958252 sec
Elapsed time[diagonalize]: 2.3679749965667725 sec

[ PRINT EIGENVALUES ]
( spin alpha )
* 1 th kpt (=[0. 0. 0.])
num        occ        value
1          2.0        -0.6260935683053377
2          2.0        -0.3070928433574189
3          2.0        -0.3069680353795784
4          2.0        -0.3067799646953622
5          2.0        -0.3065511384304328
6          2.0        -0.3063353978653791
7          2.0        -0.30623452424627184
8          2.0        -0.06935880858887536
9          2.0        -0.06932852107903606
10         2.0        -0.06922012730380839
11         2.0        -0.06916356013935074
12         2.0        -0.0691601756113067
13         2.0        -0.06913924677736875
14         2.0        0.1618583603778824
15         2.0        0.16210992296529597
16         2.0        0.16250875534667242
17         0.0        0.33753637794882113
18         0.0        0.3375794765726009
19         0.0        0.33768456134443015
20         0.0        0.33776997041319


* 2 th kpt (=[0.25 0.   0.  ])
num        occ        value
1          12.0       -0.6052291428472578
2          12.0       -0.44051096174835186
3          12.0       -0.2949576152646517
4          12.0       -0.294792372976672
5          12.0       -0.2945174633692975
6          12.0       -0.2943276021267005
7          12.0       -0.1527559503839373
8          12.0       -0.10572135379219952
9          12.0       -0.105655257158752
10         12.0       -0.1055250831445823
11         12.0       -0.1055221086313823
12         12.0       -0.04916923120079736
13         12.0       -0.04894015000943933
14         12.0       0.09814309366240956
15         12.0       0.0984948435055812
16         12.0       0.11630576783603032
17         0.0        0.31482781335936066
18         0.0        0.3558142007313815
19         0.0        0.41061680682310336
20         0.0        0.41531958452297757


* 3 th kpt (=[0.5 0.  0. ])
num        occ        value
1          6.0        -0.5424579745430514
2          6.0        -0.5424450734970895
3          6.0        -0.2783616479334044
4          6.0        -0.27835688221718585
5          6.0        -0.2778565094196447
6          6.0        -0.27785132036756494
7          6.0        -0.14276947832932338
8          6.0        -0.1427685772793854
9          6.0        -0.14267272543429135
10         6.0        -0.14267237111438671
11         6.0        -0.002351733780862109
12         6.0        -0.0023488728091435743
13         6.0        0.010201514646344709
14         6.0        0.010209807434988376
15         6.0        0.010465117123993367
16         6.0        0.010474931090482429
17         0.0        0.32726066607399545
18         0.0        0.3273129087348702
19         0.0        0.5393460955321988
20         0.0        0.539414021210121


* 4 th kpt (=[0.25 0.25 0.  ])
num        occ        value
1          12.0       -0.5845168208011892
2          12.0       -0.42217877737252457
3          12.0       -0.4221697646088473
4          12.0       -0.3147365278206196
5          12.0       -0.2695998862363097
6          12.0       -0.17896792003264553
7          12.0       -0.1689598041150061
8          12.0       -0.16894708783123183
9          12.0       -0.09434127322669722
10         12.0       -0.0943361334136225
11         12.0       -0.054986358829094646
12         12.0       -0.054981485843691405
13         12.0       -0.03278287538360961
14         12.0       0.017032821703987733
15         12.0       0.04286672097189508
16         12.0       0.13700728569723714
17         0.0        0.3709252701237033
18         0.0        0.39533268323354265
19         0.0        0.3953601695006525
20         0.0        0.41348185607430893


* 5 th kpt (=[0.5  0.25 0.  ])
num        occ        value
1          24.0       -0.5223466680139645
2          24.0       -0.5223275673104568
3          24.0       -0.37082566076678114
4          24.0       -0.37077591461498827
5          24.0       -0.22071982579876134
6          24.0       -0.220511504944252
7          24.0       -0.16321955710504268
8          24.0       -0.16312454385343841
9          24.0       -0.07655769783332197
10         24.0       -0.07634663407098899
11         24.0       -0.03968908341213432
12         24.0       -0.03959100327907413
13         24.0       -0.03726898331063315
14         24.0       -0.03720604295277717
15         24.0       0.05776383022718334
16         24.0       0.057899644596497775
17         0.0        0.4054619411469179
18         0.0        0.4055867996578118
19         0.0        0.4708592761642199
20         0.0        0.47095822070854915


* 6 th kpt (=[-0.25  0.25  0.  ])
num        occ        value
1          12.0       -0.5845191543001923
2          12.0       -0.42216059435971165
3          12.0       -0.42215154463955545
4          12.0       -0.31490907014284875
5          12.0       -0.2693731111139111
6          12.0       -0.1789527910315871
7          12.0       -0.169121738297616
8          12.0       -0.16910907886380752
9          12.0       -0.09425072600156187
10         12.0       -0.09424586049978935
11         12.0       -0.054916959275017316
12         12.0       -0.054911891710098325
13         12.0       -0.03284385252253412
14         12.0       0.01721497607595462
15         12.0       0.042780652666338716
16         12.0       0.1368930852729824
17         0.0        0.37078794025398426
18         0.0        0.39524857106711364
19         0.0        0.3952760004862335
20         0.0        0.4135527300020115


* 7 th kpt (=[0.5 0.5 0. ])
num        occ        value
1          6.0        -0.46260077693242224
2          6.0        -0.4625979317959423
3          6.0        -0.46258883983490134
4          6.0        -0.46256616943153595
5          6.0        -0.15765867674657708
6          6.0        -0.15763059443126845
7          6.0        -0.15743096622398076
8          6.0        -0.15742903171392197
9          6.0        -0.11712069253882547
10         6.0        -0.117114702360356
11         6.0        -0.1170092133249282
12         6.0        -0.1169908454804609
13         6.0        0.05371138576098221
14         6.0        0.05371880391573372
15         6.0        0.05377140141589816
16         6.0        0.05382105576443558
17         0.0        0.4538046298280403
18         0.0        0.45381859515700884
19         0.0        0.4539776250814461
20         0.0        0.4539959212665699


* 8 th kpt (=[0.25 0.25 0.25])
num        occ        value
1          4.0        -0.5639856820937386
2          4.0        -0.4057784740053007
3          4.0        -0.4056541366664755
4          4.0        -0.4056047696805305
5          4.0        -0.2337472496682679
6          4.0        -0.2335956769737817
7          4.0        -0.23321629634407195
8          4.0        -0.08491080617377739
9          4.0        -0.08480911280440968
10         4.0        -0.08475109601989277
11         4.0        -0.07855153070222852
12         4.0        -0.015374702090990379
13         4.0        -0.01519613450927797
14         4.0        -0.015182730237288014
15         4.0        0.09981255683829866
16         4.0        0.1002301738482037
17         0.0        0.3859655208401752
18         0.0        0.38614281923198673
19         0.0        0.3863052933630099
20         0.0        0.45125765784778304


* 9 th kpt (=[0.5  0.25 0.25])
num        occ        value
1          12.0       -0.5026305719066928
2          12.0       -0.5025837309369274
3          12.0       -0.377744461070939
4          12.0       -0.3776023945041261
5          12.0       -0.291667188179576
6          12.0       -0.2914284145604368
7          12.0       -0.17175310093042398
8          12.0       -0.17148255914354055
9          12.0       -0.06896658633444838
10         12.0       -0.06894513955397606
11         12.0       -0.008548570358939831
12         12.0       -0.008434163804519128
13         12.0       0.034410683383197915
14         12.0       0.034452101640178
15         12.0       0.04588390306515783
16         12.0       0.04618753875006638
17         0.0        0.420906090741014
18         0.0        0.4211214484156178
19         0.0        0.4690506886245785
20         0.0        0.46912489166162685


* 10 th kpt (=[-0.25  0.25  0.25])
num        occ        value
1          12.0       -0.5639972237106877
2          12.0       -0.40567174827336566
3          12.0       -0.40564075619679507
4          12.0       -0.40559645694011937
5          12.0       -0.2338384246762061
6          12.0       -0.23369412174292337
7          12.0       -0.23361808510498808
8          12.0       -0.08456658213599061
9          12.0       -0.08452998854903211
10         12.0       -0.08451145448596062
11         12.0       -0.07834340509757656
12         12.0       -0.015397064486997444
13         12.0       -0.015377787297835867
14         12.0       -0.015277117245614216
15         12.0       0.09982657612944233
16         12.0       0.10004309414824492
17         0.0        0.38583745776897616
18         0.0        0.38586193334762864
19         0.0        0.38591020565860135
20         0.0        0.45127913504915046


* 11 th kpt (=[0.5  0.5  0.25])
num        occ        value
1          12.0       -0.44535741453955247
2          12.0       -0.44525482076998396
3          12.0       -0.44525048218945334
4          12.0       -0.4452073030570287
5          12.0       -0.26160273413479324
6          12.0       -0.2614808259010394
7          12.0       -0.26144058614447446
8          12.0       -0.26115531657095764
9          12.0       -0.005138344222605329
10         12.0       -0.005032734159810823
11         12.0       -0.004968644863417977
12         12.0       -0.004795900603006512
13         12.0       0.057059386704459626
14         12.0       0.05715215646965474
15         12.0       0.05716602084839874
16         12.0       0.0572137114124506
17         0.0        0.4650161850793012
18         0.0        0.4652063275481878
19         0.0        0.46527284875882025
20         0.0        0.4653165678634206


* 12 th kpt (=[-0.25  0.5   0.25])
num        occ        value
1          12.0       -0.5026178055981754
2          12.0       -0.502585172356707
3          12.0       -0.3778137668680495
4          12.0       -0.37759933270772195
5          12.0       -0.29167111781973065
6          12.0       -0.2913106490189598
7          12.0       -0.1717936238740795
8          12.0       -0.1714835889825365
9          12.0       -0.06903843219868137
10         12.0       -0.06901234086461139
11         12.0       -0.008535735656257521
12         12.0       -0.008368078322180464
13         12.0       0.03441937831840236
14         12.0       0.03447877542901055
15         12.0       0.0458588687670213
16         12.0       0.046214391809067355
17         0.0        0.42096091230248756
18         0.0        0.42118235718188907
19         0.0        0.4691021440439169
20         0.0        0.46920463940617807


* 13 th kpt (=[0.5 0.5 0.5])
num        occ        value
1          2.0        -0.4154719558942083
2          2.0        -0.41519881777132844
3          2.0        -0.4151311702027529
4          2.0        -0.41499724089143897
5          2.0        -0.32863600629313194
6          2.0        -0.32842167702886
7          2.0        -0.3283147185136186
8          2.0        -0.32787685184004883
9          2.0        0.06089240189982091
10         2.0        0.06089943881910398
11         2.0        0.06093918957159308
12         2.0        0.061008440688029186
13         2.0        0.06115392969469501
14         2.0        0.06128553304938444
15         2.0        0.061310347612849966
16         2.0        0.06134498017378101
17         0.0        0.47561300871591006
18         0.0        0.4756534879877494
19         0.0        0.4757981471708178
20         0.0        0.475963892215071


/home/jhwoo/programs/tucy/tucy/Tucy.py:113: UserWarning: Exited at iteration 20 with accuracies 
[8.59523668e-08 6.72306019e-08 8.27336596e-08 7.72112920e-08
 6.58810971e-08 8.10188090e-08 7.43866376e-08 9.13296858e-08
 6.69109450e-08 5.51187947e-08 9.34122923e-08 6.09857394e-08
 6.54374801e-08 8.18220046e-08 6.18462355e-08 5.91941073e-08
 3.49143842e-04 3.63393146e-04 2.21407344e-03 1.40113624e-03]
not reaching the requested tolerance 1e-07.
  val, vec = scipy.sparse.linalg.lobpcg(**solve_options)
/home/jhwoo/programs/tucy/tucy/Tucy.py:113: UserWarning: Exited at iteration 20 with accuracies 
[7.34363038e-08+0.j 6.30265651e-08+0.j 8.16870920e-08+0.j
 8.05506123e-08+0.j 7.98167506e-08+0.j 8.10627641e-08+0.j
 7.48024056e-08+0.j 8.69642114e-08+0.j 8.82252909e-08+0.j
 8.68374707e-08+0.j 8.87648178e-08+0.j 5.73264090e-08+0.j
 6.66653085e-08+0.j 7.39560311e-08+0.j 6.25343051e-08+0.j
 9.26352059e-08+0.j 7.34917024e-08+0.j 7.78124464e-08+0.j
 2.17304078e-04+0.j 1.37030126e-03+0.j]
not reaching the requested tolerance 1e-07.
  val, vec = scipy.sparse.linalg.lobpcg(**solve_options)
/home/jhwoo/programs/tucy/tucy/Tucy.py:113: UserWarning: Exited at iteration 20 with accuracies 
[6.83695385e-08+0.j 7.07929464e-08+0.j 8.40487499e-08+0.j
 9.05425653e-08+0.j 8.85305286e-08+0.j 6.82249267e-08+0.j
 9.21625622e-08+0.j 9.52446082e-08+0.j 8.19012510e-08+0.j
 9.70704322e-08+0.j 8.13112372e-08+0.j 8.24585779e-08+0.j
 7.09271485e-08+0.j 6.53636691e-08+0.j 6.30708779e-08+0.j
 5.76917974e-08+0.j 7.61344151e-08+0.j 7.46102582e-08+0.j
 1.38818376e-06+0.j 2.01234431e-06+0.j]
not reaching the requested tolerance 1e-07.
  val, vec = scipy.sparse.linalg.lobpcg(**solve_options)
/home/jhwoo/programs/tucy/tucy/Tucy.py:113: UserWarning: Exited at iteration 20 with accuracies 
[8.11931294e-08+0.j 7.21830650e-08+0.j 7.12415518e-08+0.j
 6.91200130e-08+0.j 9.10516900e-08+0.j 8.66591133e-08+0.j
 8.98146019e-08+0.j 7.25743199e-08+0.j 7.44647878e-08+0.j
 7.71559478e-08+0.j 8.23438309e-08+0.j 5.81396285e-08+0.j
 5.80513165e-08+0.j 5.76785464e-08+0.j 9.63989432e-08+0.j
 9.62396674e-08+0.j 9.72592589e-08+0.j 9.35482441e-08+0.j
 9.43985309e-08+0.j 9.95295694e-04+0.j]
not reaching the requested tolerance 1e-07.
  val, vec = scipy.sparse.linalg.lobpcg(**solve_options)
/home/jhwoo/programs/tucy/tucy/Tucy.py:113: UserWarning: Exited at iteration 20 with accuracies 
[7.97885513e-08+0.j 7.43545003e-08+0.j 8.04091110e-08+0.j
 7.61530136e-08+0.j 8.52771007e-08+0.j 9.77692283e-08+0.j
 9.26097954e-08+0.j 9.65993557e-08+0.j 9.34196882e-08+0.j
 7.17064612e-08+0.j 8.33220513e-08+0.j 5.93335043e-08+0.j
 7.28590819e-08+0.j 5.90120049e-08+0.j 9.19556006e-08+0.j
 9.79746542e-08+0.j 8.87712536e-08+0.j 8.95801870e-08+0.j
 9.15052189e-08+0.j 2.38203840e-04+0.j]
not reaching the requested tolerance 1e-07.
  val, vec = scipy.sparse.linalg.lobpcg(**solve_options)
/home/jhwoo/programs/tucy/tucy/Tucy.py:113: UserWarning: Exited at iteration 20 with accuracies 
[6.50054064e-08+0.j 6.19157641e-08+0.j 9.26689363e-08+0.j
 7.49208333e-08+0.j 6.55015276e-08+0.j 6.51982225e-08+0.j
 6.27768469e-08+0.j 6.42497689e-08+0.j 7.85018961e-08+0.j
 8.00638433e-08+0.j 8.99572616e-08+0.j 5.86353930e-08+0.j
 7.86100910e-08+0.j 8.21507670e-08+0.j 9.00182940e-08+0.j
 8.34558262e-08+0.j 4.03958358e-04+0.j 5.50198778e-04+0.j
 1.35651002e-03+0.j 1.36217115e-03+0.j]
not reaching the requested tolerance 1e-07.
  val, vec = scipy.sparse.linalg.lobpcg(**solve_options)
Integral of density (=32.000000000000014) is normalized to 32.0
Orbital energy difference = 1.8367820198150753e-06
Density difference (relative) = 3.496558384922066e-07
Elapsed time[calc_external_energy]: 2.9087066650390625e-05 sec
Elapsed time[calc_nonlocal_energy]: 0.24197983741760254 sec

============ Energy (Hartree) ============
|   Total Energy        : -45.4909247035 |
------------------------------------------
| * Ion-ion Energy      : 0.0            |
| * Eigenvals sum for 0 : -5.3393094399  |
| * Hartree Energy      : 2.0619350669   |
| * XC Energy           : -14.2183210615 |
| * Kinetic Energy      : 33.3140476938  |
| * External Energy     : -67.8214574902 |
| * Non-local Energy    : 1.1728710874   |
==========================================
Elapsed time[calc_and_print_energies]: 0.3381950855255127 sec
Total energy difference = -8.191736213802869e-07 Hartree
Elapsed time for 17 th cycle: 2.722912311553955 sec

==================== [ END CYCLE 17 ] ====================
Elapsed time[_get_mixed_var]: 0.00021505355834960938 sec
Elapsed time[compute_potential]: 0.003962993621826172 sec
Elapsed time[compute]: 0.010690927505493164 sec

==================== [ SCF CYCLE 18 ] ====================
==== Tucker Diagonalization ====
Elapsed time[project_local_potential_to_core]: 0.019305706024169922 sec
Elapsed time[project_local_potential_to_core]: 0.05708646774291992 sec
Elapsed time[project_local_potential_to_core]: 0.057463645935058594 sec
Elapsed time[project_local_potential_to_core]: 0.05735278129577637 sec
Elapsed time[project_local_potential_to_core]: 0.05740165710449219 sec
Elapsed time[project_local_potential_to_core]: 0.057531118392944336 sec
Elapsed time[project_local_potential_to_core]: 0.05753040313720703 sec
Elapsed time[project_local_potential_to_core]: 0.05748128890991211 sec
Elapsed time[project_local_potential_to_core]: 0.05748772621154785 sec
Elapsed time[project_local_potential_to_core]: 0.057311296463012695 sec
Elapsed time[project_local_potential_to_core]: 0.05754590034484863 sec
Elapsed time[project_local_potential_to_core]: 0.05733013153076172 sec
Elapsed time[project_local_potential_to_core]: 0.05743551254272461 sec
Elapsed time[restore_orbital]: 0.0007860660552978516 sec
Elapsed time[core_diagonalize]: 0.07419466972351074 sec
Elapsed time[restore_orbital]: 0.0019207000732421875 sec
Elapsed time[core_diagonalize]: 0.18979454040527344 sec
Elapsed time[restore_orbital]: 0.0019364356994628906 sec
Elapsed time[core_diagonalize]: 0.183455228805542 sec
Elapsed time[restore_orbital]: 0.0019254684448242188 sec
Elapsed time[core_diagonalize]: 0.06351327896118164 sec
Elapsed time[restore_orbital]: 0.001905679702758789 sec
Elapsed time[core_diagonalize]: 0.07406353950500488 sec
Elapsed time[restore_orbital]: 0.0019145011901855469 sec
Elapsed time[core_diagonalize]: 0.06618070602416992 sec
Elapsed time[restore_orbital]: 0.0019218921661376953 sec
Elapsed time[core_diagonalize]: 0.0769033432006836 sec
Elapsed time[restore_orbital]: 0.0019199848175048828 sec
Elapsed time[core_diagonalize]: 0.13056278228759766 sec
Elapsed time[restore_orbital]: 0.0018925666809082031 sec
Elapsed time[core_diagonalize]: 0.06991052627563477 sec
Elapsed time[restore_orbital]: 0.0019106864929199219 sec
Elapsed time[core_diagonalize]: 0.13752269744873047 sec
Elapsed time[restore_orbital]: 0.0019266605377197266 sec
Elapsed time[core_diagonalize]: 0.06047677993774414 sec
Elapsed time[restore_orbital]: 0.0019176006317138672 sec
Elapsed time[core_diagonalize]: 0.07409906387329102 sec
Elapsed time[restore_orbital]: 0.001940011978149414 sec
Elapsed time[core_diagonalize]: 0.19417858123779297 sec
Elapsed time[diagonalize]: 2.1039297580718994 sec

[ PRINT EIGENVALUES ]
( spin alpha )
* 1 th kpt (=[0. 0. 0.])
num        occ        value
1          2.0        -0.6260935688773261
2          2.0        -0.3070928507133972
3          2.0        -0.30696804378751485
4          2.0        -0.3067799738153076
5          2.0        -0.3065511463380379
6          2.0        -0.3063354057277791
7          2.0        -0.30623453391559496
8          2.0        -0.06935882222108201
9          2.0        -0.06932853431276165
10         2.0        -0.06922014045734626
11         2.0        -0.06916357135089636
12         2.0        -0.0691601914644566
13         2.0        -0.06913926028230637
14         2.0        0.16185834357753484
15         2.0        0.16210990575808254
16         2.0        0.16250873725696474
17         0.0        0.3375363022215074
18         0.0        0.3375794145479793
19         0.0        0.33768113547020606
20         0.0        0.3377691459930366


* 2 th kpt (=[0.25 0.   0.  ])
num        occ        value
1          12.0       -0.6052291439411455
2          12.0       -0.44051096658915545
3          12.0       -0.29495762516768254
4          12.0       -0.2947923833781085
5          12.0       -0.29451747276244117
6          12.0       -0.2943276116402939
7          12.0       -0.15275596305625733
8          12.0       -0.10572136190350566
9          12.0       -0.10565526531093028
10         12.0       -0.10552509091436021
11         12.0       -0.10552211702431188
12         12.0       -0.0491692449866357
13         12.0       -0.04894016381148864
14         12.0       0.09814307803206612
15         12.0       0.09849482722777778
16         12.0       0.11630575097173057
17         0.0        0.31482782461875847
18         0.0        0.3558141908896857
19         0.0        0.4106167997903979
20         0.0        0.41531817486255324


* 3 th kpt (=[0.5 0.  0. ])
num        occ        value
1          6.0        -0.5424579779054823
2          6.0        -0.5424450750289298
3          6.0        -0.2783616517188936
4          6.0        -0.27835690362387583
5          6.0        -0.27785651988355975
6          6.0        -0.27785133417599023
7          6.0        -0.14276948840568357
8          6.0        -0.1427685725510787
9          6.0        -0.14267272353178537
10         6.0        -0.1426723797443568
11         6.0        -0.0023517498171164697
12         6.0        -0.0023488881858159077
13         6.0        0.010201500623382414
14         6.0        0.01020979248268319
15         6.0        0.010465097350587026
16         6.0        0.010474921485930943
17         0.0        0.327260667537642
18         0.0        0.3273129104873847
19         0.0        0.5393461127922589
20         0.0        0.5394140386364916


* 4 th kpt (=[0.25 0.25 0.  ])
num        occ        value
1          12.0       -0.5845168224206445
2          12.0       -0.42217878397706193
3          12.0       -0.422169769485237
4          12.0       -0.31473653959107245
5          12.0       -0.2695998959371051
6          12.0       -0.1789679205109172
7          12.0       -0.16895981747813718
8          12.0       -0.16894710113352873
9          12.0       -0.09434128492867562
10         12.0       -0.09433614014926081
11         12.0       -0.05498636691464523
12         12.0       -0.05498149699866987
13         12.0       -0.032782889756431295
14         12.0       0.017032807242751476
15         12.0       0.04286670837297199
16         12.0       0.1370072678237422
17         0.0        0.37092528520962853
18         0.0        0.3953326875574735
19         0.0        0.39536017527052697
20         0.0        0.41348183858881005


* 5 th kpt (=[0.5  0.25 0.  ])
num        occ        value
1          24.0       -0.5223466716390713
2          24.0       -0.5223275698380129
3          24.0       -0.37082566934735195
4          24.0       -0.37077592307139434
5          24.0       -0.22071983723818567
6          24.0       -0.22051151577093098
7          24.0       -0.1632195608088411
8          24.0       -0.16312454650217173
9          24.0       -0.07655771140472864
10         24.0       -0.076346647187523
11         24.0       -0.03968909419432815
12         24.0       -0.03959101310949351
13         24.0       -0.03726899376814519
14         24.0       -0.037206054162073995
15         24.0       0.05776381494166276
16         24.0       0.05789962884662662
17         0.0        0.40546193540994635
18         0.0        0.4055867948087447
19         0.0        0.47085928417881584
20         0.0        0.4709582289920414


* 6 th kpt (=[-0.25  0.25  0.  ])
num        occ        value
1          12.0       -0.5845191559342707
2          12.0       -0.4221606002798825
3          12.0       -0.42215155008028726
4          12.0       -0.3149090824183118
5          12.0       -0.269373119945373
6          12.0       -0.17895279223704247
7          12.0       -0.16912175151569706
8          12.0       -0.16910909297818402
9          12.0       -0.09425073316298072
10         12.0       -0.09424587023581836
11         12.0       -0.054916968191743395
12         12.0       -0.05491190298021189
13         12.0       -0.03284386633320533
14         12.0       0.017214961896973247
15         12.0       0.04278063937951342
16         12.0       0.13689306791896946
17         0.0        0.3707879548302062
18         0.0        0.39524857560287513
19         0.0        0.3952760044817167
20         0.0        0.4135527137301344


* 7 th kpt (=[0.5 0.5 0. ])
num        occ        value
1          6.0        -0.46260078354006096
2          6.0        -0.4625979372946393
3          6.0        -0.4625888432840847
4          6.0        -0.4625661734890916
5          6.0        -0.15765868817893924
6          6.0        -0.15763060631763307
7          6.0        -0.1574309768656215
8          6.0        -0.15742904311721562
9          6.0        -0.11712070141651025
10         6.0        -0.11711470652586971
11         6.0        -0.1170092184278299
12         6.0        -0.11699085146342571
13         6.0        0.053711372903989356
14         6.0        0.05371878534110824
15         6.0        0.053771385204420305
16         6.0        0.053821038745455074
17         0.0        0.45380462916482356
18         0.0        0.4538185970669814
19         0.0        0.4539776241513269
20         0.0        0.45399592511267745


* 8 th kpt (=[0.25 0.25 0.25])
num        occ        value
1          4.0        -0.5639856842197067
2          4.0        -0.4057784810228874
3          4.0        -0.4056541429968316
4          4.0        -0.40560477745275636
5          4.0        -0.2337472562000488
6          4.0        -0.233595683877836
7          4.0        -0.23321630385632108
8          4.0        -0.08491081581279925
9          4.0        -0.08480912281007677
10         4.0        -0.08475110538911589
11         4.0        -0.07855154091413828
12         4.0        -0.015374716528285618
13         4.0        -0.01519614893973953
14         4.0        -0.01518274501092268
15         4.0        0.09981254054850602
16         4.0        0.10023015655554941
17         0.0        0.38596553230101616
18         0.0        0.38614282991106325
19         0.0        0.3863053033254132
20         0.0        0.45125672371432357


* 9 th kpt (=[0.5  0.25 0.25])
num        occ        value
1          12.0       -0.5026305758525734
2          12.0       -0.5025837344178513
3          12.0       -0.37774447170117054
4          12.0       -0.3776024056606475
5          12.0       -0.29166718909554556
6          12.0       -0.2914284156510737
7          12.0       -0.1717531089235092
8          12.0       -0.1714825671690901
9          12.0       -0.06896659950883319
10         12.0       -0.06894515055292635
11         12.0       -0.008548582472435947
12         12.0       -0.008434176008050237
13         12.0       0.0344106682575098
14         12.0       0.03445208634784194
15         12.0       0.04588388771876295
16         12.0       0.04618752315086118
17         0.0        0.4209060870964012
18         0.0        0.42112144598624807
19         0.0        0.46905069572044306
20         0.0        0.4691248974952702


* 10 th kpt (=[-0.25  0.25  0.25])
num        occ        value
1          12.0       -0.5639972258593284
2          12.0       -0.4056717551923307
3          12.0       -0.4056407624675265
4          12.0       -0.40559646474942584
5          12.0       -0.23383843117265504
6          12.0       -0.23369412854891317
7          12.0       -0.23361809289107674
8          12.0       -0.08456659177244107
9          12.0       -0.08452999885964796
10         12.0       -0.08451146414567101
11         12.0       -0.0783434155085114
12         12.0       -0.015397078982653453
13         12.0       -0.01537780150810309
14         12.0       -0.015277131266420873
15         12.0       0.09982655967112311
16         12.0       0.10004307752685815
17         0.0        0.38583746921113027
18         0.0        0.3858619438661218
19         0.0        0.3859102137507037
20         0.0        0.4512790450421032


* 11 th kpt (=[0.5  0.5  0.25])
num        occ        value
1          12.0       -0.44535742073517387
2          12.0       -0.4452548277958471
3          12.0       -0.4452504873079581
4          12.0       -0.44520730910421047
5          12.0       -0.2616027380491146
6          12.0       -0.2614808296070022
7          12.0       -0.26144059103713146
8          12.0       -0.26115532125431096
9          12.0       -0.0051383574293358825
10         12.0       -0.005032747185467202
11         12.0       -0.004968658560335769
12         12.0       -0.0047959144155990206
13         12.0       0.05705937099936019
14         12.0       0.0571521396776253
15         12.0       0.05716600492213392
16         12.0       0.057213693883879375
17         0.0        0.465016181364328
18         0.0        0.4652063233538421
19         0.0        0.465272845185085
20         0.0        0.4653165650209083


* 12 th kpt (=[-0.25  0.5   0.25])
num        occ        value
1          12.0       -0.5026178095678953
2          12.0       -0.5025851759184226
3          12.0       -0.37781377665125165
4          12.0       -0.3775993436859532
5          12.0       -0.2916711188192599
6          12.0       -0.2913106517412351
7          12.0       -0.1717936313049148
8          12.0       -0.17148359723597958
9          12.0       -0.06903844331858244
10         12.0       -0.0690123526737753
11         12.0       -0.008535748065842017
12         12.0       -0.008368090983037984
13         12.0       0.034419363919294836
14         12.0       0.0344787593921523
15         12.0       0.045858854000417434
16         12.0       0.04621437618418415
17         0.0        0.4209609078684556
18         0.0        0.42118235239992213
19         0.0        0.46910215112273096
20         0.0        0.4692046454445588


* 13 th kpt (=[0.5 0.5 0.5])
num        occ        value
1          2.0        -0.4154719653043507
2          2.0        -0.41519882722911516
3          2.0        -0.4151311799563341
4          2.0        -0.4149972514671836
5          2.0        -0.32863600470307025
6          2.0        -0.3284216755729769
7          2.0        -0.32831471861090455
8          2.0        -0.32787685189343846
9          2.0        0.060892386226868205
10         2.0        0.06089942263118076
11         2.0        0.060939172120050754
12         2.0        0.0610084244361893
13         2.0        0.061153912765650284
14         2.0        0.06128551502017924
15         2.0        0.061310330076617445
16         2.0        0.06134496382319391
17         0.0        0.47561286565420324
18         0.0        0.47565282731519265
19         0.0        0.4757967941828301
20         0.0        0.4759610743582759


Integral of density (=32.000000000000014) is normalized to 31.99999999999999
Orbital energy difference = -3.168409934417582e-07
Density difference (relative) = 1.8534239990932125e-07
Elapsed time[calc_external_energy]: 2.8848648071289062e-05 sec
Elapsed time[calc_nonlocal_energy]: 0.24007487297058105 sec

============ Energy (Hartree) ============
|   Total Energy        : -45.4909241142 |
------------------------------------------
| * Ion-ion Energy      : 0.0            |
| * Eigenvals sum for 0 : -5.3393097567  |
| * Hartree Energy      : 2.061935521    |
| * XC Energy           : -14.2183210457 |
| * Kinetic Energy      : 33.3140479549  |
| * External Energy     : -67.8214576261 |
| * Non-local Energy    : 1.1728710817   |
==========================================
Elapsed time[calc_and_print_energies]: 0.33622312545776367 sec
Total energy difference = 5.893225960562631e-07 Hartree
Elapsed time for 18 th cycle: 2.456935405731201 sec

==================== [ END CYCLE 18 ] ====================
SCF CONVERGED with 18 iters!!
Elapsed time[calc_external_energy]: 3.24249267578125e-05 sec
Elapsed time[calc_nonlocal_energy]: 0.2399134635925293 sec

============ Energy (Hartree) ============
|   Total Energy        : -45.4909241142 |
------------------------------------------
| * Ion-ion Energy      : 0.0            |
| * Eigenvals sum for 0 : -5.3393097567  |
| * Hartree Energy      : 2.061935521    |
| * XC Energy           : -14.2183210457 |
| * Kinetic Energy      : 33.3140479549  |
| * External Energy     : -67.8214576261 |
| * Non-local Energy    : 1.1728710817   |
==========================================
Elapsed time[calc_and_print_energies]: 0.336118221282959 sec
Total Energy: -45.49092411422171 Ha
Fermi Level : 6.749434276701719 eV
Gap: 4.145 eV
Transition (v -> c):
  (s=0, k=0, n=15, [0.00, 0.00, 0.00]) -> (s=0, k=1, n=16, [0.25, 0.00, 0.00])
Elapsed time[calc_nonlocal_forces]: 0.636256217956543 sec
Debug: Make small grid Time: 0.006491661071777344 sec
Elapsed time[calc_short_forces]: 0.029604673385620117 sec
Debug: Make small grid Time: 0.0037043094635009766 sec
Elapsed time[get_comp_forces]: 0.007485389709472656 sec
Elapsed time[get_comp_comp_forces]: 0.019955158233642578 sec
Elapsed time[get_forces_correction]: 0.027455568313598633 sec
'Debug:'
'  F_NN   = \n0.0'
('  F_NL   = \n'
 '[[-0.01420094  0.00996999  0.00423405]\n'
 ' [ 0.01399799 -0.01020465 -0.0044777 ]\n'
 ' [-0.01422082  0.00997658  0.00423611]\n'
 ' [ 0.01399894 -0.00974765 -0.00399492]\n'
 ' [-0.01421071  0.00998427  0.00423626]\n'
 ' [ 0.0144237  -0.01020612 -0.00399545]\n'
 ' [-0.01420936  0.00997592  0.00423909]\n'
 ' [ 0.01442216 -0.00974766 -0.00447779]]')
('  F_loc  = \n'
 '[[ 0.00846262 -0.0060517  -0.00246053]\n'
 ' [-0.00847845  0.00604833  0.00245879]\n'
 ' [ 0.00846678 -0.00604309 -0.00244972]\n'
 ' [-0.00847695  0.00601702  0.00242158]\n'
 ' [ 0.00847888 -0.00605659 -0.00244978]\n'
 ' [-0.00849288  0.00604897  0.00242335]\n'
 ' [ 0.00847842 -0.00604266 -0.00246297]\n'
 ' [-0.00849269  0.00601835  0.00245925]]')
('  F_comp = \n'
 '[[ 0.0049313  -0.00357389 -0.00136788]\n'
 ' [-0.00492466  0.00358359  0.00137729]\n'
 ' [ 0.00493038 -0.00357438 -0.00136807]\n'
 ' [-0.00492453  0.00356279  0.0013567 ]\n'
 ' [ 0.00493286 -0.00357344 -0.00136799]\n'
 ' [-0.00494009  0.00358374  0.0013571 ]\n'
 ' [ 0.00493282 -0.00357445 -0.00136773]\n'
 ' [-0.0049398   0.00356285  0.00137728]]')
('  F      = \n'
 '[[-0.00080702  0.00034439  0.00040565]\n'
 ' [ 0.00059488 -0.00057273 -0.00064162]\n'
 ' [-0.00082366  0.00035912  0.00041832]\n'
 ' [ 0.00059746 -0.00016784 -0.00021665]\n'
 ' [-0.00079896  0.00035423  0.00041849]\n'
 ' [ 0.00099074 -0.00057342 -0.00021501]\n'
 ' [-0.00079812  0.00035881  0.00040839]\n'
 ' [ 0.00098968 -0.00016646 -0.00064126]]')
Elapsed time[calc_forces]: 0.6942110061645508 sec
Elapsed time[calc_forces]: 0.6942200660705566 sec
Atomic Forces (eV/ang):
 index | symbol |  x-axis  |  y-axis  |  z-axis
     0 |      C |  -0.0415 |  0.01771 |  0.02086
     1 |      C |  0.03059 | -0.02945 | -0.03299
     2 |      C | -0.04235 |  0.01847 |  0.02151
     3 |      C |  0.03072 | -0.00863 | -0.01114
     4 |      C | -0.04108 |  0.01822 |  0.02152
     5 |      C |  0.05095 | -0.02949 | -0.01106
     6 |      C | -0.04104 |  0.01845 |    0.021
     7 |      C |  0.05089 | -0.00856 | -0.03297

* TOTAL TIME : 94.88797450065613 sec
forces = [[-0.04149842  0.01770949  0.02085914]
 [ 0.03058997 -0.02945119 -0.03299341]
 [-0.04235446  0.0184665   0.02151102]
 [ 0.03072242 -0.0086305  -0.01114062]
 [-0.04108425  0.01821515  0.0215198 ]
 [ 0.05094565 -0.02948645 -0.0110561 ]
 [-0.04104103  0.01845071  0.02100013]
 [ 0.0508913  -0.00855977 -0.03297466]]
