PyTucker is not installed. tucker_diagonalize will not be allowed
Date :  2022-05-09 17:16:45.477592

============================= [ Grid ] =============================
* cell     (Bohr) : 
[[10.261  0.     0.   ]
 [ 0.    10.261  0.   ]
 [ 0.     0.    10.261]]
* cell     (ang ) : 
[[5.43 0.   0.  ]
 [0.   5.43 0.  ]
 [0.   0.   5.43]]
* spacings (Bohr) : [0.466 0.466 0.466]
* spacings (ang ) : [0.247 0.247 0.247]
* gpts            : [22 22 22]
* ngpts           : 10648
* pbc             : [ True  True  True]
* FD_order        : 3
* center_point    : [5.13060643 5.13060643 5.13060643] (Bohr)
====================================================================


============================ [ Kpoint ] =============================
* kpts mesh : (2, 2, 2, 'gamma')
Print all k-points and mapping to irreducible k-points
  1 ->  1 : [0. 0. 0.]
  2 ->  2 : [0.5 0.  0. ]
  3 ->  2 : [0.  0.5 0. ]
  4 ->  4 : [0.5 0.5 0. ]
  5 ->  2 : [0.  0.  0.5]
  6 ->  4 : [0.5 0.  0.5]
  7 ->  4 : [0.  0.5 0.5]
  8 ->  8 : [0.5 0.5 0.5]

* nkpts   : 8
* nibzkpts: 4
=====================================================================

Warning: 'rho_cutoff'(=6.01) value is too large or small. 'rho_cutoff' is set to 6.01.
Elapsed time[_calc_energy_correction]: 0.024219512939453125 sec

=========================== [ Compensation ] ==========================
 symbol | r_gauss | r_short (Bohr) | r_comp (Bohr)
     Si |     1.0 |           4.43 |         3.672
=======================================================================

Elapsed time[calc_local_pot]: 0.04510831832885742 sec
KB projector non-zero ratio: 1153.719008264463 %

========================== [ KB_projector ] ==========================
* number of atoms : 8
* use_dense_proj  : False
 index | symbol | # of projectors
     0 |     Si |               8
     1 |     Si |               8
     2 |     Si |               8
     3 |     Si |               8
     4 |     Si |               8
     5 |     Si |               8
     6 |     Si |               8
     7 |     Si |               8
======================================================================

Elapsed time[create_Pseudopotential]: 1.0371818542480469 sec

========================= [ Pseudopotential ] =========================
* type      : NCPP
* upf       : 
    /appl/ACE-Molecule/DATA/sg15_oncv_upf_2020-02-06/Si_ONCV_PBE-1.2.upf
* NLCC      : True
* use_comp  : True
* comp_grid : 0.1
* filtering : False
=======================================================================

'Poisson_ISF_python.py'
ISF_cutoff is set to [100 100 100].
ISF method is used for Poisson
* [0.05, 0.2] : 12 points
* [0.2, 0.4] : 12 points
* [0.4, 2.0] : 12 points
* [2.0, 500.0] : 12 points

============================= [ Poisson ] =============================
* type          : ISF
* use_fine_grid : False
* ISF_cutoff    : [100 100 100]
=======================================================================


========================== [ XC_Functional ] ==========================
* functional : ['gga_x_pbe' 'gga_c_pbe']
* weight     : [1. 1.]

Functional ID: 101
Functional Name: gga_x_pbe
Attributes:
    Name: Perdew, Burke & Ernzerhof
    Kind: 0
  Family: 2
Citations:
   J. P. Perdew, K. Burke, and M. Ernzerhof, Phys. Rev. Lett. 77, 3865 (1996)
   J. P. Perdew, K. Burke, and M. Ernzerhof, Phys. Rev. Lett. 78, 1396 (1997)
Functional ID: 130
Functional Name: gga_c_pbe
Attributes:
    Name: Perdew, Burke & Ernzerhof
    Kind: 1
  Family: 2
Citations:
   J. P. Perdew, K. Burke, and M. Ernzerhof, Phys. Rev. Lett. 77, 3865 (1996)
   J. P. Perdew, K. Burke, and M. Ernzerhof, Phys. Rev. Lett. 78, 1396 (1997)
=======================================================================


========================== [ Occupation ] ==========================
* smearing    : Fermi-Dirac
* temperature : 0.01
* nelec       : 32.0
* nspins      : 1
* nbands      : 20
* nkpts       : 8
====================================================================


========================== [ Preconditioner ] =========================
* type         : None
=======================================================================


======================= [ Eigensolver(Scipy) ] =======================
* scipy_type   : lobpcg
* convg_tol    : 1e-07
* maxiter      : 20
* verbosity    : 0
======================================================================

Elapsed time[calc_NLCC_core_density]: 5.364418029785156e-05 sec

============================ [ Density ] ===========================
* nelec         : 32.0
* nspins        : 1
* magmom        : 0.0
* fix_magmom    : True
* density guess : rhoatom
* orbital guess : None
* occ guess     : None
=====================================================================

===========================[ Input Parameters ]===========================
{'centered': False,
 'convergence': {'density_tol': 1e-05,
                 'energy_tol': 1e-06,
                 'orbital_energy_tol': 1e-05,
                 'scf_maxiter': 35},
 'eigensolver': None,
 'force': {'deriv_comp': True, 'deriv_density': False},
 'grid': {'FD_order': 3, 'gpts': None, 'spacing': 0.25},
 'init_guess': {'density': 'rhoatom', 'occ': None, 'orbital': None},
 'kpts': (2, 2, 2, 'gamma'),
 'kpts_and_weights': None,
 'mixing': {'history': 3,
            'parameter': 0.2,
            'pulay_beta': 0.3,
            'scheme': 'pulay',
            'what': 'density'},
 'nbands': None,
 'nelec': None,
 'occupation': {'MP_order': 2,
                'fix_magmom': True,
                'magmom': 0.0,
                'smearing': 'Fermi-Dirac',
                'temperature': 0.01},
 'output_file': None,
 'poisson': None,
 'pp': {'NLCC': True,
        'comp_grid': 0.1,
        'filtering': False,
        'num_near_cell': 1,
        'upf': ['/appl/ACE-Molecule/DATA/sg15_oncv_upf_2020-02-06/Si_ONCV_PBE-1.2.upf'],
        'use_comp': True,
        'use_dense_proj': False},
 'precond_type': None,
 'print_energies': True,
 'spin': 'unpolarized',
 'symmetry': True,
 'verbose': 0,
 'xc': {'type': 'gga_x_pbe + gga_c_pbe', 'weight': None}}

* pbc                      : [ True  True  True]

* Positions of atoms (ang) :
Si : [0. 0. 0.]
Si : [1.3575 1.3575 1.3575]
Si : [0.    2.715 2.715]
Si : [1.3575 4.0725 4.0725]
Si : [2.715 0.    2.715]
Si : [4.0725 1.3575 4.0725]
Si : [2.715 2.715 0.   ]
Si : [4.0725 4.0725 1.3575]
==========================================================================
Elapsed time[initialize]: 1.34840726852417 sec

============================ [ Mixing ] =============================
* what       : density
* scheme     : pulay
* parameter  : 0.2
* pulay_beta : 0.3
* history    : 3
=====================================================================


============================== [ SCF ] ==============================
* scf_maxiter        : 35
* energy_tol         : 1e-06
* density_tol        : 1e-05
* orbital_energy_tol : 1e-05
=====================================================================


==================== [ SCF CYCLE 1 ] ====================
integral of init_density :  31.639608306086508
Integral of density (=31.639608306086508) is normalized to 31.999999999999993
Elapsed time[compute_potential]: 0.006978273391723633 sec
Elapsed time[compute]: 0.5973174571990967 sec
Elapsed time[_get_mixed_var]: 5.245208740234375e-06 sec
Debug: sparse nonlocal_op@@@@@@@@@@@@@@@@@@@@@@@@@@@@@@@@@@
Debug: sparse nonlocal_op@@@@@@@@@@@@@@@@@@@@@@@@@@@@@@@@@@
Debug: sparse nonlocal_op@@@@@@@@@@@@@@@@@@@@@@@@@@@@@@@@@@
Debug: sparse nonlocal_op@@@@@@@@@@@@@@@@@@@@@@@@@@@@@@@@@@
Elapsed time[diagonalize]: 7.0172014236450195 sec

[ PRINT EIGENVALUES ]
( spin alpha )
* 1 th kpt (=[0. 0. 0.])
num        occ        value
1          2.0        -0.3187349766167708
2          2.0        -0.16134747275188555
3          2.0        -0.15943386029516965
4          2.0        -0.14574443541544352
5          2.0        -0.13378243567343576
6          2.0        -0.12927287185708364
7          2.0        -0.06505912949395624
8          2.0        0.029431234057505307
9          2.0        0.035930329990362275
10         2.0        0.058705083994948955
11         2.0        0.0785281849638509
12         2.0        0.10537318529531212
13         2.0        0.16074282951888869
14         2.0        0.18005454039515084
15         2.0        0.18877302519676342
16         2.0        0.22015611941931404
17         2.0        0.23668905823424902
18         2.0        0.25458306829530536
19         0.0        0.3550344733824432
20         0.0        0.4198675529026415


* 2 th kpt (=[0.5 0.  0. ])
num        occ        value
1          6.0        -0.27942387083285986
2          6.0        -0.26465951990895425
3          6.0        -0.15160931082932705
4          6.0        -0.148753593399344
5          6.0        -0.1464873151087968
6          6.0        -0.10661666573290222
7          6.0        -0.005248527852970412
8          6.0        0.002510997311602045
9          6.0        0.010991647507993406
10         6.0        0.022911531330972883
11         6.0        0.05906927696199888
12         6.0        0.0782506962417309
13         6.0        0.1069031259958359
14         6.0        0.12825685266700043
15         6.0        0.1752342261341537
16         6.0        0.18758392871465898
17         0.0        0.2564382752724634
18         0.0        0.29416203382061046
19         0.0        0.31969191712017536
20         0.0        0.3522630815894117


* 3 th kpt (=[0.5 0.5 0. ])
num        occ        value
1          6.0        -0.24437683224749482
2          6.0        -0.23393315486457536
3          6.0        -0.22775656464317598
4          6.0        -0.21308552241454287
5          6.0        -0.0653487291600693
6          6.0        -0.06028177849713026
7          6.0        -0.05137166953100246
8          6.0        -0.027305064109957998
9          6.0        0.01582212410184
10         6.0        0.026251730505212307
11         6.0        0.04140299728464458
12         6.0        0.05749879429121403
13         6.0        0.11674137693842161
14         6.0        0.164024875475606
15         6.0        0.1911381213302888
16         0.0        0.2557635578345463
17         0.0        0.29557668683366384
18         0.0        0.32042083023603507
19         0.0        0.360379581590869
20         0.0        0.3851027310589245


* 4 th kpt (=[0.5 0.5 0.5])
num        occ        value
1          2.0        -0.2326791139107871
2          2.0        -0.22162677854681634
3          2.0        -0.21507025315360473
4          2.0        -0.203640927172804
5          2.0        -0.12830502147500863
6          2.0        -0.12125009288477133
7          2.0        -0.11721612015787512
8          2.0        -0.08590681257130235
9          2.0        0.09098986393095276
10         2.0        0.09744852099982397
11         2.0        0.1010342638056256
12         2.0        0.1194355748410522
13         2.0        0.13521721715567128
14         2.0        0.16970047707660077
15         2.0        0.20056153301122473
16         2.0        0.22044522060549707
17         2.0        0.24264268531688812
18         0.0        0.2833201294537236
19         0.0        0.30602599216295295
20         0.0        0.32484259782174923


Integral of density (=32.000000000852985) is normalized to 31.999999999999993
Orbital energy difference = -0.5094064337228787
Density difference (relative) = 0.10165786751514105
Elapsed time[calc_external_energy]: 8.368492126464844e-05 sec
Debug: sparse nonlocal_op@@@@@@@@@@@@@@@@@@@@@@@@@@@@@@@@@@
Debug: sparse nonlocal_op@@@@@@@@@@@@@@@@@@@@@@@@@@@@@@@@@@
Debug: sparse nonlocal_op@@@@@@@@@@@@@@@@@@@@@@@@@@@@@@@@@@
Debug: sparse nonlocal_op@@@@@@@@@@@@@@@@@@@@@@@@@@@@@@@@@@
Debug: sparse nonlocal_op@@@@@@@@@@@@@@@@@@@@@@@@@@@@@@@@@@
Debug: sparse nonlocal_op@@@@@@@@@@@@@@@@@@@@@@@@@@@@@@@@@@
Debug: sparse nonlocal_op@@@@@@@@@@@@@@@@@@@@@@@@@@@@@@@@@@
Debug: sparse nonlocal_op@@@@@@@@@@@@@@@@@@@@@@@@@@@@@@@@@@
Debug: sparse nonlocal_op@@@@@@@@@@@@@@@@@@@@@@@@@@@@@@@@@@
Debug: sparse nonlocal_op@@@@@@@@@@@@@@@@@@@@@@@@@@@@@@@@@@
Debug: sparse nonlocal_op@@@@@@@@@@@@@@@@@@@@@@@@@@@@@@@@@@
Debug: sparse nonlocal_op@@@@@@@@@@@@@@@@@@@@@@@@@@@@@@@@@@
Debug: sparse nonlocal_op@@@@@@@@@@@@@@@@@@@@@@@@@@@@@@@@@@
Debug: sparse nonlocal_op@@@@@@@@@@@@@@@@@@@@@@@@@@@@@@@@@@
Debug: sparse nonlocal_op@@@@@@@@@@@@@@@@@@@@@@@@@@@@@@@@@@
Debug: sparse nonlocal_op@@@@@@@@@@@@@@@@@@@@@@@@@@@@@@@@@@
Debug: sparse nonlocal_op@@@@@@@@@@@@@@@@@@@@@@@@@@@@@@@@@@
Debug: sparse nonlocal_op@@@@@@@@@@@@@@@@@@@@@@@@@@@@@@@@@@
Debug: sparse nonlocal_op@@@@@@@@@@@@@@@@@@@@@@@@@@@@@@@@@@
Debug: sparse nonlocal_op@@@@@@@@@@@@@@@@@@@@@@@@@@@@@@@@@@
Debug: sparse nonlocal_op@@@@@@@@@@@@@@@@@@@@@@@@@@@@@@@@@@
Debug: sparse nonlocal_op@@@@@@@@@@@@@@@@@@@@@@@@@@@@@@@@@@
Debug: sparse nonlocal_op@@@@@@@@@@@@@@@@@@@@@@@@@@@@@@@@@@
Debug: sparse nonlocal_op@@@@@@@@@@@@@@@@@@@@@@@@@@@@@@@@@@
Debug: sparse nonlocal_op@@@@@@@@@@@@@@@@@@@@@@@@@@@@@@@@@@
Debug: sparse nonlocal_op@@@@@@@@@@@@@@@@@@@@@@@@@@@@@@@@@@
Debug: sparse nonlocal_op@@@@@@@@@@@@@@@@@@@@@@@@@@@@@@@@@@
Debug: sparse nonlocal_op@@@@@@@@@@@@@@@@@@@@@@@@@@@@@@@@@@
Debug: sparse nonlocal_op@@@@@@@@@@@@@@@@@@@@@@@@@@@@@@@@@@
Debug: sparse nonlocal_op@@@@@@@@@@@@@@@@@@@@@@@@@@@@@@@@@@
Debug: sparse nonlocal_op@@@@@@@@@@@@@@@@@@@@@@@@@@@@@@@@@@
Debug: sparse nonlocal_op@@@@@@@@@@@@@@@@@@@@@@@@@@@@@@@@@@
Debug: sparse nonlocal_op@@@@@@@@@@@@@@@@@@@@@@@@@@@@@@@@@@
Debug: sparse nonlocal_op@@@@@@@@@@@@@@@@@@@@@@@@@@@@@@@@@@
Debug: sparse nonlocal_op@@@@@@@@@@@@@@@@@@@@@@@@@@@@@@@@@@
Debug: sparse nonlocal_op@@@@@@@@@@@@@@@@@@@@@@@@@@@@@@@@@@
Debug: sparse nonlocal_op@@@@@@@@@@@@@@@@@@@@@@@@@@@@@@@@@@
Debug: sparse nonlocal_op@@@@@@@@@@@@@@@@@@@@@@@@@@@@@@@@@@
Debug: sparse nonlocal_op@@@@@@@@@@@@@@@@@@@@@@@@@@@@@@@@@@
Debug: sparse nonlocal_op@@@@@@@@@@@@@@@@@@@@@@@@@@@@@@@@@@
Debug: sparse nonlocal_op@@@@@@@@@@@@@@@@@@@@@@@@@@@@@@@@@@
Debug: sparse nonlocal_op@@@@@@@@@@@@@@@@@@@@@@@@@@@@@@@@@@
Debug: sparse nonlocal_op@@@@@@@@@@@@@@@@@@@@@@@@@@@@@@@@@@
Debug: sparse nonlocal_op@@@@@@@@@@@@@@@@@@@@@@@@@@@@@@@@@@
Debug: sparse nonlocal_op@@@@@@@@@@@@@@@@@@@@@@@@@@@@@@@@@@
Debug: sparse nonlocal_op@@@@@@@@@@@@@@@@@@@@@@@@@@@@@@@@@@
Debug: sparse nonlocal_op@@@@@@@@@@@@@@@@@@@@@@@@@@@@@@@@@@
Debug: sparse nonlocal_op@@@@@@@@@@@@@@@@@@@@@@@@@@@@@@@@@@
Debug: sparse nonlocal_op@@@@@@@@@@@@@@@@@@@@@@@@@@@@@@@@@@
Debug: sparse nonlocal_op@@@@@@@@@@@@@@@@@@@@@@@@@@@@@@@@@@
Debug: sparse nonlocal_op@@@@@@@@@@@@@@@@@@@@@@@@@@@@@@@@@@
Debug: sparse nonlocal_op@@@@@@@@@@@@@@@@@@@@@@@@@@@@@@@@@@
Debug: sparse nonlocal_op@@@@@@@@@@@@@@@@@@@@@@@@@@@@@@@@@@
Debug: sparse nonlocal_op@@@@@@@@@@@@@@@@@@@@@@@@@@@@@@@@@@
Debug: sparse nonlocal_op@@@@@@@@@@@@@@@@@@@@@@@@@@@@@@@@@@
Debug: sparse nonlocal_op@@@@@@@@@@@@@@@@@@@@@@@@@@@@@@@@@@
Debug: sparse nonlocal_op@@@@@@@@@@@@@@@@@@@@@@@@@@@@@@@@@@
Debug: sparse nonlocal_op@@@@@@@@@@@@@@@@@@@@@@@@@@@@@@@@@@
Debug: sparse nonlocal_op@@@@@@@@@@@@@@@@@@@@@@@@@@@@@@@@@@
Debug: sparse nonlocal_op@@@@@@@@@@@@@@@@@@@@@@@@@@@@@@@@@@
Debug: sparse nonlocal_op@@@@@@@@@@@@@@@@@@@@@@@@@@@@@@@@@@
Debug: sparse nonlocal_op@@@@@@@@@@@@@@@@@@@@@@@@@@@@@@@@@@
Debug: sparse nonlocal_op@@@@@@@@@@@@@@@@@@@@@@@@@@@@@@@@@@
Debug: sparse nonlocal_op@@@@@@@@@@@@@@@@@@@@@@@@@@@@@@@@@@
Debug: sparse nonlocal_op@@@@@@@@@@@@@@@@@@@@@@@@@@@@@@@@@@
Debug: sparse nonlocal_op@@@@@@@@@@@@@@@@@@@@@@@@@@@@@@@@@@
Elapsed time[calc_nonlocal_energy]: 0.085693359375 sec

============ Energy (Hartree) ============
|   Total Energy        : -29.8542819959 |
------------------------------------------
| * Ion-ion Energy      : 0.0            |
| * Eigenvals sum for 0 : -0.5094064337  |
| * Hartree Energy      : 13.7720772032  |
| * XC Energy           : -9.3914828777  |
| * Kinetic Energy      : 13.9126860383  |
| * External Energy     : -55.5061617799 |
| * Non-local Energy    : 7.3585994202   |
==========================================
Elapsed time[calc_and_print_energies]: 0.1335289478302002 sec
Total energy difference = -29.85428199589991 Hartree
Elapsed time for 1 th cycle: 7.82332968711853 sec

==================== [ END CYCLE 1 ] ====================
Elapsed time[_get_mixed_var]: 5.054473876953125e-05 sec
Elapsed time[compute_potential]: 0.007153511047363281 sec
Elapsed time[compute]: 0.020414113998413086 sec

==================== [ SCF CYCLE 2 ] ====================
Debug: sparse nonlocal_op@@@@@@@@@@@@@@@@@@@@@@@@@@@@@@@@@@
Debug: sparse nonlocal_op@@@@@@@@@@@@@@@@@@@@@@@@@@@@@@@@@@
Debug: sparse nonlocal_op@@@@@@@@@@@@@@@@@@@@@@@@@@@@@@@@@@
Debug: sparse nonlocal_op@@@@@@@@@@@@@@@@@@@@@@@@@@@@@@@@@@
Elapsed time[diagonalize]: 7.017299175262451 sec

[ PRINT EIGENVALUES ]
( spin alpha )
* 1 th kpt (=[0. 0. 0.])
num        occ        value
1          2.0        -0.31730096746624575
2          2.0        -0.16990845991248646
3          2.0        -0.1694380599762247
4          2.0        -0.1673699025733061
5          2.0        -0.1657584666072346
6          2.0        -0.16389630162233146
7          2.0        -0.163695218122278
8          2.0        0.01596482106034953
9          2.0        0.01702751623413842
10         2.0        0.018153410375154857
11         2.0        0.018430373674127393
12         2.0        0.01969016536226842
13         2.0        0.02047519568892638
14         2.0        0.12004471174748087
15         2.0        0.12337880601787854
16         2.0        0.1292243709549588
17         0.0        0.15290550041254866
18         0.0        0.15325393843607021
19         0.0        0.15517022122457777
20         0.0        0.15847485469227887


* 2 th kpt (=[0.5 0.  0. ])
num        occ        value
1          6.0        -0.279294543433765
2          6.0        -0.27660126710531296
3          6.0        -0.16308466959887422
4          6.0        -0.16189016672950124
5          6.0        -0.1601297405458755
6          6.0        -0.1594696948486832
7          6.0        -0.017418551848562436
8          6.0        -0.016901753679869364
9          6.0        -0.016601120017983608
10         6.0        -0.016156950522564665
11         6.0        -0.009747001448022041
12         6.0        -0.009210969325773127
13         6.0        0.05142038213310525
14         6.0        0.05201240766579549
15         6.0        0.05367333577475197
16         6.0        0.055055508074733826
17         0.0        0.1674682094247445
18         0.0        0.1702164178404282
19         0.0        0.25100121580093976
20         0.0        0.27402681822827374


* 3 th kpt (=[0.5 0.5 0. ])
num        occ        value
1          6.0        -0.24726585789947633
2          6.0        -0.24361474313335227
3          6.0        -0.24176980049277405
4          6.0        -0.23983256758464716
5          6.0        -0.08236328006266293
6          6.0        -0.08115928798653119
7          6.0        -0.08083975183411073
8          6.0        -0.079657899373635
9          6.0        -0.014218048640998335
10         6.0        -0.013681884495005408
11         6.0        -0.012919091283533052
12         6.0        -0.011732672751258718
13         6.0        0.0703389636495626
14         6.0        0.0718286520399187
15         6.0        0.07384760532351062
16         6.0        0.07699290227867979
17         0.0        0.21507647801935034
18         0.0        0.21833560891529563
19         0.0        0.22910884244541754
20         0.0        0.2516220850099748


* 4 th kpt (=[0.5 0.5 0.5])
num        occ        value
1          2.0        -0.23712118491235895
2          2.0        -0.23434396890520764
3          2.0        -0.23200326559965082
4          2.0        -0.22947750566544528
5          2.0        -0.13375986272099408
6          2.0        -0.13309185069516805
7          2.0        -0.13187328066342294
8          2.0        -0.13134735459437916
9          2.0        0.07361331420224394
10         2.0        0.07435732867152549
11         2.0        0.07550967616078139
12         2.0        0.07621072722177802
13         2.0        0.0773477657294612
14         2.0        0.07841748650678884
15         2.0        0.0799143311458679
16         2.0        0.08216581022854906
17         0.0        0.17843912933435613
18         0.0        0.18191610464773011
19         0.0        0.1862374017186801
20         0.0        0.20054041902204375


Integral of density (=32.00000000000001) is normalized to 32.00000000000001
Orbital energy difference = -1.5085021943177708
Density difference (relative) = 0.14632184723669725
Elapsed time[calc_external_energy]: 8.988380432128906e-05 sec
Debug: sparse nonlocal_op@@@@@@@@@@@@@@@@@@@@@@@@@@@@@@@@@@
Debug: sparse nonlocal_op@@@@@@@@@@@@@@@@@@@@@@@@@@@@@@@@@@
Debug: sparse nonlocal_op@@@@@@@@@@@@@@@@@@@@@@@@@@@@@@@@@@
Debug: sparse nonlocal_op@@@@@@@@@@@@@@@@@@@@@@@@@@@@@@@@@@
Debug: sparse nonlocal_op@@@@@@@@@@@@@@@@@@@@@@@@@@@@@@@@@@
Debug: sparse nonlocal_op@@@@@@@@@@@@@@@@@@@@@@@@@@@@@@@@@@
Debug: sparse nonlocal_op@@@@@@@@@@@@@@@@@@@@@@@@@@@@@@@@@@
Debug: sparse nonlocal_op@@@@@@@@@@@@@@@@@@@@@@@@@@@@@@@@@@
Debug: sparse nonlocal_op@@@@@@@@@@@@@@@@@@@@@@@@@@@@@@@@@@
Debug: sparse nonlocal_op@@@@@@@@@@@@@@@@@@@@@@@@@@@@@@@@@@
Debug: sparse nonlocal_op@@@@@@@@@@@@@@@@@@@@@@@@@@@@@@@@@@
Debug: sparse nonlocal_op@@@@@@@@@@@@@@@@@@@@@@@@@@@@@@@@@@
Debug: sparse nonlocal_op@@@@@@@@@@@@@@@@@@@@@@@@@@@@@@@@@@
Debug: sparse nonlocal_op@@@@@@@@@@@@@@@@@@@@@@@@@@@@@@@@@@
Debug: sparse nonlocal_op@@@@@@@@@@@@@@@@@@@@@@@@@@@@@@@@@@
Debug: sparse nonlocal_op@@@@@@@@@@@@@@@@@@@@@@@@@@@@@@@@@@
Debug: sparse nonlocal_op@@@@@@@@@@@@@@@@@@@@@@@@@@@@@@@@@@
Debug: sparse nonlocal_op@@@@@@@@@@@@@@@@@@@@@@@@@@@@@@@@@@
Debug: sparse nonlocal_op@@@@@@@@@@@@@@@@@@@@@@@@@@@@@@@@@@
Debug: sparse nonlocal_op@@@@@@@@@@@@@@@@@@@@@@@@@@@@@@@@@@
Debug: sparse nonlocal_op@@@@@@@@@@@@@@@@@@@@@@@@@@@@@@@@@@
Debug: sparse nonlocal_op@@@@@@@@@@@@@@@@@@@@@@@@@@@@@@@@@@
Debug: sparse nonlocal_op@@@@@@@@@@@@@@@@@@@@@@@@@@@@@@@@@@
Debug: sparse nonlocal_op@@@@@@@@@@@@@@@@@@@@@@@@@@@@@@@@@@
Debug: sparse nonlocal_op@@@@@@@@@@@@@@@@@@@@@@@@@@@@@@@@@@
Debug: sparse nonlocal_op@@@@@@@@@@@@@@@@@@@@@@@@@@@@@@@@@@
Debug: sparse nonlocal_op@@@@@@@@@@@@@@@@@@@@@@@@@@@@@@@@@@
Debug: sparse nonlocal_op@@@@@@@@@@@@@@@@@@@@@@@@@@@@@@@@@@
Debug: sparse nonlocal_op@@@@@@@@@@@@@@@@@@@@@@@@@@@@@@@@@@
Debug: sparse nonlocal_op@@@@@@@@@@@@@@@@@@@@@@@@@@@@@@@@@@
Debug: sparse nonlocal_op@@@@@@@@@@@@@@@@@@@@@@@@@@@@@@@@@@
Debug: sparse nonlocal_op@@@@@@@@@@@@@@@@@@@@@@@@@@@@@@@@@@
Debug: sparse nonlocal_op@@@@@@@@@@@@@@@@@@@@@@@@@@@@@@@@@@
Debug: sparse nonlocal_op@@@@@@@@@@@@@@@@@@@@@@@@@@@@@@@@@@
Debug: sparse nonlocal_op@@@@@@@@@@@@@@@@@@@@@@@@@@@@@@@@@@
Debug: sparse nonlocal_op@@@@@@@@@@@@@@@@@@@@@@@@@@@@@@@@@@
Debug: sparse nonlocal_op@@@@@@@@@@@@@@@@@@@@@@@@@@@@@@@@@@
Debug: sparse nonlocal_op@@@@@@@@@@@@@@@@@@@@@@@@@@@@@@@@@@
Debug: sparse nonlocal_op@@@@@@@@@@@@@@@@@@@@@@@@@@@@@@@@@@
Debug: sparse nonlocal_op@@@@@@@@@@@@@@@@@@@@@@@@@@@@@@@@@@
Debug: sparse nonlocal_op@@@@@@@@@@@@@@@@@@@@@@@@@@@@@@@@@@
Debug: sparse nonlocal_op@@@@@@@@@@@@@@@@@@@@@@@@@@@@@@@@@@
Debug: sparse nonlocal_op@@@@@@@@@@@@@@@@@@@@@@@@@@@@@@@@@@
Debug: sparse nonlocal_op@@@@@@@@@@@@@@@@@@@@@@@@@@@@@@@@@@
Debug: sparse nonlocal_op@@@@@@@@@@@@@@@@@@@@@@@@@@@@@@@@@@
Debug: sparse nonlocal_op@@@@@@@@@@@@@@@@@@@@@@@@@@@@@@@@@@
Debug: sparse nonlocal_op@@@@@@@@@@@@@@@@@@@@@@@@@@@@@@@@@@
Debug: sparse nonlocal_op@@@@@@@@@@@@@@@@@@@@@@@@@@@@@@@@@@
Debug: sparse nonlocal_op@@@@@@@@@@@@@@@@@@@@@@@@@@@@@@@@@@
Debug: sparse nonlocal_op@@@@@@@@@@@@@@@@@@@@@@@@@@@@@@@@@@
Debug: sparse nonlocal_op@@@@@@@@@@@@@@@@@@@@@@@@@@@@@@@@@@
Debug: sparse nonlocal_op@@@@@@@@@@@@@@@@@@@@@@@@@@@@@@@@@@
Debug: sparse nonlocal_op@@@@@@@@@@@@@@@@@@@@@@@@@@@@@@@@@@
Debug: sparse nonlocal_op@@@@@@@@@@@@@@@@@@@@@@@@@@@@@@@@@@
Debug: sparse nonlocal_op@@@@@@@@@@@@@@@@@@@@@@@@@@@@@@@@@@
Debug: sparse nonlocal_op@@@@@@@@@@@@@@@@@@@@@@@@@@@@@@@@@@
Debug: sparse nonlocal_op@@@@@@@@@@@@@@@@@@@@@@@@@@@@@@@@@@
Debug: sparse nonlocal_op@@@@@@@@@@@@@@@@@@@@@@@@@@@@@@@@@@
Debug: sparse nonlocal_op@@@@@@@@@@@@@@@@@@@@@@@@@@@@@@@@@@
Debug: sparse nonlocal_op@@@@@@@@@@@@@@@@@@@@@@@@@@@@@@@@@@
Debug: sparse nonlocal_op@@@@@@@@@@@@@@@@@@@@@@@@@@@@@@@@@@
Debug: sparse nonlocal_op@@@@@@@@@@@@@@@@@@@@@@@@@@@@@@@@@@
Debug: sparse nonlocal_op@@@@@@@@@@@@@@@@@@@@@@@@@@@@@@@@@@
Debug: sparse nonlocal_op@@@@@@@@@@@@@@@@@@@@@@@@@@@@@@@@@@
Elapsed time[calc_nonlocal_energy]: 0.08607649803161621 sec

============ Energy (Hartree) ============
|   Total Energy        : -31.0930890715 |
------------------------------------------
| * Ion-ion Energy      : 0.0            |
| * Eigenvals sum for 0 : -2.017908628   |
| * Hartree Energy      : 13.5925209815  |
| * XC Energy           : -9.4124484112  |
| * Kinetic Energy      : 12.6701935647  |
| * External Energy     : -55.511526707  |
| * Non-local Energy    : 7.5681715004   |
==========================================
Elapsed time[calc_and_print_energies]: 0.1355152130126953 sec
Total energy difference = -1.2388070756181406 Hartree
Elapsed time for 2 th cycle: 7.170184135437012 sec

==================== [ END CYCLE 2 ] ====================
Elapsed time[_get_mixed_var]: 3.9577484130859375e-05 sec
Elapsed time[compute_potential]: 0.007109880447387695 sec
Elapsed time[compute]: 0.02033400535583496 sec

==================== [ SCF CYCLE 3 ] ====================
Debug: sparse nonlocal_op@@@@@@@@@@@@@@@@@@@@@@@@@@@@@@@@@@
Debug: sparse nonlocal_op@@@@@@@@@@@@@@@@@@@@@@@@@@@@@@@@@@
Debug: sparse nonlocal_op@@@@@@@@@@@@@@@@@@@@@@@@@@@@@@@@@@
Debug: sparse nonlocal_op@@@@@@@@@@@@@@@@@@@@@@@@@@@@@@@@@@
Elapsed time[diagonalize]: 6.959313869476318 sec

[ PRINT EIGENVALUES ]
( spin alpha )
* 1 th kpt (=[0. 0. 0.])
num        occ        value
1          2.0        -0.3136993356624435
2          2.0        -0.16403470840207635
3          2.0        -0.16378577072429593
4          2.0        -0.16309506754281708
5          2.0        -0.16240908040374738
6          2.0        -0.16143906098479982
7          2.0        -0.1609862587761208
8          2.0        0.020647023811130868
9          2.0        0.020945540475596096
10         2.0        0.021435418932135526
11         2.0        0.021774100618839314
12         2.0        0.02227691859935313
13         2.0        0.02270852014594607
14         2.0        0.12295373482572225
15         2.0        0.12368934382647076
16         2.0        0.12394322417232488
17         0.0        0.15423544409131643
18         0.0        0.15453861971328742
19         0.0        0.15490993662384997
20         0.0        0.1553229507711284


* 2 th kpt (=[0.5 0.  0. ])
num        occ        value
1          6.0        -0.2745718583066553
2          6.0        -0.2738664191901406
3          6.0        -0.1578219145769898
4          6.0        -0.15713108196059292
5          6.0        -0.1566897869095884
6          6.0        -0.1561367359077236
7          6.0        -0.01431306531562463
8          6.0        -0.013838832574940193
9          6.0        -0.013613376976535403
10         6.0        -0.013498671292099997
11         6.0        -0.005834813704245724
12         6.0        -0.005642668187142996
13         6.0        0.05590642884618683
14         6.0        0.056107518561425894
15         6.0        0.056626555548265685
16         6.0        0.05686291923498603
17         0.0        0.16953509122354093
18         0.0        0.16985518933580993
19         0.0        0.24407595464553275
20         0.0        0.24745274539099085


* 3 th kpt (=[0.5 0.5 0. ])
num        occ        value
1          6.0        -0.2409056852593136
2          6.0        -0.23965806214770166
3          6.0        -0.2387465856444795
4          6.0        -0.23772715780377007
5          6.0        -0.07772752166812354
6          6.0        -0.0770189855720244
7          6.0        -0.07668163194785264
8          6.0        -0.07604285961220203
9          6.0        -0.010801140270344905
10         6.0        -0.0107451635062031
11         6.0        -0.01025099158924644
12         6.0        -0.009663903065555987
13         6.0        0.07508349496068123
14         6.0        0.07570899910493667
15         6.0        0.07612497935644331
16         6.0        0.07802559826282586
17         0.0        0.21671846836233008
18         0.0        0.21696884701784783
19         0.0        0.2175610083391655
20         0.0        0.22000330630700538


* 4 th kpt (=[0.5 0.5 0.5])
num        occ        value
1          2.0        -0.2306662539843191
2          2.0        -0.22968956813297675
3          2.0        -0.22895456659959937
4          2.0        -0.22731283771676003
5          2.0        -0.13010750695294304
6          2.0        -0.12971060242740054
7          2.0        -0.12891889145759458
8          2.0        -0.12871144167201193
9          2.0        0.07932832236921745
10         2.0        0.07945249726621227
11         2.0        0.07996219291871666
12         2.0        0.0803795687275136
13         2.0        0.08056826663767193
14         2.0        0.08115080777336454
15         2.0        0.08170614014202528
16         2.0        0.08289223044581615
17         0.0        0.1811934019219156
18         0.0        0.1816950268387839
19         0.0        0.1820324725850959
20         0.0        0.18284196174995876


/home/jhwoo/.conda/envs/GOSPEL_torch/lib/python3.8/site-packages/scipy/sparse/_index.py:146: SparseEfficiencyWarning: Changing the sparsity structure of a csr_matrix is expensive. lil_matrix is more efficient.
  self._set_arrayXarray(i, j, x)
/home/jhwoo/programs/gospel/gospel/Eigensolver/Scipy.py:60: UserWarning: Exited at iteration 20 with accuracies 
[0.00191369 0.1657556  0.17570584 0.24676821 0.2991501  0.31879746
 0.45328541 0.18896052 0.23319368 0.3288696  0.34530004 0.31033464
 0.28926195 0.32867875 0.36186566 0.46770095 0.48510441 0.51684276
 0.62097152 0.03935536]
not reaching the requested tolerance 1e-07.
  val, vec = lobpcg(
/home/jhwoo/programs/gospel/gospel/Eigensolver/Scipy.py:60: UserWarning: Exited at iteration 20 with accuracies 
[0.01104047+0.j 0.22626493+0.j 0.19033306+0.j 0.21058665+0.j
 0.24119839+0.j 0.37913934+0.j 0.19903109+0.j 0.24103782+0.j
 0.26503675+0.j 0.29388555+0.j 0.33462599+0.j 0.32625833+0.j
 0.38253525+0.j 0.50401184+0.j 0.25564804+0.j 0.51061077+0.j
 0.34779308+0.j 0.42168564+0.j 0.31330151+0.j 0.38656394+0.j]
not reaching the requested tolerance 1e-07.
  val, vec = lobpcg(
/home/jhwoo/programs/gospel/gospel/Eigensolver/Scipy.py:60: UserWarning: Exited at iteration 20 with accuracies 
[0.03539993+0.j 0.21303981+0.j 0.25009302+0.j 0.31616362+0.j
 0.22762777+0.j 0.26424459+0.j 0.30460688+0.j 0.32728555+0.j
 0.28388811+0.j 0.31116108+0.j 0.38591904+0.j 0.40622824+0.j
 0.38670172+0.j 0.43792033+0.j 0.4523248 +0.j 0.33767974+0.j
 0.35486685+0.j 0.3693164 +0.j 0.38363829+0.j 0.38299036+0.j]
not reaching the requested tolerance 1e-07.
  val, vec = lobpcg(
/home/jhwoo/programs/gospel/gospel/Eigensolver/Scipy.py:60: UserWarning: Exited at iteration 20 with accuracies 
[0.09211263+0.j 0.22538288+0.j 0.27359715+0.j 0.31665834+0.j
 0.1466371 +0.j 0.20247843+0.j 0.24858265+0.j 0.36460482+0.j
 0.21271911+0.j 0.26252057+0.j 0.25546704+0.j 0.33784469+0.j
 0.36877963+0.j 0.42662109+0.j 0.3859373 +0.j 0.4028523 +0.j
 0.33307279+0.j 0.38098806+0.j 0.47250564+0.j 0.50829446+0.j]
not reaching the requested tolerance 1e-07.
  val, vec = lobpcg(
/home/jhwoo/programs/gospel/gospel/smearing_functions.py:11: RuntimeWarning: overflow encountered in exp
  return 1 / (np.exp(val) + 1)
/home/jhwoo/programs/gospel/gospel/Eigensolver/Scipy.py:60: UserWarning: Exited at iteration 20 with accuracies 
[8.47791123e-05 6.04755527e-03 7.79332682e-03 1.01736623e-02
 8.07569232e-03 4.19025689e-03 9.57397870e-03 1.38246420e-02
 2.47608273e-02 1.78891659e-02 4.18007133e-02 3.31169681e-02
 3.17372860e-02 4.26995523e-02 9.41363929e-02 1.51190295e-01
 2.64450638e-02 3.51801166e-02 4.22431405e-02 1.22229072e-01]
not reaching the requested tolerance 1e-07.
  val, vec = lobpcg(
/home/jhwoo/programs/gospel/gospel/Eigensolver/Scipy.py:60: UserWarning: Exited at iteration 20 with accuracies 
[0.00190377+0.j 0.00184226+0.j 0.00848178+0.j 0.007071  +0.j
 0.0048388 +0.j 0.00401398+0.j 0.02064142+0.j 0.02901056+0.j
 0.01811009+0.j 0.03591319+0.j 0.03173644+0.j 0.02191387+0.j
 0.02480322+0.j 0.03735133+0.j 0.0253834 +0.j 0.04978663+0.j
 0.02173222+0.j 0.0757747 +0.j 0.10713122+0.j 0.18791315+0.j]
not reaching the requested tolerance 1e-07.
  val, vec = lobpcg(
/home/jhwoo/programs/gospel/gospel/Eigensolver/Scipy.py:60: UserWarning: Exited at iteration 20 with accuracies 
[0.00367886+0.j 0.0036213 +0.j 0.0026248 +0.j 0.00305015+0.j
 0.00880349+0.j 0.0091666 +0.j 0.00818243+0.j 0.01085379+0.j
 0.01528651+0.j 0.02111738+0.j 0.01345012+0.j 0.01705074+0.j
 0.04047108+0.j 0.03547247+0.j 0.05646142+0.j 0.07409363+0.j
 0.05317586+0.j 0.08464984+0.j 0.14829337+0.j 0.19065652+0.j]
not reaching the requested tolerance 1e-07.
  val, vec = lobpcg(
/home/jhwoo/programs/gospel/gospel/Eigensolver/Scipy.py:60: UserWarning: Exited at iteration 20 with accuracies 
[0.00308741+0.j 0.00494289+0.j 0.00410321+0.j 0.00298572+0.j
 0.00566786+0.j 0.00800844+0.j 0.00588729+0.j 0.00803012+0.j
 0.03375134+0.j 0.03816939+0.j 0.04344969+0.j 0.02426245+0.j
 0.05463891+0.j 0.04482941+0.j 0.04772142+0.j 0.07994781+0.j
 0.04051513+0.j 0.09422234+0.j 0.14684785+0.j 0.19905673+0.j]
not reaching the requested tolerance 1e-07.
  val, vec = lobpcg(
/home/jhwoo/programs/gospel/gospel/Eigensolver/Scipy.py:60: UserWarning: Exited at iteration 20 with accuracies 
[1.29507398e-05 1.18219319e-04 9.47342183e-05 1.77030086e-04
 1.32257584e-04 8.22597859e-05 1.09538775e-04 7.67700722e-04
 6.03250805e-04 1.14912389e-03 6.71724368e-04 2.41115574e-03
 1.04846341e-03 2.36962232e-02 1.94004793e-02 3.22484914e-02
 1.02027132e-02 6.68158274e-03 1.34708318e-02 7.06753224e-03]
not reaching the requested tolerance 1e-07.
  val, vec = lobpcg(
/home/jhwoo/programs/gospel/gospel/Eigensolver/Scipy.py:60: UserWarning: Exited at iteration 20 with accuracies 
[2.05530099e-05+0.j 2.57000182e-05+0.j 1.31996314e-04+0.j
 1.15685836e-04+0.j 9.69864988e-05+0.j 1.01043985e-04+0.j
 1.07387311e-03+0.j 5.58377601e-04+0.j 5.72232862e-04+0.j
 4.79540393e-04+0.j 8.16344187e-04+0.j 5.58258689e-04+0.j
 1.26334366e-03+0.j 1.33856910e-03+0.j 9.54052572e-04+0.j
 1.53876656e-03+0.j 5.31390676e-03+0.j 6.22425881e-03+0.j
 3.47287358e-02+0.j 7.59115545e-02+0.j]
not reaching the requested tolerance 1e-07.
  val, vec = lobpcg(
/home/jhwoo/programs/gospel/gospel/Eigensolver/Scipy.py:60: UserWarning: Exited at iteration 20 with accuracies 
[5.64359788e-05+0.j 4.64593931e-05+0.j 5.31635291e-05+0.j
 4.57768706e-05+0.j 2.02250531e-04+0.j 1.57796748e-04+0.j
 1.79086010e-04+0.j 2.33558375e-04+0.j 5.62010201e-04+0.j
 4.03120632e-04+0.j 4.67780306e-04+0.j 4.02962247e-04+0.j
 2.52514453e-03+0.j 2.09695485e-03+0.j 2.59607327e-03+0.j
 2.12148878e-03+0.j 1.44418112e-02+0.j 1.50197681e-02+0.j
 3.00995655e-02+0.j 3.74941302e-02+0.j]
not reaching the requested tolerance 1e-07.
  val, vec = lobpcg(
/home/jhwoo/programs/gospel/gospel/Eigensolver/Scipy.py:60: UserWarning: Exited at iteration 20 with accuracies 
[4.67651373e-05+0.j 6.91858211e-05+0.j 5.92996238e-05+0.j
 4.90208327e-05+0.j 1.40245095e-04+0.j 1.54016679e-04+0.j
 1.73642812e-04+0.j 1.43932214e-04+0.j 2.86549796e-03+0.j
 2.32338100e-03+0.j 3.53971972e-03+0.j 3.91203169e-03+0.j
 2.13248831e-03+0.j 2.15049319e-03+0.j 2.19251527e-03+0.j
 2.90154303e-03+0.j 1.30014230e-02+0.j 2.45045068e-02+0.j
 2.42666759e-02+0.j 4.88334546e-02+0.j]
not reaching the requested tolerance 1e-07.
  val, vec = lobpcg(
/home/jhwoo/programs/gospel/gospel/Eigensolver/Scipy.py:60: UserWarning: Exited at iteration 20 with accuracies 
[4.67713382e-05 1.63218467e-04 2.29683704e-04 2.67049710e-04
 1.67187712e-04 1.37210764e-04 2.41657215e-04 7.48050053e-04
 6.49546981e-04 1.09553495e-03 4.51507601e-04 4.58677163e-04
 7.59299493e-04 1.35349327e-03 5.03705890e-03 6.46889868e-03
 3.84832911e-03 5.48744055e-03 5.12840701e-03 1.73644711e-03]
not reaching the requested tolerance 1e-07.
  val, vec = lobpcg(
/home/jhwoo/programs/gospel/gospel/Eigensolver/Scipy.py:60: UserWarning: Exited at iteration 20 with accuracies 
[5.82267952e-05+0.j 5.35773355e-05+0.j 2.04343816e-04+0.j
 2.05001034e-04+0.j 1.89136790e-04+0.j 2.00280519e-04+0.j
 5.60809833e-04+0.j 6.49129737e-04+0.j 7.72560646e-04+0.j
 8.63399740e-04+0.j 4.73188353e-04+0.j 4.30785624e-04+0.j
 8.58158376e-04+0.j 7.84798264e-04+0.j 7.67214935e-04+0.j
 8.23181722e-04+0.j 1.01875242e-03+0.j 1.34537785e-03+0.j
 8.91643482e-03+0.j 2.38484747e-02+0.j]
not reaching the requested tolerance 1e-07.
  val, vec = lobpcg(
/home/jhwoo/programs/gospel/gospel/Eigensolver/Scipy.py:60: UserWarning: Exited at iteration 20 with accuracies 
[1.38904958e-04+0.j 1.16899079e-04+0.j 1.23098299e-04+0.j
 9.82475805e-05+0.j 2.77763058e-04+0.j 2.64988064e-04+0.j
 2.38049057e-04+0.j 2.95127707e-04+0.j 4.38550889e-04+0.j
 4.33364230e-04+0.j 4.81869282e-04+0.j 5.11176177e-04+0.j
 5.44704422e-04+0.j 7.72591923e-04+0.j 8.79291548e-04+0.j
 6.23366426e-04+0.j 7.75031516e-03+0.j 5.82182679e-03+0.j
 4.29082608e-03+0.j 4.79163450e-03+0.j]
not reaching the requested tolerance 1e-07.
  val, vec = lobpcg(
Integral of density (=32.00000000000007) is normalized to 32.00000000000001
Orbital energy difference = 0.10962003876767756
Density difference (relative) = 0.11447617353485652
Elapsed time[calc_external_energy]: 7.748603820800781e-05 sec
Debug: sparse nonlocal_op@@@@@@@@@@@@@@@@@@@@@@@@@@@@@@@@@@
Debug: sparse nonlocal_op@@@@@@@@@@@@@@@@@@@@@@@@@@@@@@@@@@
Debug: sparse nonlocal_op@@@@@@@@@@@@@@@@@@@@@@@@@@@@@@@@@@
Debug: sparse nonlocal_op@@@@@@@@@@@@@@@@@@@@@@@@@@@@@@@@@@
Debug: sparse nonlocal_op@@@@@@@@@@@@@@@@@@@@@@@@@@@@@@@@@@
Debug: sparse nonlocal_op@@@@@@@@@@@@@@@@@@@@@@@@@@@@@@@@@@
Debug: sparse nonlocal_op@@@@@@@@@@@@@@@@@@@@@@@@@@@@@@@@@@
Debug: sparse nonlocal_op@@@@@@@@@@@@@@@@@@@@@@@@@@@@@@@@@@
Debug: sparse nonlocal_op@@@@@@@@@@@@@@@@@@@@@@@@@@@@@@@@@@
Debug: sparse nonlocal_op@@@@@@@@@@@@@@@@@@@@@@@@@@@@@@@@@@
Debug: sparse nonlocal_op@@@@@@@@@@@@@@@@@@@@@@@@@@@@@@@@@@
Debug: sparse nonlocal_op@@@@@@@@@@@@@@@@@@@@@@@@@@@@@@@@@@
Debug: sparse nonlocal_op@@@@@@@@@@@@@@@@@@@@@@@@@@@@@@@@@@
Debug: sparse nonlocal_op@@@@@@@@@@@@@@@@@@@@@@@@@@@@@@@@@@
Debug: sparse nonlocal_op@@@@@@@@@@@@@@@@@@@@@@@@@@@@@@@@@@
Debug: sparse nonlocal_op@@@@@@@@@@@@@@@@@@@@@@@@@@@@@@@@@@
Debug: sparse nonlocal_op@@@@@@@@@@@@@@@@@@@@@@@@@@@@@@@@@@
Debug: sparse nonlocal_op@@@@@@@@@@@@@@@@@@@@@@@@@@@@@@@@@@
Debug: sparse nonlocal_op@@@@@@@@@@@@@@@@@@@@@@@@@@@@@@@@@@
Debug: sparse nonlocal_op@@@@@@@@@@@@@@@@@@@@@@@@@@@@@@@@@@
Debug: sparse nonlocal_op@@@@@@@@@@@@@@@@@@@@@@@@@@@@@@@@@@
Debug: sparse nonlocal_op@@@@@@@@@@@@@@@@@@@@@@@@@@@@@@@@@@
Debug: sparse nonlocal_op@@@@@@@@@@@@@@@@@@@@@@@@@@@@@@@@@@
Debug: sparse nonlocal_op@@@@@@@@@@@@@@@@@@@@@@@@@@@@@@@@@@
Debug: sparse nonlocal_op@@@@@@@@@@@@@@@@@@@@@@@@@@@@@@@@@@
Debug: sparse nonlocal_op@@@@@@@@@@@@@@@@@@@@@@@@@@@@@@@@@@
Debug: sparse nonlocal_op@@@@@@@@@@@@@@@@@@@@@@@@@@@@@@@@@@
Debug: sparse nonlocal_op@@@@@@@@@@@@@@@@@@@@@@@@@@@@@@@@@@
Debug: sparse nonlocal_op@@@@@@@@@@@@@@@@@@@@@@@@@@@@@@@@@@
Debug: sparse nonlocal_op@@@@@@@@@@@@@@@@@@@@@@@@@@@@@@@@@@
Debug: sparse nonlocal_op@@@@@@@@@@@@@@@@@@@@@@@@@@@@@@@@@@
Debug: sparse nonlocal_op@@@@@@@@@@@@@@@@@@@@@@@@@@@@@@@@@@
Debug: sparse nonlocal_op@@@@@@@@@@@@@@@@@@@@@@@@@@@@@@@@@@
Debug: sparse nonlocal_op@@@@@@@@@@@@@@@@@@@@@@@@@@@@@@@@@@
Debug: sparse nonlocal_op@@@@@@@@@@@@@@@@@@@@@@@@@@@@@@@@@@
Debug: sparse nonlocal_op@@@@@@@@@@@@@@@@@@@@@@@@@@@@@@@@@@
Debug: sparse nonlocal_op@@@@@@@@@@@@@@@@@@@@@@@@@@@@@@@@@@
Debug: sparse nonlocal_op@@@@@@@@@@@@@@@@@@@@@@@@@@@@@@@@@@
Debug: sparse nonlocal_op@@@@@@@@@@@@@@@@@@@@@@@@@@@@@@@@@@
Debug: sparse nonlocal_op@@@@@@@@@@@@@@@@@@@@@@@@@@@@@@@@@@
Debug: sparse nonlocal_op@@@@@@@@@@@@@@@@@@@@@@@@@@@@@@@@@@
Debug: sparse nonlocal_op@@@@@@@@@@@@@@@@@@@@@@@@@@@@@@@@@@
Debug: sparse nonlocal_op@@@@@@@@@@@@@@@@@@@@@@@@@@@@@@@@@@
Debug: sparse nonlocal_op@@@@@@@@@@@@@@@@@@@@@@@@@@@@@@@@@@
Debug: sparse nonlocal_op@@@@@@@@@@@@@@@@@@@@@@@@@@@@@@@@@@
Debug: sparse nonlocal_op@@@@@@@@@@@@@@@@@@@@@@@@@@@@@@@@@@
Debug: sparse nonlocal_op@@@@@@@@@@@@@@@@@@@@@@@@@@@@@@@@@@
Debug: sparse nonlocal_op@@@@@@@@@@@@@@@@@@@@@@@@@@@@@@@@@@
Debug: sparse nonlocal_op@@@@@@@@@@@@@@@@@@@@@@@@@@@@@@@@@@
Debug: sparse nonlocal_op@@@@@@@@@@@@@@@@@@@@@@@@@@@@@@@@@@
Debug: sparse nonlocal_op@@@@@@@@@@@@@@@@@@@@@@@@@@@@@@@@@@
Debug: sparse nonlocal_op@@@@@@@@@@@@@@@@@@@@@@@@@@@@@@@@@@
Debug: sparse nonlocal_op@@@@@@@@@@@@@@@@@@@@@@@@@@@@@@@@@@
Debug: sparse nonlocal_op@@@@@@@@@@@@@@@@@@@@@@@@@@@@@@@@@@
Debug: sparse nonlocal_op@@@@@@@@@@@@@@@@@@@@@@@@@@@@@@@@@@
Debug: sparse nonlocal_op@@@@@@@@@@@@@@@@@@@@@@@@@@@@@@@@@@
Debug: sparse nonlocal_op@@@@@@@@@@@@@@@@@@@@@@@@@@@@@@@@@@
Debug: sparse nonlocal_op@@@@@@@@@@@@@@@@@@@@@@@@@@@@@@@@@@
Debug: sparse nonlocal_op@@@@@@@@@@@@@@@@@@@@@@@@@@@@@@@@@@
Debug: sparse nonlocal_op@@@@@@@@@@@@@@@@@@@@@@@@@@@@@@@@@@
Debug: sparse nonlocal_op@@@@@@@@@@@@@@@@@@@@@@@@@@@@@@@@@@
Debug: sparse nonlocal_op@@@@@@@@@@@@@@@@@@@@@@@@@@@@@@@@@@
Debug: sparse nonlocal_op@@@@@@@@@@@@@@@@@@@@@@@@@@@@@@@@@@
Debug: sparse nonlocal_op@@@@@@@@@@@@@@@@@@@@@@@@@@@@@@@@@@
Elapsed time[calc_nonlocal_energy]: 0.08609342575073242 sec

============ Energy (Hartree) ============
|   Total Energy        : -31.208027089  |
------------------------------------------
| * Ion-ion Energy      : 0.0            |
| * Eigenvals sum for 0 : -1.9082885893  |
| * Hartree Energy      : 13.6031818513  |
| * XC Energy           : -9.4619542997  |
| * Kinetic Energy      : 12.6138478028  |
| * External Energy     : -55.4819214074 |
| * Non-local Energy    : 7.518818964    |
==========================================
Elapsed time[calc_and_print_energies]: 0.13346362113952637 sec
Total energy difference = -0.11493801751505117 Hartree
Elapsed time for 3 th cycle: 7.1065778732299805 sec

==================== [ END CYCLE 3 ] ====================
Elapsed time[_get_mixed_var]: 0.0005249977111816406 sec
Elapsed time[compute_potential]: 0.006995201110839844 sec
Elapsed time[compute]: 0.02028346061706543 sec

==================== [ SCF CYCLE 4 ] ====================
Debug: sparse nonlocal_op@@@@@@@@@@@@@@@@@@@@@@@@@@@@@@@@@@
Debug: sparse nonlocal_op@@@@@@@@@@@@@@@@@@@@@@@@@@@@@@@@@@
Debug: sparse nonlocal_op@@@@@@@@@@@@@@@@@@@@@@@@@@@@@@@@@@
Debug: sparse nonlocal_op@@@@@@@@@@@@@@@@@@@@@@@@@@@@@@@@@@
Elapsed time[diagonalize]: 6.966392517089844 sec

[ PRINT EIGENVALUES ]
( spin alpha )
* 1 th kpt (=[0. 0. 0.])
num        occ        value
1          2.0        -0.30031902776445796
2          2.0        -0.14948977853697773
3          2.0        -0.14888258940924406
4          2.0        -0.14757222601044903
5          2.0        -0.14704933073324636
6          2.0        -0.1463586955600793
7          2.0        -0.1457905990991602
8          2.0        0.033888830510023116
9          2.0        0.034188144805813725
10         2.0        0.034835106174261304
11         2.0        0.03513364312671381
12         2.0        0.03557288805853378
13         2.0        0.03608438464322111
14         2.0        0.1400506434657334
15         2.0        0.1402333497543913
16         2.0        0.14072002199634023
17         0.0        0.16184490623007936
18         0.0        0.16254159058032785
19         0.0        0.1626878364248487
20         0.0        0.16315535695980649


* 2 th kpt (=[0.5 0.  0. ])
num        occ        value
1          6.0        -0.26073638222824036
2          6.0        -0.2601448875531219
3          6.0        -0.14207471026771099
4          6.0        -0.1413961202479556
5          6.0        -0.1412561171593534
6          6.0        -0.14058629143966467
7          6.0        -0.0034209246224529556
8          6.0        -0.002825166820063114
9          6.0        -0.0025856848250743456
10         6.0        -0.0022425576707491225
11         6.0        0.01090756464117849
12         6.0        0.011161430470962842
13         6.0        0.0699722558587667
14         6.0        0.0701671333233171
15         6.0        0.07069433796305441
16         6.0        0.07074625942571973
17         0.0        0.17874907094990744
18         0.0        0.1790849252286195
19         0.0        0.2514585720848633
20         0.0        0.25203382670713487


* 3 th kpt (=[0.5 0.5 0. ])
num        occ        value
1          6.0        -0.2270019582423094
2          6.0        -0.22530158520004623
3          6.0        -0.22399106056666152
4          6.0        -0.22329716850388004
5          6.0        -0.06233313317843907
6          6.0        -0.061653966284014664
7          6.0        -0.061354973360772856
8          6.0        -0.06079929824466309
9          6.0        0.0005256640235059631
10         6.0        0.0008168917422581624
11         6.0        0.0013467305381644624
12         6.0        0.0015825081785508135
13         6.0        0.08932807728909013
14         6.0        0.09135559913600307
15         6.0        0.09184219979691306
16         6.0        0.09305402102003119
17         0.0        0.22535805541367682
18         0.0        0.2272268911185588
19         0.0        0.22777369355427654
20         0.0        0.2286635658161199


* 4 th kpt (=[0.5 0.5 0.5])
num        occ        value
1          2.0        -0.2164757872379607
2          2.0        -0.21398590216572005
3          2.0        -0.2137632325255626
4          2.0        -0.21233360257773679
5          2.0        -0.11761917677437274
6          2.0        -0.11732361801814659
7          2.0        -0.11664748858034275
8          2.0        -0.1164570901313148
9          2.0        0.09376010177217105
10         2.0        0.09497930546592494
11         2.0        0.09606875569127796
12         2.0        0.09618959370519883
13         2.0        0.09661435965039382
14         2.0        0.09682054598621338
15         2.0        0.0975234736794224
16         2.0        0.09815551323985422
17         0.0        0.19387184168088703
18         0.0        0.1948174758787831
19         0.0        0.194962755537306
20         0.0        0.19529570310119213


Integral of density (=32.0) is normalized to 32.0
Orbital energy difference = 0.4538502336674082
Density difference (relative) = 0.017539077257432763
Elapsed time[calc_external_energy]: 7.534027099609375e-05 sec
Debug: sparse nonlocal_op@@@@@@@@@@@@@@@@@@@@@@@@@@@@@@@@@@
Debug: sparse nonlocal_op@@@@@@@@@@@@@@@@@@@@@@@@@@@@@@@@@@
Debug: sparse nonlocal_op@@@@@@@@@@@@@@@@@@@@@@@@@@@@@@@@@@
Debug: sparse nonlocal_op@@@@@@@@@@@@@@@@@@@@@@@@@@@@@@@@@@
Debug: sparse nonlocal_op@@@@@@@@@@@@@@@@@@@@@@@@@@@@@@@@@@
Debug: sparse nonlocal_op@@@@@@@@@@@@@@@@@@@@@@@@@@@@@@@@@@
Debug: sparse nonlocal_op@@@@@@@@@@@@@@@@@@@@@@@@@@@@@@@@@@
Debug: sparse nonlocal_op@@@@@@@@@@@@@@@@@@@@@@@@@@@@@@@@@@
Debug: sparse nonlocal_op@@@@@@@@@@@@@@@@@@@@@@@@@@@@@@@@@@
Debug: sparse nonlocal_op@@@@@@@@@@@@@@@@@@@@@@@@@@@@@@@@@@
Debug: sparse nonlocal_op@@@@@@@@@@@@@@@@@@@@@@@@@@@@@@@@@@
Debug: sparse nonlocal_op@@@@@@@@@@@@@@@@@@@@@@@@@@@@@@@@@@
Debug: sparse nonlocal_op@@@@@@@@@@@@@@@@@@@@@@@@@@@@@@@@@@
Debug: sparse nonlocal_op@@@@@@@@@@@@@@@@@@@@@@@@@@@@@@@@@@
Debug: sparse nonlocal_op@@@@@@@@@@@@@@@@@@@@@@@@@@@@@@@@@@
Debug: sparse nonlocal_op@@@@@@@@@@@@@@@@@@@@@@@@@@@@@@@@@@
Debug: sparse nonlocal_op@@@@@@@@@@@@@@@@@@@@@@@@@@@@@@@@@@
Debug: sparse nonlocal_op@@@@@@@@@@@@@@@@@@@@@@@@@@@@@@@@@@
Debug: sparse nonlocal_op@@@@@@@@@@@@@@@@@@@@@@@@@@@@@@@@@@
Debug: sparse nonlocal_op@@@@@@@@@@@@@@@@@@@@@@@@@@@@@@@@@@
Debug: sparse nonlocal_op@@@@@@@@@@@@@@@@@@@@@@@@@@@@@@@@@@
Debug: sparse nonlocal_op@@@@@@@@@@@@@@@@@@@@@@@@@@@@@@@@@@
Debug: sparse nonlocal_op@@@@@@@@@@@@@@@@@@@@@@@@@@@@@@@@@@
Debug: sparse nonlocal_op@@@@@@@@@@@@@@@@@@@@@@@@@@@@@@@@@@
Debug: sparse nonlocal_op@@@@@@@@@@@@@@@@@@@@@@@@@@@@@@@@@@
Debug: sparse nonlocal_op@@@@@@@@@@@@@@@@@@@@@@@@@@@@@@@@@@
Debug: sparse nonlocal_op@@@@@@@@@@@@@@@@@@@@@@@@@@@@@@@@@@
Debug: sparse nonlocal_op@@@@@@@@@@@@@@@@@@@@@@@@@@@@@@@@@@
Debug: sparse nonlocal_op@@@@@@@@@@@@@@@@@@@@@@@@@@@@@@@@@@
Debug: sparse nonlocal_op@@@@@@@@@@@@@@@@@@@@@@@@@@@@@@@@@@
Debug: sparse nonlocal_op@@@@@@@@@@@@@@@@@@@@@@@@@@@@@@@@@@
Debug: sparse nonlocal_op@@@@@@@@@@@@@@@@@@@@@@@@@@@@@@@@@@
Debug: sparse nonlocal_op@@@@@@@@@@@@@@@@@@@@@@@@@@@@@@@@@@
Debug: sparse nonlocal_op@@@@@@@@@@@@@@@@@@@@@@@@@@@@@@@@@@
Debug: sparse nonlocal_op@@@@@@@@@@@@@@@@@@@@@@@@@@@@@@@@@@
Debug: sparse nonlocal_op@@@@@@@@@@@@@@@@@@@@@@@@@@@@@@@@@@
Debug: sparse nonlocal_op@@@@@@@@@@@@@@@@@@@@@@@@@@@@@@@@@@
Debug: sparse nonlocal_op@@@@@@@@@@@@@@@@@@@@@@@@@@@@@@@@@@
Debug: sparse nonlocal_op@@@@@@@@@@@@@@@@@@@@@@@@@@@@@@@@@@
Debug: sparse nonlocal_op@@@@@@@@@@@@@@@@@@@@@@@@@@@@@@@@@@
Debug: sparse nonlocal_op@@@@@@@@@@@@@@@@@@@@@@@@@@@@@@@@@@
Debug: sparse nonlocal_op@@@@@@@@@@@@@@@@@@@@@@@@@@@@@@@@@@
Debug: sparse nonlocal_op@@@@@@@@@@@@@@@@@@@@@@@@@@@@@@@@@@
Debug: sparse nonlocal_op@@@@@@@@@@@@@@@@@@@@@@@@@@@@@@@@@@
Debug: sparse nonlocal_op@@@@@@@@@@@@@@@@@@@@@@@@@@@@@@@@@@
Debug: sparse nonlocal_op@@@@@@@@@@@@@@@@@@@@@@@@@@@@@@@@@@
Debug: sparse nonlocal_op@@@@@@@@@@@@@@@@@@@@@@@@@@@@@@@@@@
Debug: sparse nonlocal_op@@@@@@@@@@@@@@@@@@@@@@@@@@@@@@@@@@
Debug: sparse nonlocal_op@@@@@@@@@@@@@@@@@@@@@@@@@@@@@@@@@@
Debug: sparse nonlocal_op@@@@@@@@@@@@@@@@@@@@@@@@@@@@@@@@@@
Debug: sparse nonlocal_op@@@@@@@@@@@@@@@@@@@@@@@@@@@@@@@@@@
Debug: sparse nonlocal_op@@@@@@@@@@@@@@@@@@@@@@@@@@@@@@@@@@
Debug: sparse nonlocal_op@@@@@@@@@@@@@@@@@@@@@@@@@@@@@@@@@@
Debug: sparse nonlocal_op@@@@@@@@@@@@@@@@@@@@@@@@@@@@@@@@@@
Debug: sparse nonlocal_op@@@@@@@@@@@@@@@@@@@@@@@@@@@@@@@@@@
Debug: sparse nonlocal_op@@@@@@@@@@@@@@@@@@@@@@@@@@@@@@@@@@
Debug: sparse nonlocal_op@@@@@@@@@@@@@@@@@@@@@@@@@@@@@@@@@@
Debug: sparse nonlocal_op@@@@@@@@@@@@@@@@@@@@@@@@@@@@@@@@@@
Debug: sparse nonlocal_op@@@@@@@@@@@@@@@@@@@@@@@@@@@@@@@@@@
Debug: sparse nonlocal_op@@@@@@@@@@@@@@@@@@@@@@@@@@@@@@@@@@
Debug: sparse nonlocal_op@@@@@@@@@@@@@@@@@@@@@@@@@@@@@@@@@@
Debug: sparse nonlocal_op@@@@@@@@@@@@@@@@@@@@@@@@@@@@@@@@@@
Debug: sparse nonlocal_op@@@@@@@@@@@@@@@@@@@@@@@@@@@@@@@@@@
Debug: sparse nonlocal_op@@@@@@@@@@@@@@@@@@@@@@@@@@@@@@@@@@
Elapsed time[calc_nonlocal_energy]: 0.08485031127929688 sec

============ Energy (Hartree) ============
|   Total Energy        : -31.625796635  |
------------------------------------------
| * Ion-ion Energy      : 0.0            |
| * Eigenvals sum for 0 : -1.4544383556  |
| * Hartree Energy      : 13.6693956336  |
| * XC Energy           : -9.6853983729  |
| * Kinetic Energy      : 12.4274100649  |
| * External Energy     : -55.3744547069 |
| * Non-local Energy    : 7.3372507463   |
==========================================
Elapsed time[calc_and_print_energies]: 0.1314220428466797 sec
Total energy difference = -0.41776954597917637 Hartree
Elapsed time for 4 th cycle: 7.109700441360474 sec

==================== [ END CYCLE 4 ] ====================
Elapsed time[_get_mixed_var]: 0.0004734992980957031 sec
Elapsed time[compute_potential]: 0.007034778594970703 sec
Elapsed time[compute]: 0.020129680633544922 sec

==================== [ SCF CYCLE 5 ] ====================
Debug: sparse nonlocal_op@@@@@@@@@@@@@@@@@@@@@@@@@@@@@@@@@@
Debug: sparse nonlocal_op@@@@@@@@@@@@@@@@@@@@@@@@@@@@@@@@@@
Debug: sparse nonlocal_op@@@@@@@@@@@@@@@@@@@@@@@@@@@@@@@@@@
Debug: sparse nonlocal_op@@@@@@@@@@@@@@@@@@@@@@@@@@@@@@@@@@
Elapsed time[diagonalize]: 6.971999883651733 sec

[ PRINT EIGENVALUES ]
( spin alpha )
* 1 th kpt (=[0. 0. 0.])
num        occ        value
1          2.0        -0.3016819997437356
2          2.0        -0.14937790929233202
3          2.0        -0.14933578217413074
4          2.0        -0.14921198999361357
5          2.0        -0.14901376514190634
6          2.0        -0.14898205072975115
7          2.0        -0.14871122781884208
8          2.0        0.03331909407588782
9          2.0        0.033422172088847214
10         2.0        0.03351922118373052
11         2.0        0.03362078527859923
12         2.0        0.03364631660302262
13         2.0        0.03378786837398797
14         2.0        0.1383519636349355
15         2.0        0.1384164840735177
16         2.0        0.13869709037045638
17         0.0        0.16162370581408605
18         0.0        0.16180126634701825
19         0.0        0.16187066454139012
20         0.0        0.1620433602825444


* 2 th kpt (=[0.5 0.  0. ])
num        occ        value
1          6.0        -0.26188846482677197
2          6.0        -0.2617993676885901
3          6.0        -0.14320272812460091
4          6.0        -0.14309024017833918
5          6.0        -0.1429251413727839
6          6.0        -0.1426956230382357
7          6.0        -0.0040350472641529035
8          6.0        -0.003822535288762792
9          6.0        -0.0037674110223034425
10         6.0        -0.0036811650367652485
11         6.0        0.00910150434160356
12         6.0        0.00916579724986759
13         6.0        0.06880328103107894
14         6.0        0.06882961706621067
15         6.0        0.06895894164719182
16         6.0        0.06899299000786638
17         0.0        0.17795855471488714
18         0.0        0.17802496600356602
19         0.0        0.25067871737527553
20         0.0        0.25077633881832145


* 3 th kpt (=[0.5 0.5 0. ])
num        occ        value
1          6.0        -0.2266107105538634
2          6.0        -0.22645474709845617
3          6.0        -0.2262760823239002
4          6.0        -0.226206959164496
5          6.0        -0.06340393014175465
6          6.0        -0.06314392955354972
7          6.0        -0.06310269308219792
8          6.0        -0.0628979110976702
9          6.0        -0.00024592581382006974
10         6.0        -0.0001758319547398125
11         6.0        -7.27331375388231e-05
12         6.0        -1.5983649776198944e-05
13         6.0        0.0895106331162454
14         6.0        0.0898125744874077
15         6.0        0.08988999622014952
16         6.0        0.0899561859465115
17         0.0        0.22597798751990486
18         0.0        0.22626226441311575
19         0.0        0.22630341371348903
20         0.0        0.2264357846808611


* 4 th kpt (=[0.5 0.5 0.5])
num        occ        value
1          2.0        -0.2159546707814979
2          2.0        -0.21570299818570127
3          2.0        -0.21561524023972026
4          2.0        -0.21552661767547218
5          2.0        -0.11844155342691692
6          2.0        -0.11842019186018309
7          2.0        -0.11819822701221164
8          2.0        -0.11811247149250939
9          2.0        0.09425724156656354
10         2.0        0.09443620553277542
11         2.0        0.09449279081710805
12         2.0        0.09463778869353008
13         2.0        0.09465134495004236
14         2.0        0.09471983174432265
15         2.0        0.09483936984205037
16         2.0        0.09485218075336976
17         0.0        0.19324618896289417
18         0.0        0.19333886441733608
19         0.0        0.193367257951918
20         0.0        0.19345495645063884


Integral of density (=32.00000000000001) is normalized to 32.00000000000001
Orbital energy difference = -0.047586611115082667
Density difference (relative) = 0.008449651850640163
Elapsed time[calc_external_energy]: 7.43865966796875e-05 sec
Debug: sparse nonlocal_op@@@@@@@@@@@@@@@@@@@@@@@@@@@@@@@@@@
Debug: sparse nonlocal_op@@@@@@@@@@@@@@@@@@@@@@@@@@@@@@@@@@
Debug: sparse nonlocal_op@@@@@@@@@@@@@@@@@@@@@@@@@@@@@@@@@@
Debug: sparse nonlocal_op@@@@@@@@@@@@@@@@@@@@@@@@@@@@@@@@@@
Debug: sparse nonlocal_op@@@@@@@@@@@@@@@@@@@@@@@@@@@@@@@@@@
Debug: sparse nonlocal_op@@@@@@@@@@@@@@@@@@@@@@@@@@@@@@@@@@
Debug: sparse nonlocal_op@@@@@@@@@@@@@@@@@@@@@@@@@@@@@@@@@@
Debug: sparse nonlocal_op@@@@@@@@@@@@@@@@@@@@@@@@@@@@@@@@@@
Debug: sparse nonlocal_op@@@@@@@@@@@@@@@@@@@@@@@@@@@@@@@@@@
Debug: sparse nonlocal_op@@@@@@@@@@@@@@@@@@@@@@@@@@@@@@@@@@
Debug: sparse nonlocal_op@@@@@@@@@@@@@@@@@@@@@@@@@@@@@@@@@@
Debug: sparse nonlocal_op@@@@@@@@@@@@@@@@@@@@@@@@@@@@@@@@@@
Debug: sparse nonlocal_op@@@@@@@@@@@@@@@@@@@@@@@@@@@@@@@@@@
Debug: sparse nonlocal_op@@@@@@@@@@@@@@@@@@@@@@@@@@@@@@@@@@
Debug: sparse nonlocal_op@@@@@@@@@@@@@@@@@@@@@@@@@@@@@@@@@@
Debug: sparse nonlocal_op@@@@@@@@@@@@@@@@@@@@@@@@@@@@@@@@@@
Debug: sparse nonlocal_op@@@@@@@@@@@@@@@@@@@@@@@@@@@@@@@@@@
Debug: sparse nonlocal_op@@@@@@@@@@@@@@@@@@@@@@@@@@@@@@@@@@
Debug: sparse nonlocal_op@@@@@@@@@@@@@@@@@@@@@@@@@@@@@@@@@@
Debug: sparse nonlocal_op@@@@@@@@@@@@@@@@@@@@@@@@@@@@@@@@@@
Debug: sparse nonlocal_op@@@@@@@@@@@@@@@@@@@@@@@@@@@@@@@@@@
Debug: sparse nonlocal_op@@@@@@@@@@@@@@@@@@@@@@@@@@@@@@@@@@
Debug: sparse nonlocal_op@@@@@@@@@@@@@@@@@@@@@@@@@@@@@@@@@@
Debug: sparse nonlocal_op@@@@@@@@@@@@@@@@@@@@@@@@@@@@@@@@@@
Debug: sparse nonlocal_op@@@@@@@@@@@@@@@@@@@@@@@@@@@@@@@@@@
Debug: sparse nonlocal_op@@@@@@@@@@@@@@@@@@@@@@@@@@@@@@@@@@
Debug: sparse nonlocal_op@@@@@@@@@@@@@@@@@@@@@@@@@@@@@@@@@@
Debug: sparse nonlocal_op@@@@@@@@@@@@@@@@@@@@@@@@@@@@@@@@@@
Debug: sparse nonlocal_op@@@@@@@@@@@@@@@@@@@@@@@@@@@@@@@@@@
Debug: sparse nonlocal_op@@@@@@@@@@@@@@@@@@@@@@@@@@@@@@@@@@
Debug: sparse nonlocal_op@@@@@@@@@@@@@@@@@@@@@@@@@@@@@@@@@@
Debug: sparse nonlocal_op@@@@@@@@@@@@@@@@@@@@@@@@@@@@@@@@@@
Debug: sparse nonlocal_op@@@@@@@@@@@@@@@@@@@@@@@@@@@@@@@@@@
Debug: sparse nonlocal_op@@@@@@@@@@@@@@@@@@@@@@@@@@@@@@@@@@
Debug: sparse nonlocal_op@@@@@@@@@@@@@@@@@@@@@@@@@@@@@@@@@@
Debug: sparse nonlocal_op@@@@@@@@@@@@@@@@@@@@@@@@@@@@@@@@@@
Debug: sparse nonlocal_op@@@@@@@@@@@@@@@@@@@@@@@@@@@@@@@@@@
Debug: sparse nonlocal_op@@@@@@@@@@@@@@@@@@@@@@@@@@@@@@@@@@
Debug: sparse nonlocal_op@@@@@@@@@@@@@@@@@@@@@@@@@@@@@@@@@@
Debug: sparse nonlocal_op@@@@@@@@@@@@@@@@@@@@@@@@@@@@@@@@@@
Debug: sparse nonlocal_op@@@@@@@@@@@@@@@@@@@@@@@@@@@@@@@@@@
Debug: sparse nonlocal_op@@@@@@@@@@@@@@@@@@@@@@@@@@@@@@@@@@
Debug: sparse nonlocal_op@@@@@@@@@@@@@@@@@@@@@@@@@@@@@@@@@@
Debug: sparse nonlocal_op@@@@@@@@@@@@@@@@@@@@@@@@@@@@@@@@@@
Debug: sparse nonlocal_op@@@@@@@@@@@@@@@@@@@@@@@@@@@@@@@@@@
Debug: sparse nonlocal_op@@@@@@@@@@@@@@@@@@@@@@@@@@@@@@@@@@
Debug: sparse nonlocal_op@@@@@@@@@@@@@@@@@@@@@@@@@@@@@@@@@@
Debug: sparse nonlocal_op@@@@@@@@@@@@@@@@@@@@@@@@@@@@@@@@@@
Debug: sparse nonlocal_op@@@@@@@@@@@@@@@@@@@@@@@@@@@@@@@@@@
Debug: sparse nonlocal_op@@@@@@@@@@@@@@@@@@@@@@@@@@@@@@@@@@
Debug: sparse nonlocal_op@@@@@@@@@@@@@@@@@@@@@@@@@@@@@@@@@@
Debug: sparse nonlocal_op@@@@@@@@@@@@@@@@@@@@@@@@@@@@@@@@@@
Debug: sparse nonlocal_op@@@@@@@@@@@@@@@@@@@@@@@@@@@@@@@@@@
Debug: sparse nonlocal_op@@@@@@@@@@@@@@@@@@@@@@@@@@@@@@@@@@
Debug: sparse nonlocal_op@@@@@@@@@@@@@@@@@@@@@@@@@@@@@@@@@@
Debug: sparse nonlocal_op@@@@@@@@@@@@@@@@@@@@@@@@@@@@@@@@@@
Debug: sparse nonlocal_op@@@@@@@@@@@@@@@@@@@@@@@@@@@@@@@@@@
Debug: sparse nonlocal_op@@@@@@@@@@@@@@@@@@@@@@@@@@@@@@@@@@
Debug: sparse nonlocal_op@@@@@@@@@@@@@@@@@@@@@@@@@@@@@@@@@@
Debug: sparse nonlocal_op@@@@@@@@@@@@@@@@@@@@@@@@@@@@@@@@@@
Debug: sparse nonlocal_op@@@@@@@@@@@@@@@@@@@@@@@@@@@@@@@@@@
Debug: sparse nonlocal_op@@@@@@@@@@@@@@@@@@@@@@@@@@@@@@@@@@
Debug: sparse nonlocal_op@@@@@@@@@@@@@@@@@@@@@@@@@@@@@@@@@@
Debug: sparse nonlocal_op@@@@@@@@@@@@@@@@@@@@@@@@@@@@@@@@@@
Elapsed time[calc_nonlocal_energy]: 0.08359575271606445 sec

============ Energy (Hartree) ============
|   Total Energy        : -31.5587911814 |
------------------------------------------
| * Ion-ion Energy      : 0.0            |
| * Eigenvals sum for 0 : -1.5020249667  |
| * Hartree Energy      : 13.6848641544  |
| * XC Energy           : -9.6623020288  |
| * Kinetic Energy      : 12.4473147317  |
| * External Energy     : -55.3871263991 |
| * Non-local Energy    : 7.3584583604   |
==========================================
Elapsed time[calc_and_print_energies]: 0.12966537475585938 sec
Total energy difference = 0.06700545357226773 Hartree
Elapsed time for 5 th cycle: 7.114364147186279 sec

==================== [ END CYCLE 5 ] ====================
Elapsed time[_get_mixed_var]: 0.0004763603210449219 sec
Elapsed time[compute_potential]: 0.007002592086791992 sec
Elapsed time[compute]: 0.02015233039855957 sec

==================== [ SCF CYCLE 6 ] ====================
Debug: sparse nonlocal_op@@@@@@@@@@@@@@@@@@@@@@@@@@@@@@@@@@
Debug: sparse nonlocal_op@@@@@@@@@@@@@@@@@@@@@@@@@@@@@@@@@@
Debug: sparse nonlocal_op@@@@@@@@@@@@@@@@@@@@@@@@@@@@@@@@@@
Debug: sparse nonlocal_op@@@@@@@@@@@@@@@@@@@@@@@@@@@@@@@@@@
Elapsed time[diagonalize]: 6.995502233505249 sec

[ PRINT EIGENVALUES ]
( spin alpha )
* 1 th kpt (=[0. 0. 0.])
num        occ        value
1          2.0        -0.3020008283099516
2          2.0        -0.149680630359362
3          2.0        -0.14964213005436633
4          2.0        -0.1495955866082706
5          2.0        -0.14944844828585105
6          2.0        -0.1493902340834471
7          2.0        -0.1493279938106828
8          2.0        0.033130574910122015
9          2.0        0.033149274757902504
10         2.0        0.033187111633348386
11         2.0        0.03321556222162246
12         2.0        0.033224238093522845
13         2.0        0.033240311007427546
14         2.0        0.13789655272447646
15         2.0        0.1379277008279828
16         2.0        0.13811908354698704
17         0.0        0.16178903654727153
18         0.0        0.16183101694993757
19         0.0        0.16187465810927792
20         0.0        0.16204533230698442


* 2 th kpt (=[0.5 0.  0. ])
num        occ        value
1          6.0        -0.2621866076889081
2          6.0        -0.2621821400301023
3          6.0        -0.14355605067418895
4          6.0        -0.14354738922825488
5          6.0        -0.14328172508082868
6          6.0        -0.14327904244770026
7          6.0        -0.004077688528089175
8          6.0        -0.00407153334539908
9          6.0        -0.004010821066334069
10         6.0        -0.003991933848240915
11         6.0        0.00863649534882863
12         6.0        0.008660616021448585
13         6.0        0.06847048921279215
14         6.0        0.06848115601249626
15         6.0        0.06853646070137713
16         6.0        0.06854449144098144
17         0.0        0.17792631474476509
18         0.0        0.17794287864914451
19         0.0        0.25065693610865464
20         0.0        0.2507025111179841


* 3 th kpt (=[0.5 0.5 0. ])
num        occ        value
1          6.0        -0.22682997274925307
2          6.0        -0.22678449388403066
3          6.0        -0.2267263801491504
4          6.0        -0.22669588049571013
5          6.0        -0.06360754383063948
6          6.0        -0.06355696152826859
7          6.0        -0.06354389445641706
8          6.0        -0.06351914657226324
9          6.0        -0.0003776382027571744
10         6.0        -0.0003603181888498782
11         6.0        -0.00035300709881536834
12         6.0        -0.00033031067651558487
13         6.0        0.08927838474042618
14         6.0        0.08936098092751209
15         6.0        0.08937748213484342
16         6.0        0.0894138884952532
17         0.0        0.22603458872872426
18         0.0        0.2261249528952913
19         0.0        0.22613925552012348
20         0.0        0.22615063779224331


* 4 th kpt (=[0.5 0.5 0.5])
num        occ        value
1          2.0        -0.21618843621330824
2          2.0        -0.2161088069989165
3          2.0        -0.21609877235154556
4          2.0        -0.21603967110427558
5          2.0        -0.1185763372463202
6          2.0        -0.11857273677544097
7          2.0        -0.11855142585746724
8          2.0        -0.11851473106541545
9          2.0        0.09403156638700282
10         2.0        0.09407140031311555
11         2.0        0.0941034229677741
12         2.0        0.09413888113057829
13         2.0        0.09417469438044995
14         2.0        0.09422615887714623
15         2.0        0.09424255242215203
16         2.0        0.09426734382775045
17         0.0        0.1930857210003839
18         0.0        0.19311685823445204
19         0.0        0.19312299048734122
20         0.0        0.1931427627773947


Integral of density (=32.000000000000064) is normalized to 31.999999999999993
Orbital energy difference = -0.01190514410423682
Density difference (relative) = 0.003247492134474673
Elapsed time[calc_external_energy]: 7.605552673339844e-05 sec
Debug: sparse nonlocal_op@@@@@@@@@@@@@@@@@@@@@@@@@@@@@@@@@@
Debug: sparse nonlocal_op@@@@@@@@@@@@@@@@@@@@@@@@@@@@@@@@@@
Debug: sparse nonlocal_op@@@@@@@@@@@@@@@@@@@@@@@@@@@@@@@@@@
Debug: sparse nonlocal_op@@@@@@@@@@@@@@@@@@@@@@@@@@@@@@@@@@
Debug: sparse nonlocal_op@@@@@@@@@@@@@@@@@@@@@@@@@@@@@@@@@@
Debug: sparse nonlocal_op@@@@@@@@@@@@@@@@@@@@@@@@@@@@@@@@@@
Debug: sparse nonlocal_op@@@@@@@@@@@@@@@@@@@@@@@@@@@@@@@@@@
Debug: sparse nonlocal_op@@@@@@@@@@@@@@@@@@@@@@@@@@@@@@@@@@
Debug: sparse nonlocal_op@@@@@@@@@@@@@@@@@@@@@@@@@@@@@@@@@@
Debug: sparse nonlocal_op@@@@@@@@@@@@@@@@@@@@@@@@@@@@@@@@@@
Debug: sparse nonlocal_op@@@@@@@@@@@@@@@@@@@@@@@@@@@@@@@@@@
Debug: sparse nonlocal_op@@@@@@@@@@@@@@@@@@@@@@@@@@@@@@@@@@
Debug: sparse nonlocal_op@@@@@@@@@@@@@@@@@@@@@@@@@@@@@@@@@@
Debug: sparse nonlocal_op@@@@@@@@@@@@@@@@@@@@@@@@@@@@@@@@@@
Debug: sparse nonlocal_op@@@@@@@@@@@@@@@@@@@@@@@@@@@@@@@@@@
Debug: sparse nonlocal_op@@@@@@@@@@@@@@@@@@@@@@@@@@@@@@@@@@
Debug: sparse nonlocal_op@@@@@@@@@@@@@@@@@@@@@@@@@@@@@@@@@@
Debug: sparse nonlocal_op@@@@@@@@@@@@@@@@@@@@@@@@@@@@@@@@@@
Debug: sparse nonlocal_op@@@@@@@@@@@@@@@@@@@@@@@@@@@@@@@@@@
Debug: sparse nonlocal_op@@@@@@@@@@@@@@@@@@@@@@@@@@@@@@@@@@
Debug: sparse nonlocal_op@@@@@@@@@@@@@@@@@@@@@@@@@@@@@@@@@@
Debug: sparse nonlocal_op@@@@@@@@@@@@@@@@@@@@@@@@@@@@@@@@@@
Debug: sparse nonlocal_op@@@@@@@@@@@@@@@@@@@@@@@@@@@@@@@@@@
Debug: sparse nonlocal_op@@@@@@@@@@@@@@@@@@@@@@@@@@@@@@@@@@
Debug: sparse nonlocal_op@@@@@@@@@@@@@@@@@@@@@@@@@@@@@@@@@@
Debug: sparse nonlocal_op@@@@@@@@@@@@@@@@@@@@@@@@@@@@@@@@@@
Debug: sparse nonlocal_op@@@@@@@@@@@@@@@@@@@@@@@@@@@@@@@@@@
Debug: sparse nonlocal_op@@@@@@@@@@@@@@@@@@@@@@@@@@@@@@@@@@
Debug: sparse nonlocal_op@@@@@@@@@@@@@@@@@@@@@@@@@@@@@@@@@@
Debug: sparse nonlocal_op@@@@@@@@@@@@@@@@@@@@@@@@@@@@@@@@@@
Debug: sparse nonlocal_op@@@@@@@@@@@@@@@@@@@@@@@@@@@@@@@@@@
Debug: sparse nonlocal_op@@@@@@@@@@@@@@@@@@@@@@@@@@@@@@@@@@
Debug: sparse nonlocal_op@@@@@@@@@@@@@@@@@@@@@@@@@@@@@@@@@@
Debug: sparse nonlocal_op@@@@@@@@@@@@@@@@@@@@@@@@@@@@@@@@@@
Debug: sparse nonlocal_op@@@@@@@@@@@@@@@@@@@@@@@@@@@@@@@@@@
Debug: sparse nonlocal_op@@@@@@@@@@@@@@@@@@@@@@@@@@@@@@@@@@
Debug: sparse nonlocal_op@@@@@@@@@@@@@@@@@@@@@@@@@@@@@@@@@@
Debug: sparse nonlocal_op@@@@@@@@@@@@@@@@@@@@@@@@@@@@@@@@@@
Debug: sparse nonlocal_op@@@@@@@@@@@@@@@@@@@@@@@@@@@@@@@@@@
Debug: sparse nonlocal_op@@@@@@@@@@@@@@@@@@@@@@@@@@@@@@@@@@
Debug: sparse nonlocal_op@@@@@@@@@@@@@@@@@@@@@@@@@@@@@@@@@@
Debug: sparse nonlocal_op@@@@@@@@@@@@@@@@@@@@@@@@@@@@@@@@@@
Debug: sparse nonlocal_op@@@@@@@@@@@@@@@@@@@@@@@@@@@@@@@@@@
Debug: sparse nonlocal_op@@@@@@@@@@@@@@@@@@@@@@@@@@@@@@@@@@
Debug: sparse nonlocal_op@@@@@@@@@@@@@@@@@@@@@@@@@@@@@@@@@@
Debug: sparse nonlocal_op@@@@@@@@@@@@@@@@@@@@@@@@@@@@@@@@@@
Debug: sparse nonlocal_op@@@@@@@@@@@@@@@@@@@@@@@@@@@@@@@@@@
Debug: sparse nonlocal_op@@@@@@@@@@@@@@@@@@@@@@@@@@@@@@@@@@
Debug: sparse nonlocal_op@@@@@@@@@@@@@@@@@@@@@@@@@@@@@@@@@@
Debug: sparse nonlocal_op@@@@@@@@@@@@@@@@@@@@@@@@@@@@@@@@@@
Debug: sparse nonlocal_op@@@@@@@@@@@@@@@@@@@@@@@@@@@@@@@@@@
Debug: sparse nonlocal_op@@@@@@@@@@@@@@@@@@@@@@@@@@@@@@@@@@
Debug: sparse nonlocal_op@@@@@@@@@@@@@@@@@@@@@@@@@@@@@@@@@@
Debug: sparse nonlocal_op@@@@@@@@@@@@@@@@@@@@@@@@@@@@@@@@@@
Debug: sparse nonlocal_op@@@@@@@@@@@@@@@@@@@@@@@@@@@@@@@@@@
Debug: sparse nonlocal_op@@@@@@@@@@@@@@@@@@@@@@@@@@@@@@@@@@
Debug: sparse nonlocal_op@@@@@@@@@@@@@@@@@@@@@@@@@@@@@@@@@@
Debug: sparse nonlocal_op@@@@@@@@@@@@@@@@@@@@@@@@@@@@@@@@@@
Debug: sparse nonlocal_op@@@@@@@@@@@@@@@@@@@@@@@@@@@@@@@@@@
Debug: sparse nonlocal_op@@@@@@@@@@@@@@@@@@@@@@@@@@@@@@@@@@
Debug: sparse nonlocal_op@@@@@@@@@@@@@@@@@@@@@@@@@@@@@@@@@@
Debug: sparse nonlocal_op@@@@@@@@@@@@@@@@@@@@@@@@@@@@@@@@@@
Debug: sparse nonlocal_op@@@@@@@@@@@@@@@@@@@@@@@@@@@@@@@@@@
Debug: sparse nonlocal_op@@@@@@@@@@@@@@@@@@@@@@@@@@@@@@@@@@
Elapsed time[calc_nonlocal_energy]: 0.0860280990600586 sec

============ Energy (Hartree) ============
|   Total Energy        : -31.5208838088 |
------------------------------------------
| * Ion-ion Energy      : 0.0            |
| * Eigenvals sum for 0 : -1.5139301108  |
| * Hartree Energy      : 13.7087452153  |
| * XC Energy           : -9.6594047203  |
| * Kinetic Energy      : 12.4553226891  |
| * External Energy     : -55.3922568626 |
| * Non-local Energy    : 7.3667098697   |
==========================================
Elapsed time[calc_and_print_energies]: 0.13439083099365234 sec
Total energy difference = 0.03790737263752675 Hartree
Elapsed time for 6 th cycle: 7.14340615272522 sec

==================== [ END CYCLE 6 ] ====================
Elapsed time[_get_mixed_var]: 0.0004949569702148438 sec
Elapsed time[compute_potential]: 0.00704503059387207 sec
Elapsed time[compute]: 0.020441532135009766 sec

==================== [ SCF CYCLE 7 ] ====================
Debug: sparse nonlocal_op@@@@@@@@@@@@@@@@@@@@@@@@@@@@@@@@@@
Debug: sparse nonlocal_op@@@@@@@@@@@@@@@@@@@@@@@@@@@@@@@@@@
Debug: sparse nonlocal_op@@@@@@@@@@@@@@@@@@@@@@@@@@@@@@@@@@
Debug: sparse nonlocal_op@@@@@@@@@@@@@@@@@@@@@@@@@@@@@@@@@@
Elapsed time[diagonalize]: 6.982700347900391 sec

[ PRINT EIGENVALUES ]
( spin alpha )
* 1 th kpt (=[0. 0. 0.])
num        occ        value
1          2.0        -0.3021747101237492
2          2.0        -0.14988576062707037
3          2.0        -0.1498762317767352
4          2.0        -0.14984582899743304
5          2.0        -0.14964565293160095
6          2.0        -0.14960541562748542
7          2.0        -0.14957363916725538
8          2.0        0.03293460619983347
9          2.0        0.03294460626648446
10         2.0        0.032988497044741896
11         2.0        0.03300060427288731
12         2.0        0.03303468132976307
13         2.0        0.03304642602568323
14         2.0        0.13761928523234834
15         2.0        0.1376476821232328
16         2.0        0.13783804646779524
17         0.0        0.16182666381794117
18         0.0        0.16185708546828986
19         0.0        0.1619192242684517
20         0.0        0.1620641082183161


* 2 th kpt (=[0.5 0.  0. ])
num        occ        value
1          6.0        -0.2623772833053422
2          6.0        -0.2623638194367972
3          6.0        -0.1438085761845629
4          6.0        -0.14378585755113127
5          6.0        -0.14354724221951484
6          6.0        -0.14348629568521643
7          6.0        -0.00421494388535046
8          6.0        -0.004153736485284289
9          6.0        -0.004133532898341932
10         6.0        -0.004105641806424061
11         6.0        0.008374689925397995
12         6.0        0.008388977928609372
13         6.0        0.06825433693903961
14         6.0        0.06827093494679079
15         6.0        0.0683168289347226
16         6.0        0.068333025840106
17         0.0        0.17790461762356438
18         0.0        0.17791811841077543
19         0.0        0.2506492519181399
20         0.0        0.2506912726797443


* 3 th kpt (=[0.5 0.5 0. ])
num        occ        value
1          6.0        -0.22699517804588187
2          6.0        -0.22697988950643505
3          6.0        -0.22694299726836767
4          6.0        -0.22693475934743543
5          6.0        -0.06383572655413632
6          6.0        -0.06380584807779582
7          6.0        -0.06377650279454222
8          6.0        -0.06373248478605009
9          6.0        -0.0005030258668129798
10         6.0        -0.00048232339235275824
11         6.0        -0.0004674840115386965
12         6.0        -0.00045850560814579387
13         6.0        0.08909075974870125
14         6.0        0.0891007753888302
15         6.0        0.08911794039838185
16         6.0        0.08915916540008655
17         0.0        0.22601878284733418
18         0.0        0.2260382100684913
19         0.0        0.2260472495276084
20         0.0        0.22607672684369917


* 4 th kpt (=[0.5 0.5 0.5])
num        occ        value
1          2.0        -0.2163615059935715
2          2.0        -0.2163395493579967
3          2.0        -0.2163295776238806
4          2.0        -0.21630507723615924
5          2.0        -0.11873519014490941
6          2.0        -0.11870327858102712
7          2.0        -0.11867629145533314
8          2.0        -0.11866351276155977
9          2.0        0.09382057477701246
10         2.0        0.09383279539155488
11         2.0        0.09384521457397259
12         2.0        0.09385263014686628
13         2.0        0.0939463511884853
14         2.0        0.0939663002413633
15         2.0        0.09398335241020636
16         2.0        0.09400051224329074
17         0.0        0.19297517867789968
18         0.0        0.19299472737863851
19         0.0        0.19300163147900556
20         0.0        0.19301209677076742


/home/jhwoo/programs/gospel/gospel/Eigensolver/Scipy.py:60: UserWarning: Exited at iteration 20 with accuracies 
[0.00013444+0.j 0.00013797+0.j 0.00013521+0.j 0.00011157+0.j
 0.00025811+0.j 0.00024441+0.j 0.00025191+0.j 0.00026542+0.j
 0.00108932+0.j 0.00084455+0.j 0.00168472+0.j 0.00127525+0.j
 0.00153405+0.j 0.00123662+0.j 0.00081387+0.j 0.00084074+0.j
 0.00694826+0.j 0.00985942+0.j 0.00841066+0.j 0.00854264+0.j]
not reaching the requested tolerance 1e-07.
  val, vec = lobpcg(
/home/jhwoo/programs/gospel/gospel/Eigensolver/Scipy.py:60: UserWarning: Exited at iteration 20 with accuracies 
[5.83261596e-06 3.43027049e-05 2.06325307e-05 5.50119171e-05
 3.84368472e-05 3.71282929e-05 3.28138171e-05 2.02618942e-04
 1.69679696e-04 1.46427867e-04 1.76824768e-04 1.05339808e-04
 1.61838863e-04 1.86186238e-03 6.78030043e-04 4.73233681e-03
 1.80458549e-03 2.16182147e-03 1.03126669e-03 1.00935977e-03]
not reaching the requested tolerance 1e-07.
  val, vec = lobpcg(
/home/jhwoo/programs/gospel/gospel/Eigensolver/Scipy.py:60: UserWarning: Exited at iteration 20 with accuracies 
[9.99059606e-06+0.j 1.14358843e-05+0.j 2.30056548e-05+0.j
 2.56902956e-05+0.j 2.36733063e-05+0.j 2.30896631e-05+0.j
 6.29772543e-05+0.j 8.57215681e-05+0.j 9.40801552e-05+0.j
 1.03481723e-04+0.j 9.70218742e-05+0.j 9.07672607e-05+0.j
 1.21398517e-04+0.j 1.61938544e-04+0.j 1.48024875e-04+0.j
 1.26748676e-04+0.j 1.66933374e-04+0.j 2.43849625e-04+0.j
 4.41336947e-03+0.j 7.94986451e-03+0.j]
not reaching the requested tolerance 1e-07.
  val, vec = lobpcg(
/home/jhwoo/programs/gospel/gospel/Eigensolver/Scipy.py:60: UserWarning: Exited at iteration 20 with accuracies 
[1.33632548e-05+0.j 1.28356012e-05+0.j 1.48111701e-05+0.j
 1.48467455e-05+0.j 4.55071873e-05+0.j 4.32887306e-05+0.j
 4.65962600e-05+0.j 5.06653742e-05+0.j 6.94516240e-05+0.j
 7.00212997e-05+0.j 7.21399233e-05+0.j 7.46065652e-05+0.j
 1.40674074e-04+0.j 2.16928833e-04+0.j 1.35926096e-04+0.j
 2.04295707e-04+0.j 1.58599598e-03+0.j 9.48268702e-04+0.j
 1.15094783e-03+0.j 8.05114794e-04+0.j]
not reaching the requested tolerance 1e-07.
  val, vec = lobpcg(
/home/jhwoo/programs/gospel/gospel/Eigensolver/Scipy.py:60: UserWarning: Exited at iteration 20 with accuracies 
[1.34724658e-05+0.j 2.87963706e-05+0.j 1.81393849e-05+0.j
 2.13488696e-05+0.j 3.40203554e-05+0.j 3.26908279e-05+0.j
 3.42675980e-05+0.j 4.33979381e-05+0.j 2.71256518e-04+0.j
 2.58634458e-04+0.j 2.27202960e-04+0.j 1.26148156e-04+0.j
 2.44778856e-04+0.j 2.89082928e-04+0.j 1.82268468e-04+0.j
 3.07085076e-04+0.j 1.79112005e-03+0.j 1.54251060e-03+0.j
 2.67718991e-03+0.j 1.71804981e-03+0.j]
not reaching the requested tolerance 1e-07.
  val, vec = lobpcg(
/home/jhwoo/programs/gospel/gospel/Eigensolver/Scipy.py:60: UserWarning: Exited at iteration 20 with accuracies 
[5.51206277e-06 2.21157731e-05 2.30021902e-05 1.53122714e-05
 1.61487471e-05 1.63174230e-05 1.16517659e-05 1.04698567e-04
 3.39134870e-05 4.38892644e-05 7.76436820e-05 3.12115505e-05
 6.88890570e-05 4.71479262e-04 8.54119881e-04 1.10947299e-03
 1.43746505e-03 3.60820848e-04 1.64862471e-03 2.42712564e-04]
not reaching the requested tolerance 1e-07.
  val, vec = lobpcg(
/home/jhwoo/programs/gospel/gospel/Eigensolver/Scipy.py:60: UserWarning: Exited at iteration 20 with accuracies 
[5.31412594e-06+0.j 4.99930225e-06+0.j 1.20096123e-05+0.j
 1.08890375e-05+0.j 1.02698693e-05+0.j 1.07538775e-05+0.j
 3.52941468e-05+0.j 4.30376987e-05+0.j 4.86464695e-05+0.j
 3.91895349e-05+0.j 3.12052986e-05+0.j 2.85317156e-05+0.j
 4.50176738e-05+0.j 3.74208590e-05+0.j 4.92818027e-05+0.j
 4.11848784e-05+0.j 1.29649983e-04+0.j 1.14993133e-04+0.j
 1.28354317e-03+0.j 2.19948669e-03+0.j]
not reaching the requested tolerance 1e-07.
  val, vec = lobpcg(
/home/jhwoo/programs/gospel/gospel/Eigensolver/Scipy.py:60: UserWarning: Exited at iteration 20 with accuracies 
[6.11446798e-06+0.j 7.13022775e-06+0.j 6.97191498e-06+0.j
 7.84798291e-06+0.j 2.11113477e-05+0.j 2.43065695e-05+0.j
 1.91231428e-05+0.j 2.03842137e-05+0.j 3.55002030e-05+0.j
 2.79034646e-05+0.j 2.56903235e-05+0.j 3.11208380e-05+0.j
 4.08526084e-05+0.j 6.21617305e-05+0.j 4.67498751e-05+0.j
 5.49860797e-05+0.j 2.90812276e-04+0.j 3.65991405e-04+0.j
 2.78517207e-04+0.j 3.04239707e-04+0.j]
not reaching the requested tolerance 1e-07.
  val, vec = lobpcg(
/home/jhwoo/programs/gospel/gospel/Eigensolver/Scipy.py:60: UserWarning: Exited at iteration 20 with accuracies 
[8.34236562e-06+0.j 1.03775149e-05+0.j 8.33992532e-06+0.j
 1.01937606e-05+0.j 2.03568273e-05+0.j 1.42041846e-05+0.j
 2.11664512e-05+0.j 2.42468059e-05+0.j 4.71667201e-05+0.j
 1.01315709e-04+0.j 8.86638020e-05+0.j 8.78479105e-05+0.j
 7.51478998e-05+0.j 7.84849104e-05+0.j 1.16237653e-04+0.j
 7.79251671e-05+0.j 5.19725638e-04+0.j 5.94242557e-04+0.j
 6.25433214e-04+0.j 5.40095449e-04+0.j]
not reaching the requested tolerance 1e-07.
  val, vec = lobpcg(
/home/jhwoo/programs/gospel/gospel/Eigensolver/Scipy.py:60: UserWarning: Exited at iteration 20 with accuracies 
[2.96833456e-06 4.91776233e-06 1.02300755e-05 9.65248276e-06
 6.18789381e-06 6.34467992e-06 6.22005889e-06 1.89763432e-05
 1.00086300e-05 1.74352005e-05 1.50853469e-05 2.94912618e-05
 1.06984263e-05 1.09114660e-04 4.21088818e-04 3.47737298e-04
 1.63093900e-03 1.15745415e-03 1.35146536e-03 3.94120771e-04]
not reaching the requested tolerance 1e-07.
  val, vec = lobpcg(
/home/jhwoo/programs/gospel/gospel/Eigensolver/Scipy.py:60: UserWarning: Exited at iteration 20 with accuracies 
[1.72779351e-06+0.j 1.88477207e-06+0.j 5.96943530e-06+0.j
 5.38940706e-06+0.j 5.23980365e-06+0.j 5.14387785e-06+0.j
 2.56820533e-05+0.j 2.23375783e-05+0.j 2.61106915e-05+0.j
 2.32395160e-05+0.j 8.28569182e-06+0.j 8.63194274e-06+0.j
 1.93322355e-05+0.j 1.81706604e-05+0.j 1.88761367e-05+0.j
 1.99540643e-05+0.j 2.64263574e-05+0.j 2.41551633e-05+0.j
 5.04632408e-04+0.j 5.98389960e-04+0.j]
not reaching the requested tolerance 1e-07.
  val, vec = lobpcg(
/home/jhwoo/programs/gospel/gospel/Eigensolver/Scipy.py:60: UserWarning: Exited at iteration 20 with accuracies 
[3.24154264e-06+0.j 4.00001597e-06+0.j 2.89563593e-06+0.j
 4.14238745e-06+0.j 6.45933445e-06+0.j 6.69280206e-06+0.j
 6.95197743e-06+0.j 6.90603546e-06+0.j 1.70736256e-05+0.j
 1.55527591e-05+0.j 1.43032234e-05+0.j 1.74927157e-05+0.j
 2.30419736e-05+0.j 1.78547615e-05+0.j 2.04818406e-05+0.j
 1.67128439e-05+0.j 9.36340157e-05+0.j 8.80310520e-05+0.j
 8.83600423e-05+0.j 9.43606768e-05+0.j]
not reaching the requested tolerance 1e-07.
  val, vec = lobpcg(
/home/jhwoo/programs/gospel/gospel/Eigensolver/Scipy.py:60: UserWarning: Exited at iteration 20 with accuracies 
[4.97418792e-06+0.j 3.75389578e-06+0.j 5.04397658e-06+0.j
 4.20016240e-06+0.j 7.95691735e-06+0.j 7.92374773e-06+0.j
 4.75787278e-06+0.j 3.14668646e-06+0.j 3.37691031e-05+0.j
 2.01657133e-05+0.j 2.22415351e-05+0.j 2.66762549e-05+0.j
 3.10875389e-05+0.j 3.71616586e-05+0.j 3.36207870e-05+0.j
 1.71306332e-05+0.j 1.32360782e-04+0.j 2.03353027e-04+0.j
 7.29703533e-05+0.j 1.19145429e-04+0.j]
not reaching the requested tolerance 1e-07.
  val, vec = lobpcg(
/home/jhwoo/programs/gospel/gospel/Eigensolver/Scipy.py:60: UserWarning: Exited at iteration 20 with accuracies 
[7.55244715e-07 2.83031889e-06 1.94088895e-06 1.63887138e-06
 2.48168506e-06 1.74618337e-06 1.33162013e-06 9.98749849e-06
 7.64697715e-06 1.10645277e-05 1.28956455e-05 8.09884494e-06
 2.42698740e-06 3.32046750e-05 6.57413615e-05 1.00647984e-04
 1.65452622e-03 1.98212995e-03 2.63123774e-03 5.24232206e-04]
not reaching the requested tolerance 1e-07.
  val, vec = lobpcg(
/home/jhwoo/programs/gospel/gospel/Eigensolver/Scipy.py:60: UserWarning: Exited at iteration 20 with accuracies 
[6.39054099e-07+0.j 7.10269238e-07+0.j 1.24165176e-06+0.j
 1.10395028e-06+0.j 9.45437187e-07+0.j 1.22595437e-06+0.j
 3.86170238e-06+0.j 5.18331770e-06+0.j 4.77102937e-06+0.j
 3.84956894e-06+0.j 3.16973549e-06+0.j 3.12593579e-06+0.j
 6.17970424e-06+0.j 6.27374292e-06+0.j 5.73131020e-06+0.j
 5.49811269e-06+0.j 1.41082907e-05+0.j 1.35634247e-05+0.j
 1.59341452e-04+0.j 2.26036946e-04+0.j]
not reaching the requested tolerance 1e-07.
  val, vec = lobpcg(
Integral of density (=32.000000000000014) is normalized to 32.0
Orbital energy difference = -0.006537817742773511
Density difference (relative) = 0.000698984418299564
Elapsed time[calc_external_energy]: 4.4345855712890625e-05 sec
Debug: sparse nonlocal_op@@@@@@@@@@@@@@@@@@@@@@@@@@@@@@@@@@
Debug: sparse nonlocal_op@@@@@@@@@@@@@@@@@@@@@@@@@@@@@@@@@@
Debug: sparse nonlocal_op@@@@@@@@@@@@@@@@@@@@@@@@@@@@@@@@@@
Debug: sparse nonlocal_op@@@@@@@@@@@@@@@@@@@@@@@@@@@@@@@@@@
Debug: sparse nonlocal_op@@@@@@@@@@@@@@@@@@@@@@@@@@@@@@@@@@
Debug: sparse nonlocal_op@@@@@@@@@@@@@@@@@@@@@@@@@@@@@@@@@@
Debug: sparse nonlocal_op@@@@@@@@@@@@@@@@@@@@@@@@@@@@@@@@@@
Debug: sparse nonlocal_op@@@@@@@@@@@@@@@@@@@@@@@@@@@@@@@@@@
Debug: sparse nonlocal_op@@@@@@@@@@@@@@@@@@@@@@@@@@@@@@@@@@
Debug: sparse nonlocal_op@@@@@@@@@@@@@@@@@@@@@@@@@@@@@@@@@@
Debug: sparse nonlocal_op@@@@@@@@@@@@@@@@@@@@@@@@@@@@@@@@@@
Debug: sparse nonlocal_op@@@@@@@@@@@@@@@@@@@@@@@@@@@@@@@@@@
Debug: sparse nonlocal_op@@@@@@@@@@@@@@@@@@@@@@@@@@@@@@@@@@
Debug: sparse nonlocal_op@@@@@@@@@@@@@@@@@@@@@@@@@@@@@@@@@@
Debug: sparse nonlocal_op@@@@@@@@@@@@@@@@@@@@@@@@@@@@@@@@@@
Debug: sparse nonlocal_op@@@@@@@@@@@@@@@@@@@@@@@@@@@@@@@@@@
Debug: sparse nonlocal_op@@@@@@@@@@@@@@@@@@@@@@@@@@@@@@@@@@
Debug: sparse nonlocal_op@@@@@@@@@@@@@@@@@@@@@@@@@@@@@@@@@@
Debug: sparse nonlocal_op@@@@@@@@@@@@@@@@@@@@@@@@@@@@@@@@@@
Debug: sparse nonlocal_op@@@@@@@@@@@@@@@@@@@@@@@@@@@@@@@@@@
Debug: sparse nonlocal_op@@@@@@@@@@@@@@@@@@@@@@@@@@@@@@@@@@
Debug: sparse nonlocal_op@@@@@@@@@@@@@@@@@@@@@@@@@@@@@@@@@@
Debug: sparse nonlocal_op@@@@@@@@@@@@@@@@@@@@@@@@@@@@@@@@@@
Debug: sparse nonlocal_op@@@@@@@@@@@@@@@@@@@@@@@@@@@@@@@@@@
Debug: sparse nonlocal_op@@@@@@@@@@@@@@@@@@@@@@@@@@@@@@@@@@
Debug: sparse nonlocal_op@@@@@@@@@@@@@@@@@@@@@@@@@@@@@@@@@@
Debug: sparse nonlocal_op@@@@@@@@@@@@@@@@@@@@@@@@@@@@@@@@@@
Debug: sparse nonlocal_op@@@@@@@@@@@@@@@@@@@@@@@@@@@@@@@@@@
Debug: sparse nonlocal_op@@@@@@@@@@@@@@@@@@@@@@@@@@@@@@@@@@
Debug: sparse nonlocal_op@@@@@@@@@@@@@@@@@@@@@@@@@@@@@@@@@@
Debug: sparse nonlocal_op@@@@@@@@@@@@@@@@@@@@@@@@@@@@@@@@@@
Debug: sparse nonlocal_op@@@@@@@@@@@@@@@@@@@@@@@@@@@@@@@@@@
Debug: sparse nonlocal_op@@@@@@@@@@@@@@@@@@@@@@@@@@@@@@@@@@
Debug: sparse nonlocal_op@@@@@@@@@@@@@@@@@@@@@@@@@@@@@@@@@@
Debug: sparse nonlocal_op@@@@@@@@@@@@@@@@@@@@@@@@@@@@@@@@@@
Debug: sparse nonlocal_op@@@@@@@@@@@@@@@@@@@@@@@@@@@@@@@@@@
Debug: sparse nonlocal_op@@@@@@@@@@@@@@@@@@@@@@@@@@@@@@@@@@
Debug: sparse nonlocal_op@@@@@@@@@@@@@@@@@@@@@@@@@@@@@@@@@@
Debug: sparse nonlocal_op@@@@@@@@@@@@@@@@@@@@@@@@@@@@@@@@@@
Debug: sparse nonlocal_op@@@@@@@@@@@@@@@@@@@@@@@@@@@@@@@@@@
Debug: sparse nonlocal_op@@@@@@@@@@@@@@@@@@@@@@@@@@@@@@@@@@
Debug: sparse nonlocal_op@@@@@@@@@@@@@@@@@@@@@@@@@@@@@@@@@@
Debug: sparse nonlocal_op@@@@@@@@@@@@@@@@@@@@@@@@@@@@@@@@@@
Debug: sparse nonlocal_op@@@@@@@@@@@@@@@@@@@@@@@@@@@@@@@@@@
Debug: sparse nonlocal_op@@@@@@@@@@@@@@@@@@@@@@@@@@@@@@@@@@
Debug: sparse nonlocal_op@@@@@@@@@@@@@@@@@@@@@@@@@@@@@@@@@@
Debug: sparse nonlocal_op@@@@@@@@@@@@@@@@@@@@@@@@@@@@@@@@@@
Debug: sparse nonlocal_op@@@@@@@@@@@@@@@@@@@@@@@@@@@@@@@@@@
Debug: sparse nonlocal_op@@@@@@@@@@@@@@@@@@@@@@@@@@@@@@@@@@
Debug: sparse nonlocal_op@@@@@@@@@@@@@@@@@@@@@@@@@@@@@@@@@@
Debug: sparse nonlocal_op@@@@@@@@@@@@@@@@@@@@@@@@@@@@@@@@@@
Debug: sparse nonlocal_op@@@@@@@@@@@@@@@@@@@@@@@@@@@@@@@@@@
Debug: sparse nonlocal_op@@@@@@@@@@@@@@@@@@@@@@@@@@@@@@@@@@
Debug: sparse nonlocal_op@@@@@@@@@@@@@@@@@@@@@@@@@@@@@@@@@@
Debug: sparse nonlocal_op@@@@@@@@@@@@@@@@@@@@@@@@@@@@@@@@@@
Debug: sparse nonlocal_op@@@@@@@@@@@@@@@@@@@@@@@@@@@@@@@@@@
Debug: sparse nonlocal_op@@@@@@@@@@@@@@@@@@@@@@@@@@@@@@@@@@
Debug: sparse nonlocal_op@@@@@@@@@@@@@@@@@@@@@@@@@@@@@@@@@@
Debug: sparse nonlocal_op@@@@@@@@@@@@@@@@@@@@@@@@@@@@@@@@@@
Debug: sparse nonlocal_op@@@@@@@@@@@@@@@@@@@@@@@@@@@@@@@@@@
Debug: sparse nonlocal_op@@@@@@@@@@@@@@@@@@@@@@@@@@@@@@@@@@
Debug: sparse nonlocal_op@@@@@@@@@@@@@@@@@@@@@@@@@@@@@@@@@@
Debug: sparse nonlocal_op@@@@@@@@@@@@@@@@@@@@@@@@@@@@@@@@@@
Debug: sparse nonlocal_op@@@@@@@@@@@@@@@@@@@@@@@@@@@@@@@@@@
Elapsed time[calc_nonlocal_energy]: 0.08343315124511719 sec

============ Energy (Hartree) ============
|   Total Energy        : -31.5002925018 |
------------------------------------------
| * Ion-ion Energy      : 0.0            |
| * Eigenvals sum for 0 : -1.5204679286  |
| * Hartree Energy      : 13.7215273398  |
| * XC Energy           : -9.6578332384  |
| * Kinetic Energy      : 12.4598426663  |
| * External Energy     : -55.3950999954 |
| * Non-local Energy    : 7.371270726    |
==========================================
Elapsed time[calc_and_print_energies]: 0.12900519371032715 sec
Total energy difference = 0.020591307047812535 Hartree
Elapsed time for 7 th cycle: 7.123380899429321 sec

==================== [ END CYCLE 7 ] ====================
Elapsed time[_get_mixed_var]: 0.00034737586975097656 sec
Elapsed time[compute_potential]: 0.00704503059387207 sec
Elapsed time[compute]: 0.019868135452270508 sec

==================== [ SCF CYCLE 8 ] ====================
Debug: sparse nonlocal_op@@@@@@@@@@@@@@@@@@@@@@@@@@@@@@@@@@
Debug: sparse nonlocal_op@@@@@@@@@@@@@@@@@@@@@@@@@@@@@@@@@@
Debug: sparse nonlocal_op@@@@@@@@@@@@@@@@@@@@@@@@@@@@@@@@@@
Debug: sparse nonlocal_op@@@@@@@@@@@@@@@@@@@@@@@@@@@@@@@@@@
Elapsed time[diagonalize]: 7.011053085327148 sec

[ PRINT EIGENVALUES ]
( spin alpha )
* 1 th kpt (=[0. 0. 0.])
num        occ        value
1          2.0        -0.30220150509307586
2          2.0        -0.1499015605571934
3          2.0        -0.14989960787925946
4          2.0        -0.1498862108979455
5          2.0        -0.14966304559351953
6          2.0        -0.14965000673804402
7          2.0        -0.14964234887653405
8          2.0        0.03291566416116933
9          2.0        0.032918971925585835
10         2.0        0.03296187326494953
11         2.0        0.03296436733282472
12         2.0        0.03299454336612745
13         2.0        0.03299990131181544
14         2.0        0.1375769662961794
15         2.0        0.13760400002972348
16         2.0        0.13779255617884742
17         0.0        0.16184030226295681
18         0.0        0.16185536220256264
19         0.0        0.16191795919195903
20         0.0        0.1620766081679246


* 2 th kpt (=[0.5 0.  0. ])
num        occ        value
1          6.0        -0.2624005232356586
2          6.0        -0.2623982018304614
3          6.0        -0.14383166619340942
4          6.0        -0.14382588363164517
5          6.0        -0.14356394123520766
6          6.0        -0.14355751407041398
7          6.0        -0.004205560039085957
8          6.0        -0.004195318094440097
9          6.0        -0.004140859830020849
10         6.0        -0.004136039551604168
11         6.0        0.008333916627786547
12         6.0        0.008347134079821487
13         6.0        0.06822744516040041
14         6.0        0.06823046436504583
15         6.0        0.06828743937712022
16         6.0        0.06829096082057379
17         0.0        0.17790539319385515
18         0.0        0.1779161641257949
19         0.0        0.2506506686398863
20         0.0        0.25069264739711894


* 3 th kpt (=[0.5 0.5 0. ])
num        occ        value
1          6.0        -0.22700066607908728
2          6.0        -0.22699878966559436
3          6.0        -0.22699336382332533
4          6.0        -0.2269870437289316
5          6.0        -0.06383139611159624
6          6.0        -0.06382751465103763
7          6.0        -0.06381924193615739
8          6.0        -0.06381630738840963
9          6.0        -0.0005019303810380925
10         6.0        -0.0004963158801890425
11         6.0        -0.0004952427516847944
12         6.0        -0.0004925169577531226
13         6.0        0.08906394626046801
14         6.0        0.08907329653952527
15         6.0        0.08907657105866981
16         6.0        0.08910008094355525
17         0.0        0.22602924558623216
18         0.0        0.22603163609686364
19         0.0        0.22603291643595153
20         0.0        0.22605234371136607


* 4 th kpt (=[0.5 0.5 0.5])
num        occ        value
1          2.0        -0.2163749387776537
2          2.0        -0.21637442154507136
3          2.0        -0.2163683426563374
4          2.0        -0.21635894410476747
5          2.0        -0.11872593830649476
6          2.0        -0.11871769280769938
7          2.0        -0.11871042295988686
8          2.0        -0.11870936025726894
9          2.0        0.09379630212718877
10         2.0        0.09379688938081565
11         2.0        0.09380300099564383
12         2.0        0.09381055441207041
13         2.0        0.09392460080144903
14         2.0        0.09392545190321541
15         2.0        0.09393118199279146
16         2.0        0.09393942980245519
17         0.0        0.19297636577737162
18         0.0        0.19297954502766587
19         0.0        0.19298143972778006
20         0.0        0.19298459798167533


Integral of density (=32.000000000000036) is normalized to 32.0
Orbital energy difference = -0.0010275307496570019
Density difference (relative) = 0.0002694674047309612
Elapsed time[calc_external_energy]: 4.315376281738281e-05 sec
Debug: sparse nonlocal_op@@@@@@@@@@@@@@@@@@@@@@@@@@@@@@@@@@
Debug: sparse nonlocal_op@@@@@@@@@@@@@@@@@@@@@@@@@@@@@@@@@@
Debug: sparse nonlocal_op@@@@@@@@@@@@@@@@@@@@@@@@@@@@@@@@@@
Debug: sparse nonlocal_op@@@@@@@@@@@@@@@@@@@@@@@@@@@@@@@@@@
Debug: sparse nonlocal_op@@@@@@@@@@@@@@@@@@@@@@@@@@@@@@@@@@
Debug: sparse nonlocal_op@@@@@@@@@@@@@@@@@@@@@@@@@@@@@@@@@@
Debug: sparse nonlocal_op@@@@@@@@@@@@@@@@@@@@@@@@@@@@@@@@@@
Debug: sparse nonlocal_op@@@@@@@@@@@@@@@@@@@@@@@@@@@@@@@@@@
Debug: sparse nonlocal_op@@@@@@@@@@@@@@@@@@@@@@@@@@@@@@@@@@
Debug: sparse nonlocal_op@@@@@@@@@@@@@@@@@@@@@@@@@@@@@@@@@@
Debug: sparse nonlocal_op@@@@@@@@@@@@@@@@@@@@@@@@@@@@@@@@@@
Debug: sparse nonlocal_op@@@@@@@@@@@@@@@@@@@@@@@@@@@@@@@@@@
Debug: sparse nonlocal_op@@@@@@@@@@@@@@@@@@@@@@@@@@@@@@@@@@
Debug: sparse nonlocal_op@@@@@@@@@@@@@@@@@@@@@@@@@@@@@@@@@@
Debug: sparse nonlocal_op@@@@@@@@@@@@@@@@@@@@@@@@@@@@@@@@@@
Debug: sparse nonlocal_op@@@@@@@@@@@@@@@@@@@@@@@@@@@@@@@@@@
Debug: sparse nonlocal_op@@@@@@@@@@@@@@@@@@@@@@@@@@@@@@@@@@
Debug: sparse nonlocal_op@@@@@@@@@@@@@@@@@@@@@@@@@@@@@@@@@@
Debug: sparse nonlocal_op@@@@@@@@@@@@@@@@@@@@@@@@@@@@@@@@@@
Debug: sparse nonlocal_op@@@@@@@@@@@@@@@@@@@@@@@@@@@@@@@@@@
Debug: sparse nonlocal_op@@@@@@@@@@@@@@@@@@@@@@@@@@@@@@@@@@
Debug: sparse nonlocal_op@@@@@@@@@@@@@@@@@@@@@@@@@@@@@@@@@@
Debug: sparse nonlocal_op@@@@@@@@@@@@@@@@@@@@@@@@@@@@@@@@@@
Debug: sparse nonlocal_op@@@@@@@@@@@@@@@@@@@@@@@@@@@@@@@@@@
Debug: sparse nonlocal_op@@@@@@@@@@@@@@@@@@@@@@@@@@@@@@@@@@
Debug: sparse nonlocal_op@@@@@@@@@@@@@@@@@@@@@@@@@@@@@@@@@@
Debug: sparse nonlocal_op@@@@@@@@@@@@@@@@@@@@@@@@@@@@@@@@@@
Debug: sparse nonlocal_op@@@@@@@@@@@@@@@@@@@@@@@@@@@@@@@@@@
Debug: sparse nonlocal_op@@@@@@@@@@@@@@@@@@@@@@@@@@@@@@@@@@
Debug: sparse nonlocal_op@@@@@@@@@@@@@@@@@@@@@@@@@@@@@@@@@@
Debug: sparse nonlocal_op@@@@@@@@@@@@@@@@@@@@@@@@@@@@@@@@@@
Debug: sparse nonlocal_op@@@@@@@@@@@@@@@@@@@@@@@@@@@@@@@@@@
Debug: sparse nonlocal_op@@@@@@@@@@@@@@@@@@@@@@@@@@@@@@@@@@
Debug: sparse nonlocal_op@@@@@@@@@@@@@@@@@@@@@@@@@@@@@@@@@@
Debug: sparse nonlocal_op@@@@@@@@@@@@@@@@@@@@@@@@@@@@@@@@@@
Debug: sparse nonlocal_op@@@@@@@@@@@@@@@@@@@@@@@@@@@@@@@@@@
Debug: sparse nonlocal_op@@@@@@@@@@@@@@@@@@@@@@@@@@@@@@@@@@
Debug: sparse nonlocal_op@@@@@@@@@@@@@@@@@@@@@@@@@@@@@@@@@@
Debug: sparse nonlocal_op@@@@@@@@@@@@@@@@@@@@@@@@@@@@@@@@@@
Debug: sparse nonlocal_op@@@@@@@@@@@@@@@@@@@@@@@@@@@@@@@@@@
Debug: sparse nonlocal_op@@@@@@@@@@@@@@@@@@@@@@@@@@@@@@@@@@
Debug: sparse nonlocal_op@@@@@@@@@@@@@@@@@@@@@@@@@@@@@@@@@@
Debug: sparse nonlocal_op@@@@@@@@@@@@@@@@@@@@@@@@@@@@@@@@@@
Debug: sparse nonlocal_op@@@@@@@@@@@@@@@@@@@@@@@@@@@@@@@@@@
Debug: sparse nonlocal_op@@@@@@@@@@@@@@@@@@@@@@@@@@@@@@@@@@
Debug: sparse nonlocal_op@@@@@@@@@@@@@@@@@@@@@@@@@@@@@@@@@@
Debug: sparse nonlocal_op@@@@@@@@@@@@@@@@@@@@@@@@@@@@@@@@@@
Debug: sparse nonlocal_op@@@@@@@@@@@@@@@@@@@@@@@@@@@@@@@@@@
Debug: sparse nonlocal_op@@@@@@@@@@@@@@@@@@@@@@@@@@@@@@@@@@
Debug: sparse nonlocal_op@@@@@@@@@@@@@@@@@@@@@@@@@@@@@@@@@@
Debug: sparse nonlocal_op@@@@@@@@@@@@@@@@@@@@@@@@@@@@@@@@@@
Debug: sparse nonlocal_op@@@@@@@@@@@@@@@@@@@@@@@@@@@@@@@@@@
Debug: sparse nonlocal_op@@@@@@@@@@@@@@@@@@@@@@@@@@@@@@@@@@
Debug: sparse nonlocal_op@@@@@@@@@@@@@@@@@@@@@@@@@@@@@@@@@@
Debug: sparse nonlocal_op@@@@@@@@@@@@@@@@@@@@@@@@@@@@@@@@@@
Debug: sparse nonlocal_op@@@@@@@@@@@@@@@@@@@@@@@@@@@@@@@@@@
Debug: sparse nonlocal_op@@@@@@@@@@@@@@@@@@@@@@@@@@@@@@@@@@
Debug: sparse nonlocal_op@@@@@@@@@@@@@@@@@@@@@@@@@@@@@@@@@@
Debug: sparse nonlocal_op@@@@@@@@@@@@@@@@@@@@@@@@@@@@@@@@@@
Debug: sparse nonlocal_op@@@@@@@@@@@@@@@@@@@@@@@@@@@@@@@@@@
Debug: sparse nonlocal_op@@@@@@@@@@@@@@@@@@@@@@@@@@@@@@@@@@
Debug: sparse nonlocal_op@@@@@@@@@@@@@@@@@@@@@@@@@@@@@@@@@@
Debug: sparse nonlocal_op@@@@@@@@@@@@@@@@@@@@@@@@@@@@@@@@@@
Debug: sparse nonlocal_op@@@@@@@@@@@@@@@@@@@@@@@@@@@@@@@@@@
Elapsed time[calc_nonlocal_energy]: 0.0817878246307373 sec

============ Energy (Hartree) ============
|   Total Energy        : -31.4977875615 |
------------------------------------------
| * Ion-ion Energy      : 0.0            |
| * Eigenvals sum for 0 : -1.5214954593  |
| * Hartree Energy      : 13.7227753187  |
| * XC Energy           : -9.6574954526  |
| * Kinetic Energy      : 12.4605538112  |
| * External Energy     : -55.3954804353 |
| * Non-local Energy    : 7.3718591966   |
==========================================
Elapsed time[calc_and_print_energies]: 0.12709951400756836 sec
Total energy difference = 0.0025049402889507633 Hartree
Elapsed time for 8 th cycle: 7.1479716300964355 sec

==================== [ END CYCLE 8 ] ====================
Elapsed time[_get_mixed_var]: 0.0003459453582763672 sec
Elapsed time[compute_potential]: 0.006774425506591797 sec
Elapsed time[compute]: 0.019557714462280273 sec

==================== [ SCF CYCLE 9 ] ====================
Debug: sparse nonlocal_op@@@@@@@@@@@@@@@@@@@@@@@@@@@@@@@@@@
Debug: sparse nonlocal_op@@@@@@@@@@@@@@@@@@@@@@@@@@@@@@@@@@
Debug: sparse nonlocal_op@@@@@@@@@@@@@@@@@@@@@@@@@@@@@@@@@@
Debug: sparse nonlocal_op@@@@@@@@@@@@@@@@@@@@@@@@@@@@@@@@@@
Elapsed time[diagonalize]: 6.974201202392578 sec

[ PRINT EIGENVALUES ]
( spin alpha )
* 1 th kpt (=[0. 0. 0.])
num        occ        value
1          2.0        -0.30220839458644055
2          2.0        -0.14990901850360575
3          2.0        -0.1499057881710009
4          2.0        -0.1498970763623271
5          2.0        -0.14966852004780867
6          2.0        -0.14966306450282663
7          2.0        -0.14965477500327187
8          2.0        0.032906622336502274
9          2.0        0.03291080524124924
10         2.0        0.032952850400782274
11         2.0        0.032955829995257604
12         2.0        0.03298672365152611
13         2.0        0.03298795672339791
14         2.0        0.1375657991736628
15         2.0        0.13759254176304203
16         2.0        0.13778027966441553
17         0.0        0.16183566477424652
18         0.0        0.16186493781816846
19         0.0        0.16191485760595042
20         0.0        0.16208154969794097


* 2 th kpt (=[0.5 0.  0. ])
num        occ        value
1          6.0        -0.2624076116950731
2          6.0        -0.2624060658234868
3          6.0        -0.14383851584130491
4          6.0        -0.143836393473441
5          6.0        -0.14357412432215655
6          6.0        -0.1435701719985978
7          6.0        -0.004207187191709712
8          6.0        -0.004202379157669359
9          6.0        -0.0041439749565418205
10         6.0        -0.004141830656362484
11         6.0        0.008323278998258724
12         6.0        0.00833625037938967
13         6.0        0.06821781486565674
14         6.0        0.06822076784968431
15         6.0        0.0682780018532957
16         6.0        0.06828081838249621
17         0.0        0.17790680049472002
18         0.0        0.17791747631973234
19         0.0        0.2506525049725127
20         0.0        0.25069445196671386


* 3 th kpt (=[0.5 0.5 0. ])
num        occ        value
1          6.0        -0.22700652829799403
2          6.0        -0.22700552985826403
3          6.0        -0.22700127793071634
4          6.0        -0.22699989364766743
5          6.0        -0.06383765062609874
6          6.0        -0.06383611331580433
7          6.0        -0.06383081821672112
8          6.0        -0.06382774627727252
9          6.0        -0.0005035294465773934
10         6.0        -0.0005024934093728885
11         6.0        -0.0005000403968178361
12         6.0        -0.0004985714785142441
13         6.0        0.08905129706731975
14         6.0        0.08906572137375936
15         6.0        0.08906925453960989
16         6.0        0.08908474353494776
17         0.0        0.22602580507533573
18         0.0        0.2260327687196572
19         0.0        0.22603689539848384
20         0.0        0.2260449400006767


* 4 th kpt (=[0.5 0.5 0.5])
num        occ        value
1          2.0        -0.21638026873881502
2          2.0        -0.21637914374700157
3          2.0        -0.21637798494254917
4          2.0        -0.21637673341636854
5          2.0        -0.11872306326386392
6          2.0        -0.11872191737487087
7          2.0        -0.118721214641494
8          2.0        -0.11871815488401662
9          2.0        0.09378963800651996
10         2.0        0.09379065378762659
11         2.0        0.09379178786713184
12         2.0        0.09379231975332275
13         2.0        0.09391774117648426
14         2.0        0.09391838282048101
15         2.0        0.09391882642663121
16         2.0        0.09392038401755258
17         0.0        0.1929771784105662
18         0.0        0.1929776384796645
19         0.0        0.19297838484044852
20         0.0        0.1929792266708183


Integral of density (=32.00000000000005) is normalized to 32.00000000000001
Orbital energy difference = -0.0002739089081646995
Density difference (relative) = 0.0001362373296932406
Elapsed time[calc_external_energy]: 7.390975952148438e-05 sec
Debug: sparse nonlocal_op@@@@@@@@@@@@@@@@@@@@@@@@@@@@@@@@@@
Debug: sparse nonlocal_op@@@@@@@@@@@@@@@@@@@@@@@@@@@@@@@@@@
Debug: sparse nonlocal_op@@@@@@@@@@@@@@@@@@@@@@@@@@@@@@@@@@
Debug: sparse nonlocal_op@@@@@@@@@@@@@@@@@@@@@@@@@@@@@@@@@@
Debug: sparse nonlocal_op@@@@@@@@@@@@@@@@@@@@@@@@@@@@@@@@@@
Debug: sparse nonlocal_op@@@@@@@@@@@@@@@@@@@@@@@@@@@@@@@@@@
Debug: sparse nonlocal_op@@@@@@@@@@@@@@@@@@@@@@@@@@@@@@@@@@
Debug: sparse nonlocal_op@@@@@@@@@@@@@@@@@@@@@@@@@@@@@@@@@@
Debug: sparse nonlocal_op@@@@@@@@@@@@@@@@@@@@@@@@@@@@@@@@@@
Debug: sparse nonlocal_op@@@@@@@@@@@@@@@@@@@@@@@@@@@@@@@@@@
Debug: sparse nonlocal_op@@@@@@@@@@@@@@@@@@@@@@@@@@@@@@@@@@
Debug: sparse nonlocal_op@@@@@@@@@@@@@@@@@@@@@@@@@@@@@@@@@@
Debug: sparse nonlocal_op@@@@@@@@@@@@@@@@@@@@@@@@@@@@@@@@@@
Debug: sparse nonlocal_op@@@@@@@@@@@@@@@@@@@@@@@@@@@@@@@@@@
Debug: sparse nonlocal_op@@@@@@@@@@@@@@@@@@@@@@@@@@@@@@@@@@
Debug: sparse nonlocal_op@@@@@@@@@@@@@@@@@@@@@@@@@@@@@@@@@@
Debug: sparse nonlocal_op@@@@@@@@@@@@@@@@@@@@@@@@@@@@@@@@@@
Debug: sparse nonlocal_op@@@@@@@@@@@@@@@@@@@@@@@@@@@@@@@@@@
Debug: sparse nonlocal_op@@@@@@@@@@@@@@@@@@@@@@@@@@@@@@@@@@
Debug: sparse nonlocal_op@@@@@@@@@@@@@@@@@@@@@@@@@@@@@@@@@@
Debug: sparse nonlocal_op@@@@@@@@@@@@@@@@@@@@@@@@@@@@@@@@@@
Debug: sparse nonlocal_op@@@@@@@@@@@@@@@@@@@@@@@@@@@@@@@@@@
Debug: sparse nonlocal_op@@@@@@@@@@@@@@@@@@@@@@@@@@@@@@@@@@
Debug: sparse nonlocal_op@@@@@@@@@@@@@@@@@@@@@@@@@@@@@@@@@@
Debug: sparse nonlocal_op@@@@@@@@@@@@@@@@@@@@@@@@@@@@@@@@@@
Debug: sparse nonlocal_op@@@@@@@@@@@@@@@@@@@@@@@@@@@@@@@@@@
Debug: sparse nonlocal_op@@@@@@@@@@@@@@@@@@@@@@@@@@@@@@@@@@
Debug: sparse nonlocal_op@@@@@@@@@@@@@@@@@@@@@@@@@@@@@@@@@@
Debug: sparse nonlocal_op@@@@@@@@@@@@@@@@@@@@@@@@@@@@@@@@@@
Debug: sparse nonlocal_op@@@@@@@@@@@@@@@@@@@@@@@@@@@@@@@@@@
Debug: sparse nonlocal_op@@@@@@@@@@@@@@@@@@@@@@@@@@@@@@@@@@
Debug: sparse nonlocal_op@@@@@@@@@@@@@@@@@@@@@@@@@@@@@@@@@@
Debug: sparse nonlocal_op@@@@@@@@@@@@@@@@@@@@@@@@@@@@@@@@@@
Debug: sparse nonlocal_op@@@@@@@@@@@@@@@@@@@@@@@@@@@@@@@@@@
Debug: sparse nonlocal_op@@@@@@@@@@@@@@@@@@@@@@@@@@@@@@@@@@
Debug: sparse nonlocal_op@@@@@@@@@@@@@@@@@@@@@@@@@@@@@@@@@@
Debug: sparse nonlocal_op@@@@@@@@@@@@@@@@@@@@@@@@@@@@@@@@@@
Debug: sparse nonlocal_op@@@@@@@@@@@@@@@@@@@@@@@@@@@@@@@@@@
Debug: sparse nonlocal_op@@@@@@@@@@@@@@@@@@@@@@@@@@@@@@@@@@
Debug: sparse nonlocal_op@@@@@@@@@@@@@@@@@@@@@@@@@@@@@@@@@@
Debug: sparse nonlocal_op@@@@@@@@@@@@@@@@@@@@@@@@@@@@@@@@@@
Debug: sparse nonlocal_op@@@@@@@@@@@@@@@@@@@@@@@@@@@@@@@@@@
Debug: sparse nonlocal_op@@@@@@@@@@@@@@@@@@@@@@@@@@@@@@@@@@
Debug: sparse nonlocal_op@@@@@@@@@@@@@@@@@@@@@@@@@@@@@@@@@@
Debug: sparse nonlocal_op@@@@@@@@@@@@@@@@@@@@@@@@@@@@@@@@@@
Debug: sparse nonlocal_op@@@@@@@@@@@@@@@@@@@@@@@@@@@@@@@@@@
Debug: sparse nonlocal_op@@@@@@@@@@@@@@@@@@@@@@@@@@@@@@@@@@
Debug: sparse nonlocal_op@@@@@@@@@@@@@@@@@@@@@@@@@@@@@@@@@@
Debug: sparse nonlocal_op@@@@@@@@@@@@@@@@@@@@@@@@@@@@@@@@@@
Debug: sparse nonlocal_op@@@@@@@@@@@@@@@@@@@@@@@@@@@@@@@@@@
Debug: sparse nonlocal_op@@@@@@@@@@@@@@@@@@@@@@@@@@@@@@@@@@
Debug: sparse nonlocal_op@@@@@@@@@@@@@@@@@@@@@@@@@@@@@@@@@@
Debug: sparse nonlocal_op@@@@@@@@@@@@@@@@@@@@@@@@@@@@@@@@@@
Debug: sparse nonlocal_op@@@@@@@@@@@@@@@@@@@@@@@@@@@@@@@@@@
Debug: sparse nonlocal_op@@@@@@@@@@@@@@@@@@@@@@@@@@@@@@@@@@
Debug: sparse nonlocal_op@@@@@@@@@@@@@@@@@@@@@@@@@@@@@@@@@@
Debug: sparse nonlocal_op@@@@@@@@@@@@@@@@@@@@@@@@@@@@@@@@@@
Debug: sparse nonlocal_op@@@@@@@@@@@@@@@@@@@@@@@@@@@@@@@@@@
Debug: sparse nonlocal_op@@@@@@@@@@@@@@@@@@@@@@@@@@@@@@@@@@
Debug: sparse nonlocal_op@@@@@@@@@@@@@@@@@@@@@@@@@@@@@@@@@@
Debug: sparse nonlocal_op@@@@@@@@@@@@@@@@@@@@@@@@@@@@@@@@@@
Debug: sparse nonlocal_op@@@@@@@@@@@@@@@@@@@@@@@@@@@@@@@@@@
Debug: sparse nonlocal_op@@@@@@@@@@@@@@@@@@@@@@@@@@@@@@@@@@
Debug: sparse nonlocal_op@@@@@@@@@@@@@@@@@@@@@@@@@@@@@@@@@@
Elapsed time[calc_nonlocal_energy]: 0.08315563201904297 sec

============ Energy (Hartree) ============
|   Total Energy        : -31.4974430759 |
------------------------------------------
| * Ion-ion Energy      : 0.0            |
| * Eigenvals sum for 0 : -1.5217693682  |
| * Hartree Energy      : 13.7227669067  |
| * XC Energy           : -9.6573646416  |
| * Kinetic Energy      : 12.4607440504  |
| * External Energy     : -55.395555067  |
| * Non-local Energy    : 7.3719656755   |
==========================================
Elapsed time[calc_and_print_energies]: 0.12950778007507324 sec
Total energy difference = 0.00034448556936439445 Hartree
Elapsed time for 9 th cycle: 7.1161346435546875 sec

==================== [ END CYCLE 9 ] ====================
Elapsed time[_get_mixed_var]: 0.0004889965057373047 sec
Elapsed time[compute_potential]: 0.0069735050201416016 sec
Elapsed time[compute]: 0.020314693450927734 sec

==================== [ SCF CYCLE 10 ] ====================
Debug: sparse nonlocal_op@@@@@@@@@@@@@@@@@@@@@@@@@@@@@@@@@@
Debug: sparse nonlocal_op@@@@@@@@@@@@@@@@@@@@@@@@@@@@@@@@@@
Debug: sparse nonlocal_op@@@@@@@@@@@@@@@@@@@@@@@@@@@@@@@@@@
Debug: sparse nonlocal_op@@@@@@@@@@@@@@@@@@@@@@@@@@@@@@@@@@
Elapsed time[diagonalize]: 6.956769704818726 sec

[ PRINT EIGENVALUES ]
( spin alpha )
* 1 th kpt (=[0. 0. 0.])
num        occ        value
1          2.0        -0.3022104343853755
2          2.0        -0.14991183253812937
3          2.0        -0.1499095622195692
4          2.0        -0.1499006866797213
5          2.0        -0.14967185894419205
6          2.0        -0.14966526110737072
7          2.0        -0.14965757259097434
8          2.0        0.03290296199930328
9          2.0        0.03290809899512466
10         2.0        0.03294866954990588
11         2.0        0.032952757431244775
12         2.0        0.03298290099096378
13         2.0        0.03298460132697544
14         2.0        0.1375619830938465
15         2.0        0.13758865253827757
16         2.0        0.13777589406534585
17         0.0        0.16183728644507167
18         0.0        0.16186702180076376
19         0.0        0.16191538628121085
20         0.0        0.16208528933499594


* 2 th kpt (=[0.5 0.  0. ])
num        occ        value
1          6.0        -0.262409971467814
2          6.0        -0.26240832487931215
3          6.0        -0.14384206619129075
4          6.0        -0.14384045013480298
5          6.0        -0.14357742276994143
6          6.0        -0.14357314311336783
7          6.0        -0.004208196042949123
8          6.0        -0.004203767652548481
9          6.0        -0.00414464914865356
10         6.0        -0.0041429793531207355
11         6.0        0.00831971170904519
12         6.0        0.008332685324360172
13         6.0        0.06821422588059776
14         6.0        0.06821699195603459
15         6.0        0.06827426364993533
16         6.0        0.06827708422611366
17         0.0        0.1779089615659533
18         0.0        0.17791964692498238
19         0.0        0.25065478263404156
20         0.0        0.2506967135235544


* 3 th kpt (=[0.5 0.5 0. ])
num        occ        value
1          6.0        -0.2270080097371515
2          6.0        -0.22700654917408444
3          6.0        -0.22700544329131653
4          6.0        -0.2270040795112063
5          6.0        -0.06383903894887405
6          6.0        -0.06383682360896982
7          6.0        -0.06383570503285743
8          6.0        -0.06383338583693116
9          6.0        -0.000503820159113039
10         6.0        -0.0005028693405780921
11         6.0        -0.0005022089321311468
12         6.0        -0.000500179653543218
13         6.0        0.08904610147451612
14         6.0        0.0890640360302746
15         6.0        0.08906532730799324
16         6.0        0.08907941608236963
17         0.0        0.22602486502714653
18         0.0        0.226036243921408
19         0.0        0.22603754853273234
20         0.0        0.2260439336755823


* 4 th kpt (=[0.5 0.5 0.5])
num        occ        value
1          2.0        -0.21638350882772264
2          2.0        -0.21638238498650064
3          2.0        -0.21638158593068235
4          2.0        -0.21637944606060455
5          2.0        -0.11872444354140912
6          2.0        -0.11872399961730223
7          2.0        -0.11872152103005516
8          2.0        -0.11871935391869204
9          2.0        0.09378524598523079
10         2.0        0.09378718567744526
11         2.0        0.093787943947175
12         2.0        0.0937887659315861
13         2.0        0.09391299178961816
14         2.0        0.09391378772767775
15         2.0        0.09391518233381618
16         2.0        0.09391628678139533
17         0.0        0.19297790031757336
18         0.0        0.1929785228550717
19         0.0        0.1929790012894753
20         0.0        0.19298045067120217


Integral of density (=32.000000000000036) is normalized to 32.00000000000001
Orbital energy difference = -9.244758235182893e-05
Density difference (relative) = 4.905239424818299e-05
Elapsed time[calc_external_energy]: 4.673004150390625e-05 sec
Debug: sparse nonlocal_op@@@@@@@@@@@@@@@@@@@@@@@@@@@@@@@@@@
Debug: sparse nonlocal_op@@@@@@@@@@@@@@@@@@@@@@@@@@@@@@@@@@
Debug: sparse nonlocal_op@@@@@@@@@@@@@@@@@@@@@@@@@@@@@@@@@@
Debug: sparse nonlocal_op@@@@@@@@@@@@@@@@@@@@@@@@@@@@@@@@@@
Debug: sparse nonlocal_op@@@@@@@@@@@@@@@@@@@@@@@@@@@@@@@@@@
Debug: sparse nonlocal_op@@@@@@@@@@@@@@@@@@@@@@@@@@@@@@@@@@
Debug: sparse nonlocal_op@@@@@@@@@@@@@@@@@@@@@@@@@@@@@@@@@@
Debug: sparse nonlocal_op@@@@@@@@@@@@@@@@@@@@@@@@@@@@@@@@@@
Debug: sparse nonlocal_op@@@@@@@@@@@@@@@@@@@@@@@@@@@@@@@@@@
Debug: sparse nonlocal_op@@@@@@@@@@@@@@@@@@@@@@@@@@@@@@@@@@
Debug: sparse nonlocal_op@@@@@@@@@@@@@@@@@@@@@@@@@@@@@@@@@@
Debug: sparse nonlocal_op@@@@@@@@@@@@@@@@@@@@@@@@@@@@@@@@@@
Debug: sparse nonlocal_op@@@@@@@@@@@@@@@@@@@@@@@@@@@@@@@@@@
Debug: sparse nonlocal_op@@@@@@@@@@@@@@@@@@@@@@@@@@@@@@@@@@
Debug: sparse nonlocal_op@@@@@@@@@@@@@@@@@@@@@@@@@@@@@@@@@@
Debug: sparse nonlocal_op@@@@@@@@@@@@@@@@@@@@@@@@@@@@@@@@@@
Debug: sparse nonlocal_op@@@@@@@@@@@@@@@@@@@@@@@@@@@@@@@@@@
Debug: sparse nonlocal_op@@@@@@@@@@@@@@@@@@@@@@@@@@@@@@@@@@
Debug: sparse nonlocal_op@@@@@@@@@@@@@@@@@@@@@@@@@@@@@@@@@@
Debug: sparse nonlocal_op@@@@@@@@@@@@@@@@@@@@@@@@@@@@@@@@@@
Debug: sparse nonlocal_op@@@@@@@@@@@@@@@@@@@@@@@@@@@@@@@@@@
Debug: sparse nonlocal_op@@@@@@@@@@@@@@@@@@@@@@@@@@@@@@@@@@
Debug: sparse nonlocal_op@@@@@@@@@@@@@@@@@@@@@@@@@@@@@@@@@@
Debug: sparse nonlocal_op@@@@@@@@@@@@@@@@@@@@@@@@@@@@@@@@@@
Debug: sparse nonlocal_op@@@@@@@@@@@@@@@@@@@@@@@@@@@@@@@@@@
Debug: sparse nonlocal_op@@@@@@@@@@@@@@@@@@@@@@@@@@@@@@@@@@
Debug: sparse nonlocal_op@@@@@@@@@@@@@@@@@@@@@@@@@@@@@@@@@@
Debug: sparse nonlocal_op@@@@@@@@@@@@@@@@@@@@@@@@@@@@@@@@@@
Debug: sparse nonlocal_op@@@@@@@@@@@@@@@@@@@@@@@@@@@@@@@@@@
Debug: sparse nonlocal_op@@@@@@@@@@@@@@@@@@@@@@@@@@@@@@@@@@
Debug: sparse nonlocal_op@@@@@@@@@@@@@@@@@@@@@@@@@@@@@@@@@@
Debug: sparse nonlocal_op@@@@@@@@@@@@@@@@@@@@@@@@@@@@@@@@@@
Debug: sparse nonlocal_op@@@@@@@@@@@@@@@@@@@@@@@@@@@@@@@@@@
Debug: sparse nonlocal_op@@@@@@@@@@@@@@@@@@@@@@@@@@@@@@@@@@
Debug: sparse nonlocal_op@@@@@@@@@@@@@@@@@@@@@@@@@@@@@@@@@@
Debug: sparse nonlocal_op@@@@@@@@@@@@@@@@@@@@@@@@@@@@@@@@@@
Debug: sparse nonlocal_op@@@@@@@@@@@@@@@@@@@@@@@@@@@@@@@@@@
Debug: sparse nonlocal_op@@@@@@@@@@@@@@@@@@@@@@@@@@@@@@@@@@
Debug: sparse nonlocal_op@@@@@@@@@@@@@@@@@@@@@@@@@@@@@@@@@@
Debug: sparse nonlocal_op@@@@@@@@@@@@@@@@@@@@@@@@@@@@@@@@@@
Debug: sparse nonlocal_op@@@@@@@@@@@@@@@@@@@@@@@@@@@@@@@@@@
Debug: sparse nonlocal_op@@@@@@@@@@@@@@@@@@@@@@@@@@@@@@@@@@
Debug: sparse nonlocal_op@@@@@@@@@@@@@@@@@@@@@@@@@@@@@@@@@@
Debug: sparse nonlocal_op@@@@@@@@@@@@@@@@@@@@@@@@@@@@@@@@@@
Debug: sparse nonlocal_op@@@@@@@@@@@@@@@@@@@@@@@@@@@@@@@@@@
Debug: sparse nonlocal_op@@@@@@@@@@@@@@@@@@@@@@@@@@@@@@@@@@
Debug: sparse nonlocal_op@@@@@@@@@@@@@@@@@@@@@@@@@@@@@@@@@@
Debug: sparse nonlocal_op@@@@@@@@@@@@@@@@@@@@@@@@@@@@@@@@@@
Debug: sparse nonlocal_op@@@@@@@@@@@@@@@@@@@@@@@@@@@@@@@@@@
Debug: sparse nonlocal_op@@@@@@@@@@@@@@@@@@@@@@@@@@@@@@@@@@
Debug: sparse nonlocal_op@@@@@@@@@@@@@@@@@@@@@@@@@@@@@@@@@@
Debug: sparse nonlocal_op@@@@@@@@@@@@@@@@@@@@@@@@@@@@@@@@@@
Debug: sparse nonlocal_op@@@@@@@@@@@@@@@@@@@@@@@@@@@@@@@@@@
Debug: sparse nonlocal_op@@@@@@@@@@@@@@@@@@@@@@@@@@@@@@@@@@
Debug: sparse nonlocal_op@@@@@@@@@@@@@@@@@@@@@@@@@@@@@@@@@@
Debug: sparse nonlocal_op@@@@@@@@@@@@@@@@@@@@@@@@@@@@@@@@@@
Debug: sparse nonlocal_op@@@@@@@@@@@@@@@@@@@@@@@@@@@@@@@@@@
Debug: sparse nonlocal_op@@@@@@@@@@@@@@@@@@@@@@@@@@@@@@@@@@
Debug: sparse nonlocal_op@@@@@@@@@@@@@@@@@@@@@@@@@@@@@@@@@@
Debug: sparse nonlocal_op@@@@@@@@@@@@@@@@@@@@@@@@@@@@@@@@@@
Debug: sparse nonlocal_op@@@@@@@@@@@@@@@@@@@@@@@@@@@@@@@@@@
Debug: sparse nonlocal_op@@@@@@@@@@@@@@@@@@@@@@@@@@@@@@@@@@
Debug: sparse nonlocal_op@@@@@@@@@@@@@@@@@@@@@@@@@@@@@@@@@@
Debug: sparse nonlocal_op@@@@@@@@@@@@@@@@@@@@@@@@@@@@@@@@@@
Elapsed time[calc_nonlocal_energy]: 0.08396458625793457 sec

============ Energy (Hartree) ============
|   Total Energy        : -31.4975166009 |
------------------------------------------
| * Ion-ion Energy      : 0.0            |
| * Eigenvals sum for 0 : -1.5218618158  |
| * Hartree Energy      : 13.722558564   |
| * XC Energy           : -9.6572976415  |
| * Kinetic Energy      : 12.4608163488  |
| * External Energy     : -55.3955648244 |
| * Non-local Energy    : 7.3719709522   |
==========================================
Elapsed time[calc_and_print_energies]: 0.12985587120056152 sec
Total energy difference = -7.352497071266839e-05 Hartree
Elapsed time for 10 th cycle: 7.096920013427734 sec

==================== [ END CYCLE 10 ] ====================
Elapsed time[_get_mixed_var]: 0.00033593177795410156 sec
Elapsed time[compute_potential]: 0.006777763366699219 sec
Elapsed time[compute]: 0.019883155822753906 sec

==================== [ SCF CYCLE 11 ] ====================
Debug: sparse nonlocal_op@@@@@@@@@@@@@@@@@@@@@@@@@@@@@@@@@@
Debug: sparse nonlocal_op@@@@@@@@@@@@@@@@@@@@@@@@@@@@@@@@@@
Debug: sparse nonlocal_op@@@@@@@@@@@@@@@@@@@@@@@@@@@@@@@@@@
Debug: sparse nonlocal_op@@@@@@@@@@@@@@@@@@@@@@@@@@@@@@@@@@
Elapsed time[diagonalize]: 6.871341228485107 sec

[ PRINT EIGENVALUES ]
( spin alpha )
* 1 th kpt (=[0. 0. 0.])
num        occ        value
1          2.0        -0.30221062584594915
2          2.0        -0.14991256070100978
3          2.0        -0.14991029719945206
4          2.0        -0.1499015086055178
5          2.0        -0.14967143141334754
6          2.0        -0.1496657891057952
7          2.0        -0.14965827886010452
8          2.0        0.03290249164408874
9          2.0        0.03290748023784871
10         2.0        0.03294809663207401
11         2.0        0.03295200323851159
12         2.0        0.03298232570474101
13         2.0        0.03298365483234006
14         2.0        0.13756127840413512
15         2.0        0.13758791627640998
16         2.0        0.13777503551917328
17         0.0        0.16183853081058872
18         0.0        0.16186638855061597
19         0.0        0.16191501631362454
20         0.0        0.1620865534126909


* 2 th kpt (=[0.5 0.  0. ])
num        occ        value
1          6.0        -0.2624100841611036
2          6.0        -0.26240876356679027
3          6.0        -0.14384238793548648
4          6.0        -0.14384194583726775
5          6.0        -0.14357627762465036
6          6.0        -0.1435750055682482
7          6.0        -0.004206551334643008
8          6.0        -0.0042051897414315635
9          6.0        -0.004143922051314652
10         6.0        -0.00414350815179951
11         6.0        0.008319061255550257
12         6.0        0.008332032826130134
13         6.0        0.06821364572396886
14         6.0        0.06821618200012601
15         6.0        0.0682736606624993
16         6.0        0.06827621432712142
17         0.0        0.17791008415223533
18         0.0        0.17792075957030162
19         0.0        0.25065591987164487
20         0.0        0.25069784595425476


* 3 th kpt (=[0.5 0.5 0. ])
num        occ        value
1          6.0        -0.22700775757234204
2          6.0        -0.22700637712282998
3          6.0        -0.22700615693720197
4          6.0        -0.2270053955994902
5          6.0        -0.06383777983777471
6          6.0        -0.0638374768384461
7          6.0        -0.06383619960281339
8          6.0        -0.06383563356929428
9          6.0        -0.0005033035379114271
10         6.0        -0.0005022901245874363
11         6.0        -0.0005019810826059528
12         6.0        -0.0005011381916121988
13         6.0        0.08904572681909377
14         6.0        0.08906332997111997
15         6.0        0.08906365325838496
16         6.0        0.08907897549141079
17         0.0        0.22602596409359185
18         0.0        0.2260368307878561
19         0.0        0.2260370796497558
20         0.0        0.22604500109626222


* 4 th kpt (=[0.5 0.5 0.5])
num        occ        value
1          2.0        -0.21638282107807968
2          2.0        -0.2163826874324904
3          2.0        -0.21638211791746786
4          2.0        -0.21638151384509832
5          2.0        -0.11872310704375723
6          2.0        -0.11872305805629214
7          2.0        -0.11872183833516085
8          2.0        -0.11872107656157442
9          2.0        0.09378587943982843
10         2.0        0.09378649000604974
11         2.0        0.0937866202204566
12         2.0        0.09378719610439117
13         2.0        0.09391300294702871
14         2.0        0.09391328638773341
15         2.0        0.09391404020663884
16         2.0        0.09391443771149566
17         0.0        0.19297935333166505
18         0.0        0.19297949563232786
19         0.0        0.1929797757017925
20         0.0        0.19298019974132216


/home/jhwoo/programs/gospel/gospel/Eigensolver/Scipy.py:60: UserWarning: Exited at iteration 20 with accuracies 
[9.34363207e-07+0.j 6.86810720e-07+0.j 7.87925251e-07+0.j
 7.31948794e-07+0.j 2.65915835e-06+0.j 2.78017283e-06+0.j
 2.34385844e-06+0.j 2.62274152e-06+0.j 4.00044010e-06+0.j
 3.45402434e-06+0.j 3.44479482e-06+0.j 3.76283360e-06+0.j
 5.73814203e-06+0.j 5.11504433e-06+0.j 6.88303544e-06+0.j
 5.58885535e-06+0.j 2.61617728e-05+0.j 1.73939621e-05+0.j
 2.64181450e-05+0.j 2.41978251e-05+0.j]
not reaching the requested tolerance 1e-07.
  val, vec = lobpcg(
/home/jhwoo/programs/gospel/gospel/Eigensolver/Scipy.py:60: UserWarning: Exited at iteration 20 with accuracies 
[1.25470837e-06+0.j 1.17693851e-06+0.j 1.29701285e-06+0.j
 9.73225564e-07+0.j 2.56859359e-06+0.j 2.65491111e-06+0.j
 2.81065664e-06+0.j 2.25855841e-06+0.j 9.37652669e-06+0.j
 1.14370246e-05+0.j 1.07576063e-05+0.j 5.82749870e-06+0.j
 9.44325374e-06+0.j 1.05670574e-05+0.j 8.20350493e-06+0.j
 7.50377954e-06+0.j 4.29307650e-05+0.j 4.23310988e-05+0.j
 4.33037827e-05+0.j 3.83997010e-05+0.j]
not reaching the requested tolerance 1e-07.
  val, vec = lobpcg(
/home/jhwoo/programs/gospel/gospel/Eigensolver/Scipy.py:60: UserWarning: Exited at iteration 20 with accuracies 
[2.88711384e-07 8.29744788e-07 7.06608405e-07 5.71446328e-07
 5.99287500e-07 6.89531091e-07 6.18949619e-07 2.71799530e-06
 8.68145743e-07 1.95636839e-06 3.04075008e-06 2.21024005e-06
 1.18074571e-06 1.21866723e-05 7.44491519e-06 2.75483808e-05
 2.19631917e-03 1.94156440e-03 1.50487265e-03 4.98220741e-04]
not reaching the requested tolerance 1e-07.
  val, vec = lobpcg(
/home/jhwoo/programs/gospel/gospel/Eigensolver/Scipy.py:60: UserWarning: Exited at iteration 20 with accuracies 
[2.21530638e-07+0.j 2.22173201e-07+0.j 3.42975141e-07+0.j
 3.96154241e-07+0.j 4.27256563e-07+0.j 3.65274513e-07+0.j
 1.36661170e-06+0.j 1.42336268e-06+0.j 1.33194564e-06+0.j
 1.46199038e-06+0.j 9.90101178e-07+0.j 9.67645489e-07+0.j
 1.81387315e-06+0.j 1.71699480e-06+0.j 1.56200468e-06+0.j
 1.50463632e-06+0.j 4.88328304e-06+0.j 4.92532299e-06+0.j
 4.52405207e-05+0.j 5.29664823e-05+0.j]
not reaching the requested tolerance 1e-07.
  val, vec = lobpcg(
/home/jhwoo/programs/gospel/gospel/Eigensolver/Scipy.py:60: UserWarning: Exited at iteration 20 with accuracies 
[2.90075807e-07+0.j 2.60608475e-07+0.j 2.78640311e-07+0.j
 2.70256168e-07+0.j 6.20869645e-07+0.j 7.85292310e-07+0.j
 7.40116064e-07+0.j 6.94440302e-07+0.j 1.03007964e-06+0.j
 1.16657334e-06+0.j 1.26169605e-06+0.j 1.11250534e-06+0.j
 1.76870156e-06+0.j 1.96244468e-06+0.j 2.07649839e-06+0.j
 1.79189857e-06+0.j 9.16916247e-06+0.j 9.26797551e-06+0.j
 8.37324032e-06+0.j 9.95312256e-06+0.j]
not reaching the requested tolerance 1e-07.
  val, vec = lobpcg(
/home/jhwoo/programs/gospel/gospel/Eigensolver/Scipy.py:60: UserWarning: Exited at iteration 20 with accuracies 
[3.46279736e-07+0.j 4.74361416e-07+0.j 4.04735565e-07+0.j
 3.53332770e-07+0.j 5.79813645e-07+0.j 8.44506368e-07+0.j
 7.30167195e-07+0.j 8.34314913e-07+0.j 2.87202102e-06+0.j
 2.44627108e-06+0.j 2.08433220e-06+0.j 2.68196648e-06+0.j
 3.39197756e-06+0.j 1.81223666e-06+0.j 3.34180360e-06+0.j
 3.08262265e-06+0.j 1.40521561e-05+0.j 1.28913099e-05+0.j
 1.05797409e-05+0.j 9.80720752e-06+0.j]
not reaching the requested tolerance 1e-07.
  val, vec = lobpcg(
/home/jhwoo/programs/gospel/gospel/Eigensolver/Scipy.py:60: UserWarning: Exited at iteration 20 with accuracies 
[8.53637369e-08 3.48775274e-07 2.68227554e-07 2.54937677e-07
 2.89446841e-07 2.13384099e-07 2.45001570e-07 1.39206076e-06
 7.70804240e-07 7.82107082e-07 1.60223387e-06 7.15824682e-07
 6.51187626e-07 4.39204160e-06 3.06536165e-06 2.26752039e-06
 1.06166030e-03 1.20245861e-03 2.12697738e-03 3.56163837e-04]
not reaching the requested tolerance 1e-07.
  val, vec = lobpcg(
/home/jhwoo/programs/gospel/gospel/Eigensolver/Scipy.py:60: UserWarning: Exited at iteration 20 with accuracies 
[1.15330837e-07+0.j 9.96899102e-08+0.j 1.73375514e-07+0.j
 1.71271855e-07+0.j 1.40619545e-07+0.j 1.57605908e-07+0.j
 7.59954662e-07+0.j 6.72217938e-07+0.j 7.48906837e-07+0.j
 7.24186613e-07+0.j 4.05914090e-07+0.j 4.01419525e-07+0.j
 7.45460927e-07+0.j 7.47293490e-07+0.j 6.85545921e-07+0.j
 7.06872414e-07+0.j 1.61347432e-06+0.j 1.70761642e-06+0.j
 1.68858577e-05+0.j 1.99673319e-05+0.j]
not reaching the requested tolerance 1e-07.
  val, vec = lobpcg(
/home/jhwoo/programs/gospel/gospel/Eigensolver/Scipy.py:60: UserWarning: Exited at iteration 20 with accuracies 
[1.46286981e-07+0.j 1.31251398e-07+0.j 1.59875054e-07+0.j
 1.64961785e-07+0.j 3.16697567e-07+0.j 3.39951579e-07+0.j
 3.45519802e-07+0.j 3.73417792e-07+0.j 6.65782456e-07+0.j
 7.53039284e-07+0.j 5.78356633e-07+0.j 6.47424563e-07+0.j
 6.48140263e-07+0.j 5.75980576e-07+0.j 5.89130098e-07+0.j
 6.38384801e-07+0.j 4.02279625e-06+0.j 4.62311253e-06+0.j
 2.78475390e-06+0.j 3.84491308e-06+0.j]
not reaching the requested tolerance 1e-07.
  val, vec = lobpcg(
/home/jhwoo/programs/gospel/gospel/Eigensolver/Scipy.py:60: UserWarning: Exited at iteration 20 with accuracies 
[1.45814774e-07+0.j 1.35847273e-07+0.j 9.81085376e-08+0.j
 1.46947237e-07+0.j 3.85902547e-07+0.j 5.02749946e-07+0.j
 4.34654013e-07+0.j 4.35837096e-07+0.j 8.21027565e-07+0.j
 9.98724318e-07+0.j 7.65890205e-07+0.j 1.54034152e-06+0.j
 7.94981578e-07+0.j 1.00106225e-06+0.j 8.64536164e-07+0.j
 1.62904075e-06+0.j 5.54854549e-06+0.j 2.17908630e-06+0.j
 4.66888977e-06+0.j 3.53804356e-06+0.j]
not reaching the requested tolerance 1e-07.
  val, vec = lobpcg(
/home/jhwoo/programs/gospel/gospel/Eigensolver/Scipy.py:60: UserWarning: Exited at iteration 20 with accuracies 
[5.98465676e-08 1.22550313e-07 1.36624313e-07 1.21131706e-07
 9.71234013e-08 1.04396128e-07 9.66091116e-08 4.98563406e-07
 1.16147227e-07 3.65780247e-07 6.98999165e-07 2.63852949e-07
 2.91436537e-07 1.46724185e-06 2.97035357e-06 1.79938342e-06
 1.60129592e-03 1.11836402e-03 1.52281789e-03 3.25996834e-04]
not reaching the requested tolerance 1e-07.
  val, vec = lobpcg(
/home/jhwoo/programs/gospel/gospel/Eigensolver/Scipy.py:60: UserWarning: Exited at iteration 20 with accuracies 
[6.75789023e-08+0.j 6.54115573e-08+0.j 8.96805685e-08+0.j
 8.42325315e-08+0.j 8.21967018e-08+0.j 7.82375067e-08+0.j
 2.29691198e-07+0.j 2.24095903e-07+0.j 2.52243205e-07+0.j
 3.01817188e-07+0.j 1.71557628e-07+0.j 1.74076781e-07+0.j
 3.02827427e-07+0.j 3.09883518e-07+0.j 2.82820037e-07+0.j
 2.79612276e-07+0.j 9.75214347e-07+0.j 9.20330383e-07+0.j
 5.10697788e-06+0.j 6.07789294e-06+0.j]
not reaching the requested tolerance 1e-07.
  val, vec = lobpcg(
/home/jhwoo/programs/gospel/gospel/Eigensolver/Scipy.py:60: UserWarning: Exited at iteration 20 with accuracies 
[7.84138613e-08+0.j 6.73599429e-08+0.j 8.03249980e-08+0.j
 7.54964346e-08+0.j 1.31665367e-07+0.j 1.15137401e-07+0.j
 1.41447378e-07+0.j 1.40348811e-07+0.j 2.27776213e-07+0.j
 2.12696481e-07+0.j 2.30161442e-07+0.j 2.35686544e-07+0.j
 2.91185472e-07+0.j 3.22279710e-07+0.j 2.49829042e-07+0.j
 2.87399532e-07+0.j 1.52256527e-06+0.j 1.47167604e-06+0.j
 1.48756093e-06+0.j 1.50597735e-06+0.j]
not reaching the requested tolerance 1e-07.
  val, vec = lobpcg(
/home/jhwoo/programs/gospel/gospel/Eigensolver/Scipy.py:60: UserWarning: Exited at iteration 20 with accuracies 
[8.65521508e-08+0.j 8.05415575e-08+0.j 8.69091691e-08+0.j
 6.99097001e-08+0.j 1.48739605e-07+0.j 1.05487797e-07+0.j
 1.79655088e-07+0.j 1.76522319e-07+0.j 5.22317616e-07+0.j
 4.50870873e-07+0.j 5.05533946e-07+0.j 4.04221039e-07+0.j
 5.19487051e-07+0.j 5.17057853e-07+0.j 5.47112555e-07+0.j
 3.41390874e-07+0.j 7.07083236e-07+0.j 7.58989068e-07+0.j
 1.24813467e-06+0.j 1.03440119e-06+0.j]
not reaching the requested tolerance 1e-07.
  val, vec = lobpcg(
/home/jhwoo/programs/gospel/gospel/Eigensolver/Scipy.py:60: UserWarning: Exited at iteration 20 with accuracies 
[4.63938238e-08 7.53472995e-08 8.93715974e-08 1.00967485e-07
 6.38817947e-08 6.61755445e-08 9.57254568e-08 1.20432752e-07
 9.79163489e-08 1.21007208e-07 1.00533130e-07 9.09990090e-08
 1.13579368e-07 1.73225517e-06 2.01986818e-06 2.19552370e-06
 1.99242329e-03 1.25084305e-03 1.84246129e-03 3.88937332e-04]
not reaching the requested tolerance 1e-07.
  val, vec = lobpcg(
Integral of density (=32.000000000000064) is normalized to 32.0
Orbital energy difference = -1.45360548871043e-05
Density difference (relative) = 2.674995140204566e-05
Elapsed time[calc_external_energy]: 4.673004150390625e-05 sec
Debug: sparse nonlocal_op@@@@@@@@@@@@@@@@@@@@@@@@@@@@@@@@@@
Debug: sparse nonlocal_op@@@@@@@@@@@@@@@@@@@@@@@@@@@@@@@@@@
Debug: sparse nonlocal_op@@@@@@@@@@@@@@@@@@@@@@@@@@@@@@@@@@
Debug: sparse nonlocal_op@@@@@@@@@@@@@@@@@@@@@@@@@@@@@@@@@@
Debug: sparse nonlocal_op@@@@@@@@@@@@@@@@@@@@@@@@@@@@@@@@@@
Debug: sparse nonlocal_op@@@@@@@@@@@@@@@@@@@@@@@@@@@@@@@@@@
Debug: sparse nonlocal_op@@@@@@@@@@@@@@@@@@@@@@@@@@@@@@@@@@
Debug: sparse nonlocal_op@@@@@@@@@@@@@@@@@@@@@@@@@@@@@@@@@@
Debug: sparse nonlocal_op@@@@@@@@@@@@@@@@@@@@@@@@@@@@@@@@@@
Debug: sparse nonlocal_op@@@@@@@@@@@@@@@@@@@@@@@@@@@@@@@@@@
Debug: sparse nonlocal_op@@@@@@@@@@@@@@@@@@@@@@@@@@@@@@@@@@
Debug: sparse nonlocal_op@@@@@@@@@@@@@@@@@@@@@@@@@@@@@@@@@@
Debug: sparse nonlocal_op@@@@@@@@@@@@@@@@@@@@@@@@@@@@@@@@@@
Debug: sparse nonlocal_op@@@@@@@@@@@@@@@@@@@@@@@@@@@@@@@@@@
Debug: sparse nonlocal_op@@@@@@@@@@@@@@@@@@@@@@@@@@@@@@@@@@
Debug: sparse nonlocal_op@@@@@@@@@@@@@@@@@@@@@@@@@@@@@@@@@@
Debug: sparse nonlocal_op@@@@@@@@@@@@@@@@@@@@@@@@@@@@@@@@@@
Debug: sparse nonlocal_op@@@@@@@@@@@@@@@@@@@@@@@@@@@@@@@@@@
Debug: sparse nonlocal_op@@@@@@@@@@@@@@@@@@@@@@@@@@@@@@@@@@
Debug: sparse nonlocal_op@@@@@@@@@@@@@@@@@@@@@@@@@@@@@@@@@@
Debug: sparse nonlocal_op@@@@@@@@@@@@@@@@@@@@@@@@@@@@@@@@@@
Debug: sparse nonlocal_op@@@@@@@@@@@@@@@@@@@@@@@@@@@@@@@@@@
Debug: sparse nonlocal_op@@@@@@@@@@@@@@@@@@@@@@@@@@@@@@@@@@
Debug: sparse nonlocal_op@@@@@@@@@@@@@@@@@@@@@@@@@@@@@@@@@@
Debug: sparse nonlocal_op@@@@@@@@@@@@@@@@@@@@@@@@@@@@@@@@@@
Debug: sparse nonlocal_op@@@@@@@@@@@@@@@@@@@@@@@@@@@@@@@@@@
Debug: sparse nonlocal_op@@@@@@@@@@@@@@@@@@@@@@@@@@@@@@@@@@
Debug: sparse nonlocal_op@@@@@@@@@@@@@@@@@@@@@@@@@@@@@@@@@@
Debug: sparse nonlocal_op@@@@@@@@@@@@@@@@@@@@@@@@@@@@@@@@@@
Debug: sparse nonlocal_op@@@@@@@@@@@@@@@@@@@@@@@@@@@@@@@@@@
Debug: sparse nonlocal_op@@@@@@@@@@@@@@@@@@@@@@@@@@@@@@@@@@
Debug: sparse nonlocal_op@@@@@@@@@@@@@@@@@@@@@@@@@@@@@@@@@@
Debug: sparse nonlocal_op@@@@@@@@@@@@@@@@@@@@@@@@@@@@@@@@@@
Debug: sparse nonlocal_op@@@@@@@@@@@@@@@@@@@@@@@@@@@@@@@@@@
Debug: sparse nonlocal_op@@@@@@@@@@@@@@@@@@@@@@@@@@@@@@@@@@
Debug: sparse nonlocal_op@@@@@@@@@@@@@@@@@@@@@@@@@@@@@@@@@@
Debug: sparse nonlocal_op@@@@@@@@@@@@@@@@@@@@@@@@@@@@@@@@@@
Debug: sparse nonlocal_op@@@@@@@@@@@@@@@@@@@@@@@@@@@@@@@@@@
Debug: sparse nonlocal_op@@@@@@@@@@@@@@@@@@@@@@@@@@@@@@@@@@
Debug: sparse nonlocal_op@@@@@@@@@@@@@@@@@@@@@@@@@@@@@@@@@@
Debug: sparse nonlocal_op@@@@@@@@@@@@@@@@@@@@@@@@@@@@@@@@@@
Debug: sparse nonlocal_op@@@@@@@@@@@@@@@@@@@@@@@@@@@@@@@@@@
Debug: sparse nonlocal_op@@@@@@@@@@@@@@@@@@@@@@@@@@@@@@@@@@
Debug: sparse nonlocal_op@@@@@@@@@@@@@@@@@@@@@@@@@@@@@@@@@@
Debug: sparse nonlocal_op@@@@@@@@@@@@@@@@@@@@@@@@@@@@@@@@@@
Debug: sparse nonlocal_op@@@@@@@@@@@@@@@@@@@@@@@@@@@@@@@@@@
Debug: sparse nonlocal_op@@@@@@@@@@@@@@@@@@@@@@@@@@@@@@@@@@
Debug: sparse nonlocal_op@@@@@@@@@@@@@@@@@@@@@@@@@@@@@@@@@@
Debug: sparse nonlocal_op@@@@@@@@@@@@@@@@@@@@@@@@@@@@@@@@@@
Debug: sparse nonlocal_op@@@@@@@@@@@@@@@@@@@@@@@@@@@@@@@@@@
Debug: sparse nonlocal_op@@@@@@@@@@@@@@@@@@@@@@@@@@@@@@@@@@
Debug: sparse nonlocal_op@@@@@@@@@@@@@@@@@@@@@@@@@@@@@@@@@@
Debug: sparse nonlocal_op@@@@@@@@@@@@@@@@@@@@@@@@@@@@@@@@@@
Debug: sparse nonlocal_op@@@@@@@@@@@@@@@@@@@@@@@@@@@@@@@@@@
Debug: sparse nonlocal_op@@@@@@@@@@@@@@@@@@@@@@@@@@@@@@@@@@
Debug: sparse nonlocal_op@@@@@@@@@@@@@@@@@@@@@@@@@@@@@@@@@@
Debug: sparse nonlocal_op@@@@@@@@@@@@@@@@@@@@@@@@@@@@@@@@@@
Debug: sparse nonlocal_op@@@@@@@@@@@@@@@@@@@@@@@@@@@@@@@@@@
Debug: sparse nonlocal_op@@@@@@@@@@@@@@@@@@@@@@@@@@@@@@@@@@
Debug: sparse nonlocal_op@@@@@@@@@@@@@@@@@@@@@@@@@@@@@@@@@@
Debug: sparse nonlocal_op@@@@@@@@@@@@@@@@@@@@@@@@@@@@@@@@@@
Debug: sparse nonlocal_op@@@@@@@@@@@@@@@@@@@@@@@@@@@@@@@@@@
Debug: sparse nonlocal_op@@@@@@@@@@@@@@@@@@@@@@@@@@@@@@@@@@
Debug: sparse nonlocal_op@@@@@@@@@@@@@@@@@@@@@@@@@@@@@@@@@@
Elapsed time[calc_nonlocal_energy]: 0.08452320098876953 sec

============ Energy (Hartree) ============
|   Total Energy        : -31.4975163129 |
------------------------------------------
| * Ion-ion Energy      : 0.0            |
| * Eigenvals sum for 0 : -1.5218763519  |
| * Hartree Energy      : 13.7225312484  |
| * XC Energy           : -9.6572895956  |
| * Kinetic Energy      : 12.4608362745  |
| * External Energy     : -55.3955689746 |
| * Non-local Energy    : 7.3719747345   |
==========================================
Elapsed time[calc_and_print_energies]: 0.13016033172607422 sec
Total energy difference = 2.880040206321155e-07 Hartree
Elapsed time for 11 th cycle: 7.014748811721802 sec

==================== [ END CYCLE 11 ] ====================
Elapsed time[_get_mixed_var]: 0.00033926963806152344 sec
Elapsed time[compute_potential]: 0.006701946258544922 sec
Elapsed time[compute]: 0.019821643829345703 sec

==================== [ SCF CYCLE 12 ] ====================
Debug: sparse nonlocal_op@@@@@@@@@@@@@@@@@@@@@@@@@@@@@@@@@@
Debug: sparse nonlocal_op@@@@@@@@@@@@@@@@@@@@@@@@@@@@@@@@@@
Debug: sparse nonlocal_op@@@@@@@@@@@@@@@@@@@@@@@@@@@@@@@@@@
Debug: sparse nonlocal_op@@@@@@@@@@@@@@@@@@@@@@@@@@@@@@@@@@
Elapsed time[diagonalize]: 6.712836503982544 sec

[ PRINT EIGENVALUES ]
( spin alpha )
* 1 th kpt (=[0. 0. 0.])
num        occ        value
1          2.0        -0.30221041458444003
2          2.0        -0.149912697492724
3          2.0        -0.14991034550474866
4          2.0        -0.14990154919790832
5          2.0        -0.14967118743561075
6          2.0        -0.1496657287499983
7          2.0        -0.14965825368361557
8          2.0        0.03290261266857075
9          2.0        0.032907285001518155
10         2.0        0.03294818810947469
11         2.0        0.03295176532413264
12         2.0        0.03298236621083479
13         2.0        0.03298346499075055
14         2.0        0.13756118923145233
15         2.0        0.13758781117035662
16         2.0        0.13777490845006363
17         0.0        0.1618385175714087
18         0.0        0.161865903178653
19         0.0        0.1619147069049358
20         0.0        0.16208756704845986


* 2 th kpt (=[0.5 0.  0. ])
num        occ        value
1          6.0        -0.2624099119168004
2          6.0        -0.2624086147657857
3          6.0        -0.14384243842052352
4          6.0        -0.14384223087913475
5          6.0        -0.14357583170794797
6          6.0        -0.14357532820765584
7          6.0        -0.004205706828073356
8          6.0        -0.004205144954999481
9          6.0        -0.004143528994892942
10         6.0        -0.004143231794056339
11         6.0        0.008318995420456563
12         6.0        0.008331965575448944
13         6.0        0.06821357729087178
14         6.0        0.06821610130736327
15         6.0        0.06827357744766847
16         6.0        0.06827610163209921
17         0.0        0.17791105707637533
18         0.0        0.17792173212767703
19         0.0        0.25065689540659186
20         0.0        0.25069882096303314


* 3 th kpt (=[0.5 0.5 0. ])
num        occ        value
1          6.0        -0.22700744766805922
2          6.0        -0.22700646528747984
3          6.0        -0.22700621367226584
4          6.0        -0.22700521858557
5          6.0        -0.0638371070364274
6          6.0        -0.0638368325617041
7          6.0        -0.0638366239942849
8          6.0        -0.06383650341322399
9          6.0        -0.0005027936334038768
10         6.0        -0.0005018910545848235
11         6.0        -0.000501717403437653
12         6.0        -0.0005007882838350175
13         6.0        0.08904618146788548
14         6.0        0.08906269974318819
15         6.0        0.08906286896689894
16         6.0        0.0890794218917911
17         0.0        0.22602733407830403
18         0.0        0.2260368142622006
19         0.0        0.2260368695706935
20         0.0        0.22604636964675998


* 4 th kpt (=[0.5 0.5 0.5])
num        occ        value
1          2.0        -0.2163825293577513
2          2.0        -0.21638228243442134
3          2.0        -0.21638226042873265
4          2.0        -0.2163820913727354
5          2.0        -0.1187222854144361
6          2.0        -0.11872187322408825
7          2.0        -0.11872182877254446
8          2.0        -0.11872164665426864
9          2.0        0.09378629291180891
10         2.0        0.09378631983287279
11         2.0        0.09378642768390826
12         2.0        0.09378664036366184
13         2.0        0.09391338322917367
14         2.0        0.09391346038518475
15         2.0        0.09391361733739638
16         2.0        0.09391368929433083
17         0.0        0.1929802575004343
18         0.0        0.192980463720977
19         0.0        0.19298048430592732
20         0.0        0.19298058886274824


Integral of density (=32.00000000000002) is normalized to 32.00000000000001
Orbital energy difference = 1.903594228247485e-06
Density difference (relative) = 1.3337896329301926e-05
Elapsed time[calc_external_energy]: 4.601478576660156e-05 sec
Debug: sparse nonlocal_op@@@@@@@@@@@@@@@@@@@@@@@@@@@@@@@@@@
Debug: sparse nonlocal_op@@@@@@@@@@@@@@@@@@@@@@@@@@@@@@@@@@
Debug: sparse nonlocal_op@@@@@@@@@@@@@@@@@@@@@@@@@@@@@@@@@@
Debug: sparse nonlocal_op@@@@@@@@@@@@@@@@@@@@@@@@@@@@@@@@@@
Debug: sparse nonlocal_op@@@@@@@@@@@@@@@@@@@@@@@@@@@@@@@@@@
Debug: sparse nonlocal_op@@@@@@@@@@@@@@@@@@@@@@@@@@@@@@@@@@
Debug: sparse nonlocal_op@@@@@@@@@@@@@@@@@@@@@@@@@@@@@@@@@@
Debug: sparse nonlocal_op@@@@@@@@@@@@@@@@@@@@@@@@@@@@@@@@@@
Debug: sparse nonlocal_op@@@@@@@@@@@@@@@@@@@@@@@@@@@@@@@@@@
Debug: sparse nonlocal_op@@@@@@@@@@@@@@@@@@@@@@@@@@@@@@@@@@
Debug: sparse nonlocal_op@@@@@@@@@@@@@@@@@@@@@@@@@@@@@@@@@@
Debug: sparse nonlocal_op@@@@@@@@@@@@@@@@@@@@@@@@@@@@@@@@@@
Debug: sparse nonlocal_op@@@@@@@@@@@@@@@@@@@@@@@@@@@@@@@@@@
Debug: sparse nonlocal_op@@@@@@@@@@@@@@@@@@@@@@@@@@@@@@@@@@
Debug: sparse nonlocal_op@@@@@@@@@@@@@@@@@@@@@@@@@@@@@@@@@@
Debug: sparse nonlocal_op@@@@@@@@@@@@@@@@@@@@@@@@@@@@@@@@@@
Debug: sparse nonlocal_op@@@@@@@@@@@@@@@@@@@@@@@@@@@@@@@@@@
Debug: sparse nonlocal_op@@@@@@@@@@@@@@@@@@@@@@@@@@@@@@@@@@
Debug: sparse nonlocal_op@@@@@@@@@@@@@@@@@@@@@@@@@@@@@@@@@@
Debug: sparse nonlocal_op@@@@@@@@@@@@@@@@@@@@@@@@@@@@@@@@@@
Debug: sparse nonlocal_op@@@@@@@@@@@@@@@@@@@@@@@@@@@@@@@@@@
Debug: sparse nonlocal_op@@@@@@@@@@@@@@@@@@@@@@@@@@@@@@@@@@
Debug: sparse nonlocal_op@@@@@@@@@@@@@@@@@@@@@@@@@@@@@@@@@@
Debug: sparse nonlocal_op@@@@@@@@@@@@@@@@@@@@@@@@@@@@@@@@@@
Debug: sparse nonlocal_op@@@@@@@@@@@@@@@@@@@@@@@@@@@@@@@@@@
Debug: sparse nonlocal_op@@@@@@@@@@@@@@@@@@@@@@@@@@@@@@@@@@
Debug: sparse nonlocal_op@@@@@@@@@@@@@@@@@@@@@@@@@@@@@@@@@@
Debug: sparse nonlocal_op@@@@@@@@@@@@@@@@@@@@@@@@@@@@@@@@@@
Debug: sparse nonlocal_op@@@@@@@@@@@@@@@@@@@@@@@@@@@@@@@@@@
Debug: sparse nonlocal_op@@@@@@@@@@@@@@@@@@@@@@@@@@@@@@@@@@
Debug: sparse nonlocal_op@@@@@@@@@@@@@@@@@@@@@@@@@@@@@@@@@@
Debug: sparse nonlocal_op@@@@@@@@@@@@@@@@@@@@@@@@@@@@@@@@@@
Debug: sparse nonlocal_op@@@@@@@@@@@@@@@@@@@@@@@@@@@@@@@@@@
Debug: sparse nonlocal_op@@@@@@@@@@@@@@@@@@@@@@@@@@@@@@@@@@
Debug: sparse nonlocal_op@@@@@@@@@@@@@@@@@@@@@@@@@@@@@@@@@@
Debug: sparse nonlocal_op@@@@@@@@@@@@@@@@@@@@@@@@@@@@@@@@@@
Debug: sparse nonlocal_op@@@@@@@@@@@@@@@@@@@@@@@@@@@@@@@@@@
Debug: sparse nonlocal_op@@@@@@@@@@@@@@@@@@@@@@@@@@@@@@@@@@
Debug: sparse nonlocal_op@@@@@@@@@@@@@@@@@@@@@@@@@@@@@@@@@@
Debug: sparse nonlocal_op@@@@@@@@@@@@@@@@@@@@@@@@@@@@@@@@@@
Debug: sparse nonlocal_op@@@@@@@@@@@@@@@@@@@@@@@@@@@@@@@@@@
Debug: sparse nonlocal_op@@@@@@@@@@@@@@@@@@@@@@@@@@@@@@@@@@
Debug: sparse nonlocal_op@@@@@@@@@@@@@@@@@@@@@@@@@@@@@@@@@@
Debug: sparse nonlocal_op@@@@@@@@@@@@@@@@@@@@@@@@@@@@@@@@@@
Debug: sparse nonlocal_op@@@@@@@@@@@@@@@@@@@@@@@@@@@@@@@@@@
Debug: sparse nonlocal_op@@@@@@@@@@@@@@@@@@@@@@@@@@@@@@@@@@
Debug: sparse nonlocal_op@@@@@@@@@@@@@@@@@@@@@@@@@@@@@@@@@@
Debug: sparse nonlocal_op@@@@@@@@@@@@@@@@@@@@@@@@@@@@@@@@@@
Debug: sparse nonlocal_op@@@@@@@@@@@@@@@@@@@@@@@@@@@@@@@@@@
Debug: sparse nonlocal_op@@@@@@@@@@@@@@@@@@@@@@@@@@@@@@@@@@
Debug: sparse nonlocal_op@@@@@@@@@@@@@@@@@@@@@@@@@@@@@@@@@@
Debug: sparse nonlocal_op@@@@@@@@@@@@@@@@@@@@@@@@@@@@@@@@@@
Debug: sparse nonlocal_op@@@@@@@@@@@@@@@@@@@@@@@@@@@@@@@@@@
Debug: sparse nonlocal_op@@@@@@@@@@@@@@@@@@@@@@@@@@@@@@@@@@
Debug: sparse nonlocal_op@@@@@@@@@@@@@@@@@@@@@@@@@@@@@@@@@@
Debug: sparse nonlocal_op@@@@@@@@@@@@@@@@@@@@@@@@@@@@@@@@@@
Debug: sparse nonlocal_op@@@@@@@@@@@@@@@@@@@@@@@@@@@@@@@@@@
Debug: sparse nonlocal_op@@@@@@@@@@@@@@@@@@@@@@@@@@@@@@@@@@
Debug: sparse nonlocal_op@@@@@@@@@@@@@@@@@@@@@@@@@@@@@@@@@@
Debug: sparse nonlocal_op@@@@@@@@@@@@@@@@@@@@@@@@@@@@@@@@@@
Debug: sparse nonlocal_op@@@@@@@@@@@@@@@@@@@@@@@@@@@@@@@@@@
Debug: sparse nonlocal_op@@@@@@@@@@@@@@@@@@@@@@@@@@@@@@@@@@
Debug: sparse nonlocal_op@@@@@@@@@@@@@@@@@@@@@@@@@@@@@@@@@@
Debug: sparse nonlocal_op@@@@@@@@@@@@@@@@@@@@@@@@@@@@@@@@@@
Elapsed time[calc_nonlocal_energy]: 0.08332633972167969 sec

============ Energy (Hartree) ============
|   Total Energy        : -31.4974816478 |
------------------------------------------
| * Ion-ion Energy      : 0.0            |
| * Eigenvals sum for 0 : -1.5218744483  |
| * Hartree Energy      : 13.7225603308  |
| * XC Energy           : -9.6572964884  |
| * Kinetic Energy      : 12.4608469844  |
| * External Energy     : -55.3955737944 |
| * Non-local Energy    : 7.3719813197   |
==========================================
Elapsed time[calc_and_print_energies]: 0.12897562980651855 sec
Total energy difference = 3.4665020130830726e-05 Hartree
Elapsed time for 12 th cycle: 6.851871728897095 sec

==================== [ END CYCLE 12 ] ====================
Elapsed time[_get_mixed_var]: 0.00033593177795410156 sec
Elapsed time[compute_potential]: 0.0068056583404541016 sec
Elapsed time[compute]: 0.01972508430480957 sec

==================== [ SCF CYCLE 13 ] ====================
Debug: sparse nonlocal_op@@@@@@@@@@@@@@@@@@@@@@@@@@@@@@@@@@
Debug: sparse nonlocal_op@@@@@@@@@@@@@@@@@@@@@@@@@@@@@@@@@@
Debug: sparse nonlocal_op@@@@@@@@@@@@@@@@@@@@@@@@@@@@@@@@@@
Debug: sparse nonlocal_op@@@@@@@@@@@@@@@@@@@@@@@@@@@@@@@@@@
Elapsed time[diagonalize]: 5.968792915344238 sec

[ PRINT EIGENVALUES ]
( spin alpha )
* 1 th kpt (=[0. 0. 0.])
num        occ        value
1          2.0        -0.30221025479304
2          2.0        -0.1499126492048999
3          2.0        -0.14991025660572035
4          2.0        -0.14990145662857807
5          2.0        -0.1496711156705953
6          2.0        -0.1496657026757335
7          2.0        -0.14965823255614116
8          2.0        0.032902692904584675
9          2.0        0.03290725710933901
10         2.0        0.03294826150555696
11         2.0        0.032951716722280845
12         2.0        0.032982368808863745
13         2.0        0.03298349524921124
14         2.0        0.1375611888993154
15         2.0        0.13758780520942562
16         2.0        0.13777490060681016
17         0.0        0.16183762029242502
18         0.0        0.16186586652637602
19         0.0        0.16191336807347123
20         0.0        0.1620882016164953


* 2 th kpt (=[0.5 0.  0. ])
num        occ        value
1          6.0        -0.2624097785934249
2          6.0        -0.26240848167770603
3          6.0        -0.14384239644851343
4          6.0        -0.14384219739379578
5          6.0        -0.14357580017977792
6          6.0        -0.14357534971572053
7          6.0        -0.004205392885634148
8          6.0        -0.004204896319818983
9          6.0        -0.004143265512451535
10         6.0        -0.004143044012982878
11         6.0        0.008319008717003723
12         6.0        0.00833197883443291
13         6.0        0.06821358851593227
14         6.0        0.06821611051551445
15         6.0        0.0682735806561708
16         6.0        0.06827610491408082
17         0.0        0.17791161234522046
18         0.0        0.17792228714907962
19         0.0        0.2506574500796272
20         0.0        0.2506993756857128


* 3 th kpt (=[0.5 0.5 0. ])
num        occ        value
1          6.0        -0.22700730989000156
2          6.0        -0.22700634041504078
3          6.0        -0.2270062305589346
4          6.0        -0.2270050882801754
5          6.0        -0.06383707554302127
6          6.0        -0.06383679797876733
7          6.0        -0.06383654766755614
8          6.0        -0.06383643861898367
9          6.0        -0.0005025246837547497
10         6.0        -0.0005016250797659357
11         6.0        -0.0005015167986669318
12         6.0        -0.0005005298195926996
13         6.0        0.08904629108778081
14         6.0        0.08906258617629491
15         6.0        0.08906270472209575
16         6.0        0.08907953133244098
17         0.0        0.22602786613111286
18         0.0        0.22603702015681013
19         0.0        0.22603709190409876
20         0.0        0.2260469011193903


* 4 th kpt (=[0.5 0.5 0.5])
num        occ        value
1          2.0        -0.21638249224390727
2          2.0        -0.21638227274283683
3          2.0        -0.21638211240448688
4          2.0        -0.21638210115893722
5          2.0        -0.11872204796194763
6          2.0        -0.11872177071009837
7          2.0        -0.1187214616916965
8          2.0        -0.11872140133118819
9          2.0        0.09378623529959501
10         2.0        0.09378636675371105
11         2.0        0.09378640128470363
12         2.0        0.09378660291350849
13         2.0        0.0939132976157996
14         2.0        0.09391342719872436
15         2.0        0.0939136221792644
16         2.0        0.09391370023223797
17         0.0        0.19298069969071158
18         0.0        0.1929808704729114
19         0.0        0.19298095762765632
20         0.0        0.19298099906396018


Integral of density (=32.00000000000007) is normalized to 31.999999999999993
Orbital energy difference = 2.594345015483057e-06
Density difference (relative) = 6.963418677944341e-06
Elapsed time[calc_external_energy]: 8.845329284667969e-05 sec
Debug: sparse nonlocal_op@@@@@@@@@@@@@@@@@@@@@@@@@@@@@@@@@@
Debug: sparse nonlocal_op@@@@@@@@@@@@@@@@@@@@@@@@@@@@@@@@@@
Debug: sparse nonlocal_op@@@@@@@@@@@@@@@@@@@@@@@@@@@@@@@@@@
Debug: sparse nonlocal_op@@@@@@@@@@@@@@@@@@@@@@@@@@@@@@@@@@
Debug: sparse nonlocal_op@@@@@@@@@@@@@@@@@@@@@@@@@@@@@@@@@@
Debug: sparse nonlocal_op@@@@@@@@@@@@@@@@@@@@@@@@@@@@@@@@@@
Debug: sparse nonlocal_op@@@@@@@@@@@@@@@@@@@@@@@@@@@@@@@@@@
Debug: sparse nonlocal_op@@@@@@@@@@@@@@@@@@@@@@@@@@@@@@@@@@
Debug: sparse nonlocal_op@@@@@@@@@@@@@@@@@@@@@@@@@@@@@@@@@@
Debug: sparse nonlocal_op@@@@@@@@@@@@@@@@@@@@@@@@@@@@@@@@@@
Debug: sparse nonlocal_op@@@@@@@@@@@@@@@@@@@@@@@@@@@@@@@@@@
Debug: sparse nonlocal_op@@@@@@@@@@@@@@@@@@@@@@@@@@@@@@@@@@
Debug: sparse nonlocal_op@@@@@@@@@@@@@@@@@@@@@@@@@@@@@@@@@@
Debug: sparse nonlocal_op@@@@@@@@@@@@@@@@@@@@@@@@@@@@@@@@@@
Debug: sparse nonlocal_op@@@@@@@@@@@@@@@@@@@@@@@@@@@@@@@@@@
Debug: sparse nonlocal_op@@@@@@@@@@@@@@@@@@@@@@@@@@@@@@@@@@
Debug: sparse nonlocal_op@@@@@@@@@@@@@@@@@@@@@@@@@@@@@@@@@@
Debug: sparse nonlocal_op@@@@@@@@@@@@@@@@@@@@@@@@@@@@@@@@@@
Debug: sparse nonlocal_op@@@@@@@@@@@@@@@@@@@@@@@@@@@@@@@@@@
Debug: sparse nonlocal_op@@@@@@@@@@@@@@@@@@@@@@@@@@@@@@@@@@
Debug: sparse nonlocal_op@@@@@@@@@@@@@@@@@@@@@@@@@@@@@@@@@@
Debug: sparse nonlocal_op@@@@@@@@@@@@@@@@@@@@@@@@@@@@@@@@@@
Debug: sparse nonlocal_op@@@@@@@@@@@@@@@@@@@@@@@@@@@@@@@@@@
Debug: sparse nonlocal_op@@@@@@@@@@@@@@@@@@@@@@@@@@@@@@@@@@
Debug: sparse nonlocal_op@@@@@@@@@@@@@@@@@@@@@@@@@@@@@@@@@@
Debug: sparse nonlocal_op@@@@@@@@@@@@@@@@@@@@@@@@@@@@@@@@@@
Debug: sparse nonlocal_op@@@@@@@@@@@@@@@@@@@@@@@@@@@@@@@@@@
Debug: sparse nonlocal_op@@@@@@@@@@@@@@@@@@@@@@@@@@@@@@@@@@
Debug: sparse nonlocal_op@@@@@@@@@@@@@@@@@@@@@@@@@@@@@@@@@@
Debug: sparse nonlocal_op@@@@@@@@@@@@@@@@@@@@@@@@@@@@@@@@@@
Debug: sparse nonlocal_op@@@@@@@@@@@@@@@@@@@@@@@@@@@@@@@@@@
Debug: sparse nonlocal_op@@@@@@@@@@@@@@@@@@@@@@@@@@@@@@@@@@
Debug: sparse nonlocal_op@@@@@@@@@@@@@@@@@@@@@@@@@@@@@@@@@@
Debug: sparse nonlocal_op@@@@@@@@@@@@@@@@@@@@@@@@@@@@@@@@@@
Debug: sparse nonlocal_op@@@@@@@@@@@@@@@@@@@@@@@@@@@@@@@@@@
Debug: sparse nonlocal_op@@@@@@@@@@@@@@@@@@@@@@@@@@@@@@@@@@
Debug: sparse nonlocal_op@@@@@@@@@@@@@@@@@@@@@@@@@@@@@@@@@@
Debug: sparse nonlocal_op@@@@@@@@@@@@@@@@@@@@@@@@@@@@@@@@@@
Debug: sparse nonlocal_op@@@@@@@@@@@@@@@@@@@@@@@@@@@@@@@@@@
Debug: sparse nonlocal_op@@@@@@@@@@@@@@@@@@@@@@@@@@@@@@@@@@
Debug: sparse nonlocal_op@@@@@@@@@@@@@@@@@@@@@@@@@@@@@@@@@@
Debug: sparse nonlocal_op@@@@@@@@@@@@@@@@@@@@@@@@@@@@@@@@@@
Debug: sparse nonlocal_op@@@@@@@@@@@@@@@@@@@@@@@@@@@@@@@@@@
Debug: sparse nonlocal_op@@@@@@@@@@@@@@@@@@@@@@@@@@@@@@@@@@
Debug: sparse nonlocal_op@@@@@@@@@@@@@@@@@@@@@@@@@@@@@@@@@@
Debug: sparse nonlocal_op@@@@@@@@@@@@@@@@@@@@@@@@@@@@@@@@@@
Debug: sparse nonlocal_op@@@@@@@@@@@@@@@@@@@@@@@@@@@@@@@@@@
Debug: sparse nonlocal_op@@@@@@@@@@@@@@@@@@@@@@@@@@@@@@@@@@
Debug: sparse nonlocal_op@@@@@@@@@@@@@@@@@@@@@@@@@@@@@@@@@@
Debug: sparse nonlocal_op@@@@@@@@@@@@@@@@@@@@@@@@@@@@@@@@@@
Debug: sparse nonlocal_op@@@@@@@@@@@@@@@@@@@@@@@@@@@@@@@@@@
Debug: sparse nonlocal_op@@@@@@@@@@@@@@@@@@@@@@@@@@@@@@@@@@
Debug: sparse nonlocal_op@@@@@@@@@@@@@@@@@@@@@@@@@@@@@@@@@@
Debug: sparse nonlocal_op@@@@@@@@@@@@@@@@@@@@@@@@@@@@@@@@@@
Debug: sparse nonlocal_op@@@@@@@@@@@@@@@@@@@@@@@@@@@@@@@@@@
Debug: sparse nonlocal_op@@@@@@@@@@@@@@@@@@@@@@@@@@@@@@@@@@
Debug: sparse nonlocal_op@@@@@@@@@@@@@@@@@@@@@@@@@@@@@@@@@@
Debug: sparse nonlocal_op@@@@@@@@@@@@@@@@@@@@@@@@@@@@@@@@@@
Debug: sparse nonlocal_op@@@@@@@@@@@@@@@@@@@@@@@@@@@@@@@@@@
Debug: sparse nonlocal_op@@@@@@@@@@@@@@@@@@@@@@@@@@@@@@@@@@
Debug: sparse nonlocal_op@@@@@@@@@@@@@@@@@@@@@@@@@@@@@@@@@@
Debug: sparse nonlocal_op@@@@@@@@@@@@@@@@@@@@@@@@@@@@@@@@@@
Debug: sparse nonlocal_op@@@@@@@@@@@@@@@@@@@@@@@@@@@@@@@@@@
Debug: sparse nonlocal_op@@@@@@@@@@@@@@@@@@@@@@@@@@@@@@@@@@
Elapsed time[calc_nonlocal_energy]: 0.0837702751159668 sec

============ Energy (Hartree) ============
|   Total Energy        : -31.4974574642 |
------------------------------------------
| * Ion-ion Energy      : 0.0            |
| * Eigenvals sum for 0 : -1.5218718539  |
| * Hartree Energy      : 13.7225831606  |
| * XC Energy           : -9.6573019216  |
| * Kinetic Energy      : 12.4608526574  |
| * External Energy     : -55.395576636  |
| * Non-local Energy    : 7.3719852753   |
==========================================
Elapsed time[calc_and_print_energies]: 0.130997896194458 sec
Total energy difference = 2.4183594398152763e-05 Hartree
Elapsed time for 13 th cycle: 6.112983703613281 sec

==================== [ END CYCLE 13 ] ====================
Elapsed time[_get_mixed_var]: 0.00048542022705078125 sec
Elapsed time[compute_potential]: 0.0070340633392333984 sec
Elapsed time[compute]: 0.020071029663085938 sec

==================== [ SCF CYCLE 14 ] ====================
Debug: sparse nonlocal_op@@@@@@@@@@@@@@@@@@@@@@@@@@@@@@@@@@
Debug: sparse nonlocal_op@@@@@@@@@@@@@@@@@@@@@@@@@@@@@@@@@@
Debug: sparse nonlocal_op@@@@@@@@@@@@@@@@@@@@@@@@@@@@@@@@@@
Debug: sparse nonlocal_op@@@@@@@@@@@@@@@@@@@@@@@@@@@@@@@@@@
Elapsed time[diagonalize]: 5.8477184772491455 sec

[ PRINT EIGENVALUES ]
( spin alpha )
* 1 th kpt (=[0. 0. 0.])
num        occ        value
1          2.0        -0.30221011949682747
2          2.0        -0.14991255557051608
3          2.0        -0.14991016258283618
4          2.0        -0.14990136118000755
5          2.0        -0.14967106007105646
6          2.0        -0.14966566167045467
7          2.0        -0.1496581981080622
8          2.0        0.03290273939066903
9          2.0        0.032907297267477
10         2.0        0.03294830023976283
11         2.0        0.03295174208221787
12         2.0        0.032982404978535815
13         2.0        0.03298352674167558
14         2.0        0.13756122279334587
15         2.0        0.13758783483931233
16         2.0        0.13777492631515265
17         0.0        0.16183656065855007
18         0.0        0.16186585490493516
19         0.0        0.161912285435321
20         0.0        0.16208867121812764


* 2 th kpt (=[0.5 0.  0. ])
num        occ        value
1          6.0        -0.262409659197144
2          6.0        -0.26240836536568135
3          6.0        -0.1438422253174294
4          6.0        -0.1438422214774868
5          6.0        -0.1435755662357179
6          6.0        -0.1435755516135305
7          6.0        -0.004204949760789727
8          6.0        -0.0042049331122153534
9          6.0        -0.004142974605981807
10         6.0        -0.0041429638610811885
11         6.0        0.008319051359232024
12         6.0        0.008332021404054852
13         6.0        0.06821362020961846
14         6.0        0.06821613933362419
15         6.0        0.06827361124780035
16         6.0        0.06827613223258838
17         0.0        0.17791201350823307
18         0.0        0.17792268808367676
19         0.0        0.2506578481192322
20         0.0        0.2506997737693242


* 3 th kpt (=[0.5 0.5 0. ])
num        occ        value
1          6.0        -0.22700723182474322
2          6.0        -0.22700620427979035
3          6.0        -0.22700614116260245
4          6.0        -0.22700502356494226
5          6.0        -0.06383683868260102
6          6.0        -0.06383665086503953
7          6.0        -0.06383660215652844
8          6.0        -0.06383650691987224
9          6.0        -0.0005023326390079646
10         6.0        -0.0005013864504536721
11         6.0        -0.0005013481088722635
12         6.0        -0.0005003612656349376
13         6.0        0.08904624468638504
14         6.0        0.08906271096738938
15         6.0        0.08906274415629836
16         6.0        0.08907948364654232
17         0.0        0.22602806078218218
18         0.0        0.2260373877146518
19         0.0        0.22603744035219547
20         0.0        0.22604709482042268


* 4 th kpt (=[0.5 0.5 0.5])
num        occ        value
1          2.0        -0.2163822251924203
2          2.0        -0.21638221287228399
3          2.0        -0.21638217231397938
4          2.0        -0.21638212583206393
5          2.0        -0.11872159868915377
6          2.0        -0.1187215123831545
7          2.0        -0.11872142233686621
8          2.0        -0.11872140006822171
9          2.0        0.09378637064100268
10         2.0        0.09378641458748124
11         2.0        0.09378642203144956
12         2.0        0.09378646897172092
13         2.0        0.09391344864851132
14         2.0        0.09391349175026574
15         2.0        0.09391356295538163
16         2.0        0.09391358559856254
17         0.0        0.19298118890986649
18         0.0        0.19298119318714374
19         0.0        0.192981210946802
20         0.0        0.1929812400921351


Integral of density (=32.00000000000008) is normalized to 32.0
Orbital energy difference = 2.637371919078646e-06
Density difference (relative) = 2.6765030453211386e-06
Elapsed time[calc_external_energy]: 4.458427429199219e-05 sec
Debug: sparse nonlocal_op@@@@@@@@@@@@@@@@@@@@@@@@@@@@@@@@@@
Debug: sparse nonlocal_op@@@@@@@@@@@@@@@@@@@@@@@@@@@@@@@@@@
Debug: sparse nonlocal_op@@@@@@@@@@@@@@@@@@@@@@@@@@@@@@@@@@
Debug: sparse nonlocal_op@@@@@@@@@@@@@@@@@@@@@@@@@@@@@@@@@@
Debug: sparse nonlocal_op@@@@@@@@@@@@@@@@@@@@@@@@@@@@@@@@@@
Debug: sparse nonlocal_op@@@@@@@@@@@@@@@@@@@@@@@@@@@@@@@@@@
Debug: sparse nonlocal_op@@@@@@@@@@@@@@@@@@@@@@@@@@@@@@@@@@
Debug: sparse nonlocal_op@@@@@@@@@@@@@@@@@@@@@@@@@@@@@@@@@@
Debug: sparse nonlocal_op@@@@@@@@@@@@@@@@@@@@@@@@@@@@@@@@@@
Debug: sparse nonlocal_op@@@@@@@@@@@@@@@@@@@@@@@@@@@@@@@@@@
Debug: sparse nonlocal_op@@@@@@@@@@@@@@@@@@@@@@@@@@@@@@@@@@
Debug: sparse nonlocal_op@@@@@@@@@@@@@@@@@@@@@@@@@@@@@@@@@@
Debug: sparse nonlocal_op@@@@@@@@@@@@@@@@@@@@@@@@@@@@@@@@@@
Debug: sparse nonlocal_op@@@@@@@@@@@@@@@@@@@@@@@@@@@@@@@@@@
Debug: sparse nonlocal_op@@@@@@@@@@@@@@@@@@@@@@@@@@@@@@@@@@
Debug: sparse nonlocal_op@@@@@@@@@@@@@@@@@@@@@@@@@@@@@@@@@@
Debug: sparse nonlocal_op@@@@@@@@@@@@@@@@@@@@@@@@@@@@@@@@@@
Debug: sparse nonlocal_op@@@@@@@@@@@@@@@@@@@@@@@@@@@@@@@@@@
Debug: sparse nonlocal_op@@@@@@@@@@@@@@@@@@@@@@@@@@@@@@@@@@
Debug: sparse nonlocal_op@@@@@@@@@@@@@@@@@@@@@@@@@@@@@@@@@@
Debug: sparse nonlocal_op@@@@@@@@@@@@@@@@@@@@@@@@@@@@@@@@@@
Debug: sparse nonlocal_op@@@@@@@@@@@@@@@@@@@@@@@@@@@@@@@@@@
Debug: sparse nonlocal_op@@@@@@@@@@@@@@@@@@@@@@@@@@@@@@@@@@
Debug: sparse nonlocal_op@@@@@@@@@@@@@@@@@@@@@@@@@@@@@@@@@@
Debug: sparse nonlocal_op@@@@@@@@@@@@@@@@@@@@@@@@@@@@@@@@@@
Debug: sparse nonlocal_op@@@@@@@@@@@@@@@@@@@@@@@@@@@@@@@@@@
Debug: sparse nonlocal_op@@@@@@@@@@@@@@@@@@@@@@@@@@@@@@@@@@
Debug: sparse nonlocal_op@@@@@@@@@@@@@@@@@@@@@@@@@@@@@@@@@@
Debug: sparse nonlocal_op@@@@@@@@@@@@@@@@@@@@@@@@@@@@@@@@@@
Debug: sparse nonlocal_op@@@@@@@@@@@@@@@@@@@@@@@@@@@@@@@@@@
Debug: sparse nonlocal_op@@@@@@@@@@@@@@@@@@@@@@@@@@@@@@@@@@
Debug: sparse nonlocal_op@@@@@@@@@@@@@@@@@@@@@@@@@@@@@@@@@@
Debug: sparse nonlocal_op@@@@@@@@@@@@@@@@@@@@@@@@@@@@@@@@@@
Debug: sparse nonlocal_op@@@@@@@@@@@@@@@@@@@@@@@@@@@@@@@@@@
Debug: sparse nonlocal_op@@@@@@@@@@@@@@@@@@@@@@@@@@@@@@@@@@
Debug: sparse nonlocal_op@@@@@@@@@@@@@@@@@@@@@@@@@@@@@@@@@@
Debug: sparse nonlocal_op@@@@@@@@@@@@@@@@@@@@@@@@@@@@@@@@@@
Debug: sparse nonlocal_op@@@@@@@@@@@@@@@@@@@@@@@@@@@@@@@@@@
Debug: sparse nonlocal_op@@@@@@@@@@@@@@@@@@@@@@@@@@@@@@@@@@
Debug: sparse nonlocal_op@@@@@@@@@@@@@@@@@@@@@@@@@@@@@@@@@@
Debug: sparse nonlocal_op@@@@@@@@@@@@@@@@@@@@@@@@@@@@@@@@@@
Debug: sparse nonlocal_op@@@@@@@@@@@@@@@@@@@@@@@@@@@@@@@@@@
Debug: sparse nonlocal_op@@@@@@@@@@@@@@@@@@@@@@@@@@@@@@@@@@
Debug: sparse nonlocal_op@@@@@@@@@@@@@@@@@@@@@@@@@@@@@@@@@@
Debug: sparse nonlocal_op@@@@@@@@@@@@@@@@@@@@@@@@@@@@@@@@@@
Debug: sparse nonlocal_op@@@@@@@@@@@@@@@@@@@@@@@@@@@@@@@@@@
Debug: sparse nonlocal_op@@@@@@@@@@@@@@@@@@@@@@@@@@@@@@@@@@
Debug: sparse nonlocal_op@@@@@@@@@@@@@@@@@@@@@@@@@@@@@@@@@@
Debug: sparse nonlocal_op@@@@@@@@@@@@@@@@@@@@@@@@@@@@@@@@@@
Debug: sparse nonlocal_op@@@@@@@@@@@@@@@@@@@@@@@@@@@@@@@@@@
Debug: sparse nonlocal_op@@@@@@@@@@@@@@@@@@@@@@@@@@@@@@@@@@
Debug: sparse nonlocal_op@@@@@@@@@@@@@@@@@@@@@@@@@@@@@@@@@@
Debug: sparse nonlocal_op@@@@@@@@@@@@@@@@@@@@@@@@@@@@@@@@@@
Debug: sparse nonlocal_op@@@@@@@@@@@@@@@@@@@@@@@@@@@@@@@@@@
Debug: sparse nonlocal_op@@@@@@@@@@@@@@@@@@@@@@@@@@@@@@@@@@
Debug: sparse nonlocal_op@@@@@@@@@@@@@@@@@@@@@@@@@@@@@@@@@@
Debug: sparse nonlocal_op@@@@@@@@@@@@@@@@@@@@@@@@@@@@@@@@@@
Debug: sparse nonlocal_op@@@@@@@@@@@@@@@@@@@@@@@@@@@@@@@@@@
Debug: sparse nonlocal_op@@@@@@@@@@@@@@@@@@@@@@@@@@@@@@@@@@
Debug: sparse nonlocal_op@@@@@@@@@@@@@@@@@@@@@@@@@@@@@@@@@@
Debug: sparse nonlocal_op@@@@@@@@@@@@@@@@@@@@@@@@@@@@@@@@@@
Debug: sparse nonlocal_op@@@@@@@@@@@@@@@@@@@@@@@@@@@@@@@@@@
Debug: sparse nonlocal_op@@@@@@@@@@@@@@@@@@@@@@@@@@@@@@@@@@
Debug: sparse nonlocal_op@@@@@@@@@@@@@@@@@@@@@@@@@@@@@@@@@@
Elapsed time[calc_nonlocal_energy]: 0.08234477043151855 sec

============ Energy (Hartree) ============
|   Total Energy        : -31.4974434556 |
------------------------------------------
| * Ion-ion Energy      : 0.0            |
| * Eigenvals sum for 0 : -1.5218692166  |
| * Hartree Energy      : 13.7225971624  |
| * XC Energy           : -9.6573058521  |
| * Kinetic Energy      : 12.4608561059  |
| * External Energy     : -55.395578153  |
| * Non-local Energy    : 7.3719872813   |
==========================================
Elapsed time[calc_and_print_energies]: 0.12765836715698242 sec
Total energy difference = 1.4008672017951085e-05 Hartree
Elapsed time for 14 th cycle: 5.985215663909912 sec

==================== [ END CYCLE 14 ] ====================
Elapsed time[_get_mixed_var]: 0.0003402233123779297 sec
Elapsed time[compute_potential]: 0.0067768096923828125 sec
Elapsed time[compute]: 0.019888877868652344 sec

==================== [ SCF CYCLE 15 ] ====================
Debug: sparse nonlocal_op@@@@@@@@@@@@@@@@@@@@@@@@@@@@@@@@@@
Debug: sparse nonlocal_op@@@@@@@@@@@@@@@@@@@@@@@@@@@@@@@@@@
Debug: sparse nonlocal_op@@@@@@@@@@@@@@@@@@@@@@@@@@@@@@@@@@
Debug: sparse nonlocal_op@@@@@@@@@@@@@@@@@@@@@@@@@@@@@@@@@@
Elapsed time[diagonalize]: 4.426954984664917 sec

[ PRINT EIGENVALUES ]
( spin alpha )
* 1 th kpt (=[0. 0. 0.])
num        occ        value
1          2.0        -0.30221008236632796
2          2.0        -0.1499125239020269
3          2.0        -0.1499101417767174
4          2.0        -0.14990134129203547
5          2.0        -0.14967103973221563
6          2.0        -0.14966563014018758
7          2.0        -0.14965816687361966
8          2.0        0.032902740876747216
9          2.0        0.032907329428302184
10         2.0        0.032948296455030474
11         2.0        0.03295177058891308
12         2.0        0.032982420573590986
13         2.0        0.032983537110561394
14         2.0        0.13756124543676232
15         2.0        0.13758785634486603
16         2.0        0.13777494335814466
17         0.0        0.16183537632259287
18         0.0        0.1618652938901949
19         0.0        0.16191102136340899
20         0.0        0.16208872059791463


* 2 th kpt (=[0.5 0.  0. ])
num        occ        value
1          6.0        -0.26240962515249566
2          6.0        -0.26240833126837115
3          6.0        -0.1438422148241403
4          6.0        -0.14384218935737556
5          6.0        -0.14357556575753286
6          6.0        -0.14357550869551866
7          6.0        -0.0042049323148708045
8          6.0        -0.004204869894797154
9          6.0        -0.004142935030967601
10         6.0        -0.004142902707312176
11         6.0        0.008319075560063392
12         6.0        0.008332045590340953
13         6.0        0.06821363306292502
14         6.0        0.06821615225690085
15         6.0        0.06827362497462389
16         6.0        0.06827614599226384
17         0.0        0.1779121036073609
18         0.0        0.17792277818680535
19         0.0        0.25065793590250307
20         0.0        0.25069986155186536


* 3 th kpt (=[0.5 0.5 0. ])
num        occ        value
1          6.0        -0.2270072207456521
2          6.0        -0.22700613865892005
3          6.0        -0.2270061109678568
4          6.0        -0.22700501261597197
5          6.0        -0.06383673245588835
6          6.0        -0.06383662924226573
7          6.0        -0.06383658895474291
8          6.0        -0.06383654514595012
9          6.0        -0.0005022954164317065
10         6.0        -0.0005013230096793373
11         6.0        -0.0005013029795237065
12         6.0        -0.0005003239530250529
13         6.0        0.08904620143525453
14         6.0        0.08906278934188681
15         6.0        0.08906280359300388
16         6.0        0.08907944038339378
17         0.0        0.2260280537040636
18         0.0        0.22603753493012224
19         0.0        0.22603756242007686
20         0.0        0.22604708767952345


* 4 th kpt (=[0.5 0.5 0.5])
num        occ        value
1          2.0        -0.2163821825253858
2          2.0        -0.21638217082516162
3          2.0        -0.21638215496781502
4          2.0        -0.21638213283778163
5          2.0        -0.11872146142091716
6          2.0        -0.11872145980859036
7          2.0        -0.11872143145759384
8          2.0        -0.1187213940451623
9          2.0        0.09378641134586886
10         2.0        0.09378643599707932
11         2.0        0.09378644428984655
12         2.0        0.09378644779668911
13         2.0        0.0939135192217854
14         2.0        0.09391351973483723
15         2.0        0.0939135400326411
16         2.0        0.09391355641769628
17         0.0        0.19298127814456348
18         0.0        0.19298128563343858
19         0.0        0.19298129079193252
20         0.0        0.19298130811837047


Integral of density (=32.00000000000001) is normalized to 32.00000000000001
Orbital energy difference = 8.515920359997153e-07
Density difference (relative) = 1.6806321855430491e-06
Elapsed time[calc_external_energy]: 4.38690185546875e-05 sec
Debug: sparse nonlocal_op@@@@@@@@@@@@@@@@@@@@@@@@@@@@@@@@@@
Debug: sparse nonlocal_op@@@@@@@@@@@@@@@@@@@@@@@@@@@@@@@@@@
Debug: sparse nonlocal_op@@@@@@@@@@@@@@@@@@@@@@@@@@@@@@@@@@
Debug: sparse nonlocal_op@@@@@@@@@@@@@@@@@@@@@@@@@@@@@@@@@@
Debug: sparse nonlocal_op@@@@@@@@@@@@@@@@@@@@@@@@@@@@@@@@@@
Debug: sparse nonlocal_op@@@@@@@@@@@@@@@@@@@@@@@@@@@@@@@@@@
Debug: sparse nonlocal_op@@@@@@@@@@@@@@@@@@@@@@@@@@@@@@@@@@
Debug: sparse nonlocal_op@@@@@@@@@@@@@@@@@@@@@@@@@@@@@@@@@@
Debug: sparse nonlocal_op@@@@@@@@@@@@@@@@@@@@@@@@@@@@@@@@@@
Debug: sparse nonlocal_op@@@@@@@@@@@@@@@@@@@@@@@@@@@@@@@@@@
Debug: sparse nonlocal_op@@@@@@@@@@@@@@@@@@@@@@@@@@@@@@@@@@
Debug: sparse nonlocal_op@@@@@@@@@@@@@@@@@@@@@@@@@@@@@@@@@@
Debug: sparse nonlocal_op@@@@@@@@@@@@@@@@@@@@@@@@@@@@@@@@@@
Debug: sparse nonlocal_op@@@@@@@@@@@@@@@@@@@@@@@@@@@@@@@@@@
Debug: sparse nonlocal_op@@@@@@@@@@@@@@@@@@@@@@@@@@@@@@@@@@
Debug: sparse nonlocal_op@@@@@@@@@@@@@@@@@@@@@@@@@@@@@@@@@@
Debug: sparse nonlocal_op@@@@@@@@@@@@@@@@@@@@@@@@@@@@@@@@@@
Debug: sparse nonlocal_op@@@@@@@@@@@@@@@@@@@@@@@@@@@@@@@@@@
Debug: sparse nonlocal_op@@@@@@@@@@@@@@@@@@@@@@@@@@@@@@@@@@
Debug: sparse nonlocal_op@@@@@@@@@@@@@@@@@@@@@@@@@@@@@@@@@@
Debug: sparse nonlocal_op@@@@@@@@@@@@@@@@@@@@@@@@@@@@@@@@@@
Debug: sparse nonlocal_op@@@@@@@@@@@@@@@@@@@@@@@@@@@@@@@@@@
Debug: sparse nonlocal_op@@@@@@@@@@@@@@@@@@@@@@@@@@@@@@@@@@
Debug: sparse nonlocal_op@@@@@@@@@@@@@@@@@@@@@@@@@@@@@@@@@@
Debug: sparse nonlocal_op@@@@@@@@@@@@@@@@@@@@@@@@@@@@@@@@@@
Debug: sparse nonlocal_op@@@@@@@@@@@@@@@@@@@@@@@@@@@@@@@@@@
Debug: sparse nonlocal_op@@@@@@@@@@@@@@@@@@@@@@@@@@@@@@@@@@
Debug: sparse nonlocal_op@@@@@@@@@@@@@@@@@@@@@@@@@@@@@@@@@@
Debug: sparse nonlocal_op@@@@@@@@@@@@@@@@@@@@@@@@@@@@@@@@@@
Debug: sparse nonlocal_op@@@@@@@@@@@@@@@@@@@@@@@@@@@@@@@@@@
Debug: sparse nonlocal_op@@@@@@@@@@@@@@@@@@@@@@@@@@@@@@@@@@
Debug: sparse nonlocal_op@@@@@@@@@@@@@@@@@@@@@@@@@@@@@@@@@@
Debug: sparse nonlocal_op@@@@@@@@@@@@@@@@@@@@@@@@@@@@@@@@@@
Debug: sparse nonlocal_op@@@@@@@@@@@@@@@@@@@@@@@@@@@@@@@@@@
Debug: sparse nonlocal_op@@@@@@@@@@@@@@@@@@@@@@@@@@@@@@@@@@
Debug: sparse nonlocal_op@@@@@@@@@@@@@@@@@@@@@@@@@@@@@@@@@@
Debug: sparse nonlocal_op@@@@@@@@@@@@@@@@@@@@@@@@@@@@@@@@@@
Debug: sparse nonlocal_op@@@@@@@@@@@@@@@@@@@@@@@@@@@@@@@@@@
Debug: sparse nonlocal_op@@@@@@@@@@@@@@@@@@@@@@@@@@@@@@@@@@
Debug: sparse nonlocal_op@@@@@@@@@@@@@@@@@@@@@@@@@@@@@@@@@@
Debug: sparse nonlocal_op@@@@@@@@@@@@@@@@@@@@@@@@@@@@@@@@@@
Debug: sparse nonlocal_op@@@@@@@@@@@@@@@@@@@@@@@@@@@@@@@@@@
Debug: sparse nonlocal_op@@@@@@@@@@@@@@@@@@@@@@@@@@@@@@@@@@
Debug: sparse nonlocal_op@@@@@@@@@@@@@@@@@@@@@@@@@@@@@@@@@@
Debug: sparse nonlocal_op@@@@@@@@@@@@@@@@@@@@@@@@@@@@@@@@@@
Debug: sparse nonlocal_op@@@@@@@@@@@@@@@@@@@@@@@@@@@@@@@@@@
Debug: sparse nonlocal_op@@@@@@@@@@@@@@@@@@@@@@@@@@@@@@@@@@
Debug: sparse nonlocal_op@@@@@@@@@@@@@@@@@@@@@@@@@@@@@@@@@@
Debug: sparse nonlocal_op@@@@@@@@@@@@@@@@@@@@@@@@@@@@@@@@@@
Debug: sparse nonlocal_op@@@@@@@@@@@@@@@@@@@@@@@@@@@@@@@@@@
Debug: sparse nonlocal_op@@@@@@@@@@@@@@@@@@@@@@@@@@@@@@@@@@
Debug: sparse nonlocal_op@@@@@@@@@@@@@@@@@@@@@@@@@@@@@@@@@@
Debug: sparse nonlocal_op@@@@@@@@@@@@@@@@@@@@@@@@@@@@@@@@@@
Debug: sparse nonlocal_op@@@@@@@@@@@@@@@@@@@@@@@@@@@@@@@@@@
Debug: sparse nonlocal_op@@@@@@@@@@@@@@@@@@@@@@@@@@@@@@@@@@
Debug: sparse nonlocal_op@@@@@@@@@@@@@@@@@@@@@@@@@@@@@@@@@@
Debug: sparse nonlocal_op@@@@@@@@@@@@@@@@@@@@@@@@@@@@@@@@@@
Debug: sparse nonlocal_op@@@@@@@@@@@@@@@@@@@@@@@@@@@@@@@@@@
Debug: sparse nonlocal_op@@@@@@@@@@@@@@@@@@@@@@@@@@@@@@@@@@
Debug: sparse nonlocal_op@@@@@@@@@@@@@@@@@@@@@@@@@@@@@@@@@@
Debug: sparse nonlocal_op@@@@@@@@@@@@@@@@@@@@@@@@@@@@@@@@@@
Debug: sparse nonlocal_op@@@@@@@@@@@@@@@@@@@@@@@@@@@@@@@@@@
Debug: sparse nonlocal_op@@@@@@@@@@@@@@@@@@@@@@@@@@@@@@@@@@
Debug: sparse nonlocal_op@@@@@@@@@@@@@@@@@@@@@@@@@@@@@@@@@@
Elapsed time[calc_nonlocal_energy]: 0.08026623725891113 sec

============ Energy (Hartree) ============
|   Total Energy        : -31.4974443634 |
------------------------------------------
| * Ion-ion Energy      : 0.0            |
| * Eigenvals sum for 0 : -1.521868365   |
| * Hartree Energy      : 13.7225967399  |
| * XC Energy           : -9.6573063695  |
| * Kinetic Energy      : 12.4608564526  |
| * External Energy     : -55.3955778937 |
| * Non-local Energy    : 7.3719867073   |
==========================================
Elapsed time[calc_and_print_energies]: 0.12523245811462402 sec
Total energy difference = -9.078379044069607e-07 Hartree
Elapsed time for 15 th cycle: 4.561730146408081 sec

==================== [ END CYCLE 15 ] ====================
SCF CONVERGED with 15 iters!!
Elapsed time[calc_external_energy]: 5.2928924560546875e-05 sec
Debug: sparse nonlocal_op@@@@@@@@@@@@@@@@@@@@@@@@@@@@@@@@@@
Debug: sparse nonlocal_op@@@@@@@@@@@@@@@@@@@@@@@@@@@@@@@@@@
Debug: sparse nonlocal_op@@@@@@@@@@@@@@@@@@@@@@@@@@@@@@@@@@
Debug: sparse nonlocal_op@@@@@@@@@@@@@@@@@@@@@@@@@@@@@@@@@@
Debug: sparse nonlocal_op@@@@@@@@@@@@@@@@@@@@@@@@@@@@@@@@@@
Debug: sparse nonlocal_op@@@@@@@@@@@@@@@@@@@@@@@@@@@@@@@@@@
Debug: sparse nonlocal_op@@@@@@@@@@@@@@@@@@@@@@@@@@@@@@@@@@
Debug: sparse nonlocal_op@@@@@@@@@@@@@@@@@@@@@@@@@@@@@@@@@@
Debug: sparse nonlocal_op@@@@@@@@@@@@@@@@@@@@@@@@@@@@@@@@@@
Debug: sparse nonlocal_op@@@@@@@@@@@@@@@@@@@@@@@@@@@@@@@@@@
Debug: sparse nonlocal_op@@@@@@@@@@@@@@@@@@@@@@@@@@@@@@@@@@
Debug: sparse nonlocal_op@@@@@@@@@@@@@@@@@@@@@@@@@@@@@@@@@@
Debug: sparse nonlocal_op@@@@@@@@@@@@@@@@@@@@@@@@@@@@@@@@@@
Debug: sparse nonlocal_op@@@@@@@@@@@@@@@@@@@@@@@@@@@@@@@@@@
Debug: sparse nonlocal_op@@@@@@@@@@@@@@@@@@@@@@@@@@@@@@@@@@
Debug: sparse nonlocal_op@@@@@@@@@@@@@@@@@@@@@@@@@@@@@@@@@@
Debug: sparse nonlocal_op@@@@@@@@@@@@@@@@@@@@@@@@@@@@@@@@@@
Debug: sparse nonlocal_op@@@@@@@@@@@@@@@@@@@@@@@@@@@@@@@@@@
Debug: sparse nonlocal_op@@@@@@@@@@@@@@@@@@@@@@@@@@@@@@@@@@
Debug: sparse nonlocal_op@@@@@@@@@@@@@@@@@@@@@@@@@@@@@@@@@@
Debug: sparse nonlocal_op@@@@@@@@@@@@@@@@@@@@@@@@@@@@@@@@@@
Debug: sparse nonlocal_op@@@@@@@@@@@@@@@@@@@@@@@@@@@@@@@@@@
Debug: sparse nonlocal_op@@@@@@@@@@@@@@@@@@@@@@@@@@@@@@@@@@
Debug: sparse nonlocal_op@@@@@@@@@@@@@@@@@@@@@@@@@@@@@@@@@@
Debug: sparse nonlocal_op@@@@@@@@@@@@@@@@@@@@@@@@@@@@@@@@@@
Debug: sparse nonlocal_op@@@@@@@@@@@@@@@@@@@@@@@@@@@@@@@@@@
Debug: sparse nonlocal_op@@@@@@@@@@@@@@@@@@@@@@@@@@@@@@@@@@
Debug: sparse nonlocal_op@@@@@@@@@@@@@@@@@@@@@@@@@@@@@@@@@@
Debug: sparse nonlocal_op@@@@@@@@@@@@@@@@@@@@@@@@@@@@@@@@@@
Debug: sparse nonlocal_op@@@@@@@@@@@@@@@@@@@@@@@@@@@@@@@@@@
Debug: sparse nonlocal_op@@@@@@@@@@@@@@@@@@@@@@@@@@@@@@@@@@
Debug: sparse nonlocal_op@@@@@@@@@@@@@@@@@@@@@@@@@@@@@@@@@@
Debug: sparse nonlocal_op@@@@@@@@@@@@@@@@@@@@@@@@@@@@@@@@@@
Debug: sparse nonlocal_op@@@@@@@@@@@@@@@@@@@@@@@@@@@@@@@@@@
Debug: sparse nonlocal_op@@@@@@@@@@@@@@@@@@@@@@@@@@@@@@@@@@
Debug: sparse nonlocal_op@@@@@@@@@@@@@@@@@@@@@@@@@@@@@@@@@@
Debug: sparse nonlocal_op@@@@@@@@@@@@@@@@@@@@@@@@@@@@@@@@@@
Debug: sparse nonlocal_op@@@@@@@@@@@@@@@@@@@@@@@@@@@@@@@@@@
Debug: sparse nonlocal_op@@@@@@@@@@@@@@@@@@@@@@@@@@@@@@@@@@
Debug: sparse nonlocal_op@@@@@@@@@@@@@@@@@@@@@@@@@@@@@@@@@@
Debug: sparse nonlocal_op@@@@@@@@@@@@@@@@@@@@@@@@@@@@@@@@@@
Debug: sparse nonlocal_op@@@@@@@@@@@@@@@@@@@@@@@@@@@@@@@@@@
Debug: sparse nonlocal_op@@@@@@@@@@@@@@@@@@@@@@@@@@@@@@@@@@
Debug: sparse nonlocal_op@@@@@@@@@@@@@@@@@@@@@@@@@@@@@@@@@@
Debug: sparse nonlocal_op@@@@@@@@@@@@@@@@@@@@@@@@@@@@@@@@@@
Debug: sparse nonlocal_op@@@@@@@@@@@@@@@@@@@@@@@@@@@@@@@@@@
Debug: sparse nonlocal_op@@@@@@@@@@@@@@@@@@@@@@@@@@@@@@@@@@
Debug: sparse nonlocal_op@@@@@@@@@@@@@@@@@@@@@@@@@@@@@@@@@@
Debug: sparse nonlocal_op@@@@@@@@@@@@@@@@@@@@@@@@@@@@@@@@@@
Debug: sparse nonlocal_op@@@@@@@@@@@@@@@@@@@@@@@@@@@@@@@@@@
Debug: sparse nonlocal_op@@@@@@@@@@@@@@@@@@@@@@@@@@@@@@@@@@
Debug: sparse nonlocal_op@@@@@@@@@@@@@@@@@@@@@@@@@@@@@@@@@@
Debug: sparse nonlocal_op@@@@@@@@@@@@@@@@@@@@@@@@@@@@@@@@@@
Debug: sparse nonlocal_op@@@@@@@@@@@@@@@@@@@@@@@@@@@@@@@@@@
/home/jhwoo/programs/gospel/gospel/Eigensolver/Scipy.py:60: UserWarning: Exited at iteration 20 with accuracies 
[6.88899201e-08+0.j 6.99120970e-08+0.j 7.05736593e-08+0.j
 8.15376054e-08+0.j 7.56267965e-08+0.j 7.39765443e-08+0.j
 1.77336231e-07+0.j 1.76311710e-07+0.j 1.90235439e-07+0.j
 1.68912494e-07+0.j 9.08892871e-08+0.j 9.17894206e-08+0.j
 1.66419380e-07+0.j 1.67449309e-07+0.j 1.79626290e-07+0.j
 1.81516587e-07+0.j 5.41779625e-07+0.j 5.18177975e-07+0.j
 2.31434644e-06+0.j 2.42714280e-06+0.j]
not reaching the requested tolerance 1e-07.
  val, vec = lobpcg(
/home/jhwoo/programs/gospel/gospel/Eigensolver/Scipy.py:60: UserWarning: Exited at iteration 20 with accuracies 
[6.07373177e-08+0.j 6.98110485e-08+0.j 6.77875252e-08+0.j
 7.47005465e-08+0.j 8.23727343e-08+0.j 8.33035133e-08+0.j
 8.40765621e-08+0.j 8.54784709e-08+0.j 1.44536962e-07+0.j
 1.14184859e-07+0.j 1.31524474e-07+0.j 1.41807084e-07+0.j
 2.02427559e-07+0.j 2.02625149e-07+0.j 2.16607994e-07+0.j
 2.02802765e-07+0.j 8.82668581e-07+0.j 9.78772489e-07+0.j
 9.15511795e-07+0.j 8.74505592e-07+0.j]
not reaching the requested tolerance 1e-07.
  val, vec = lobpcg(
/home/jhwoo/programs/gospel/gospel/Eigensolver/Scipy.py:60: UserWarning: Exited at iteration 20 with accuracies 
[6.70911880e-08+0.j 6.58615497e-08+0.j 7.23080711e-08+0.j
 6.24147513e-08+0.j 7.24386345e-08+0.j 7.18697230e-08+0.j
 8.15055726e-08+0.j 8.60777284e-08+0.j 2.45096788e-07+0.j
 3.26324848e-07+0.j 2.63958105e-07+0.j 3.13056435e-07+0.j
 3.37539825e-07+0.j 3.85341389e-07+0.j 3.02415036e-07+0.j
 3.10003277e-07+0.j 9.08764292e-07+0.j 8.23710848e-07+0.j
 6.59073610e-07+0.j 8.33779150e-07+0.j]
not reaching the requested tolerance 1e-07.
  val, vec = lobpcg(
/home/jhwoo/programs/gospel/gospel/Eigensolver/Scipy.py:60: UserWarning: Exited at iteration 20 with accuracies 
[8.46181026e-08 7.28029862e-08 8.31708365e-08 5.06450075e-08
 7.78914914e-08 6.74686948e-08 4.68447374e-08 8.32894459e-08
 7.35989079e-08 7.43303964e-08 9.81812841e-08 7.42147120e-08
 7.31587563e-08 3.92040883e-07 3.68571039e-07 7.32410228e-07
 8.08634368e-04 7.65292890e-04 1.25155585e-03 2.33825272e-04]
not reaching the requested tolerance 1e-07.
  val, vec = lobpcg(
/home/jhwoo/programs/gospel/gospel/Eigensolver/Scipy.py:60: UserWarning: Exited at iteration 20 with accuracies 
[6.13023576e-08+0.j 6.01537926e-08+0.j 6.74367810e-08+0.j
 7.63723213e-08+0.j 6.56225875e-08+0.j 5.24861995e-08+0.j
 8.23939782e-08+0.j 8.73587183e-08+0.j 9.05097810e-08+0.j
 8.89870941e-08+0.j 6.96035855e-08+0.j 7.21577763e-08+0.j
 6.77376659e-08+0.j 7.16736250e-08+0.j 8.76344957e-08+0.j
 8.83206705e-08+0.j 1.06344562e-07+0.j 9.08680536e-08+0.j
 7.80768273e-07+0.j 8.14179628e-07+0.j]
not reaching the requested tolerance 1e-07.
  val, vec = lobpcg(
/home/jhwoo/programs/gospel/gospel/Eigensolver/Scipy.py:60: UserWarning: Exited at iteration 20 with accuracies 
[5.00970829e-08+0.j 7.00832381e-08+0.j 7.02002575e-08+0.j
 5.09553351e-08+0.j 5.77892893e-08+0.j 5.83154631e-08+0.j
 6.49170349e-08+0.j 6.02421858e-08+0.j 9.23050870e-08+0.j
 8.68091910e-08+0.j 8.52181990e-08+0.j 9.16373092e-08+0.j
 8.04052516e-08+0.j 8.69968456e-08+0.j 8.83589829e-08+0.j
 8.12146399e-08+0.j 2.88557480e-07+0.j 4.28292823e-07+0.j
 3.79835039e-07+0.j 2.88625198e-07+0.j]
not reaching the requested tolerance 1e-07.
  val, vec = lobpcg(
/home/jhwoo/programs/gospel/gospel/Eigensolver/Scipy.py:60: UserWarning: Exited at iteration 20 with accuracies 
[7.09912124e-08+0.j 6.97482822e-08+0.j 6.89208709e-08+0.j
 6.77983695e-08+0.j 5.97891525e-08+0.j 7.30685348e-08+0.j
 6.73590052e-08+0.j 7.28568413e-08+0.j 8.87636616e-08+0.j
 8.62665665e-08+0.j 9.09468874e-08+0.j 6.99346944e-08+0.j
 1.22543547e-07+0.j 7.14163263e-08+0.j 9.20364942e-08+0.j
 8.71722139e-08+0.j 4.71266598e-07+0.j 3.84662803e-07+0.j
 3.12236107e-07+0.j 4.60120596e-07+0.j]
not reaching the requested tolerance 1e-07.
  val, vec = lobpcg(
/home/jhwoo/programs/gospel/gospel/Eigensolver/Scipy.py:60: UserWarning: Exited at iteration 20 with accuracies 
[6.38386932e-08 7.10142578e-08 7.25621884e-08 8.42916065e-08
 4.95204035e-08 7.35845247e-08 6.05016409e-08 7.11455680e-08
 8.88424987e-08 7.28357741e-08 6.11320551e-08 7.59193990e-08
 6.60440604e-08 2.00477070e-07 1.83138352e-07 2.70652470e-07
 1.52657907e-03 1.06579528e-03 1.36892267e-03 3.45600915e-04]
not reaching the requested tolerance 1e-07.
  val, vec = lobpcg(
/home/jhwoo/programs/gospel/gospel/Eigensolver/Scipy.py:60: UserWarning: Exited at iteration 20 with accuracies 
[5.39997034e-08+0.j 5.40367644e-08+0.j 8.74613691e-08+0.j
 8.90258580e-08+0.j 7.10530002e-08+0.j 7.54386386e-08+0.j
 6.95112707e-08+0.j 8.10883269e-08+0.j 8.15699008e-08+0.j
 7.70086500e-08+0.j 7.11894815e-08+0.j 7.00366880e-08+0.j
 8.19115681e-08+0.j 8.21351853e-08+0.j 8.59383340e-08+0.j
 8.75019748e-08+0.j 1.15800083e-07+0.j 1.20291742e-07+0.j
 3.17807616e-07+0.j 4.51315624e-07+0.j]
not reaching the requested tolerance 1e-07.
  val, vec = lobpcg(
/home/jhwoo/programs/gospel/gospel/Eigensolver/Scipy.py:60: UserWarning: Exited at iteration 20 with accuracies 
[6.33343349e-08+0.j 5.74062487e-08+0.j 6.91064597e-08+0.j
 6.39609431e-08+0.j 6.73614333e-08+0.j 7.26303159e-08+0.j
 6.18278040e-08+0.j 7.73153333e-08+0.j 8.34383116e-08+0.j
 8.81943998e-08+0.j 9.36986206e-08+0.j 8.46786583e-08+0.j
 8.10951868e-08+0.j 8.88031907e-08+0.j 8.89295477e-08+0.j
 8.16733858e-08+0.j 2.39082536e-07+0.j 2.25709562e-07+0.j
 2.57798199e-07+0.j 2.38769544e-07+0.j]
not reaching the requested tolerance 1e-07.
  val, vec = lobpcg(
/home/jhwoo/programs/gospel/gospel/Eigensolver/Scipy.py:60: UserWarning: Exited at iteration 20 with accuracies 
[7.22624482e-08+0.j 6.16243375e-08+0.j 7.78977185e-08+0.j
 6.42033462e-08+0.j 5.51663238e-08+0.j 5.75546289e-08+0.j
 7.40934609e-08+0.j 5.62019687e-08+0.j 8.55674819e-08+0.j
 9.50932034e-08+0.j 8.95602195e-08+0.j 9.26541203e-08+0.j
 7.73237432e-08+0.j 8.73909719e-08+0.j 8.60904151e-08+0.j
 8.73655211e-08+0.j 1.06923654e-07+0.j 9.78605247e-08+0.j
 1.07128010e-07+0.j 1.11393993e-07+0.j]
not reaching the requested tolerance 1e-07.
  val, vec = lobpcg(
/home/jhwoo/programs/gospel/gospel/Eigensolver/Scipy.py:60: UserWarning: Exited at iteration 20 with accuracies 
[8.54396226e-08 8.98737766e-08 5.86620534e-08 9.34603482e-08
 7.72767012e-08 8.18308701e-08 6.81511308e-08 7.10353903e-08
 8.13521918e-08 8.80477239e-08 7.64853716e-08 6.77694700e-08
 6.42004439e-08 1.20319909e-07 1.00639304e-07 1.56295996e-07
 7.54033490e-04 7.46394306e-04 1.05554592e-03 2.32167083e-04]
not reaching the requested tolerance 1e-07.
  val, vec = lobpcg(
/home/jhwoo/programs/gospel/gospel/Eigensolver/Scipy.py:60: UserWarning: Exited at iteration 20 with accuracies 
[7.56638788e-08+0.j 7.54718393e-08+0.j 7.57602668e-08+0.j
 7.27437388e-08+0.j 8.19185322e-08+0.j 7.37424475e-08+0.j
 7.16319578e-08+0.j 7.35007604e-08+0.j 7.86092202e-08+0.j
 7.18807299e-08+0.j 7.85074034e-08+0.j 7.91835778e-08+0.j
 7.95014779e-08+0.j 8.03944450e-08+0.j 9.47295928e-08+0.j
 9.43030291e-08+0.j 9.34288627e-08+0.j 9.28586820e-08+0.j
 1.65236654e-07+0.j 2.28940128e-07+0.j]
not reaching the requested tolerance 1e-07.
  val, vec = lobpcg(
Debug: sparse nonlocal_op@@@@@@@@@@@@@@@@@@@@@@@@@@@@@@@@@@
Debug: sparse nonlocal_op@@@@@@@@@@@@@@@@@@@@@@@@@@@@@@@@@@
Debug: sparse nonlocal_op@@@@@@@@@@@@@@@@@@@@@@@@@@@@@@@@@@
Debug: sparse nonlocal_op@@@@@@@@@@@@@@@@@@@@@@@@@@@@@@@@@@
Debug: sparse nonlocal_op@@@@@@@@@@@@@@@@@@@@@@@@@@@@@@@@@@
Debug: sparse nonlocal_op@@@@@@@@@@@@@@@@@@@@@@@@@@@@@@@@@@
Debug: sparse nonlocal_op@@@@@@@@@@@@@@@@@@@@@@@@@@@@@@@@@@
Debug: sparse nonlocal_op@@@@@@@@@@@@@@@@@@@@@@@@@@@@@@@@@@
Debug: sparse nonlocal_op@@@@@@@@@@@@@@@@@@@@@@@@@@@@@@@@@@
Debug: sparse nonlocal_op@@@@@@@@@@@@@@@@@@@@@@@@@@@@@@@@@@
Elapsed time[calc_nonlocal_energy]: 0.0841529369354248 sec

============ Energy (Hartree) ============
|   Total Energy        : -31.4974443634 |
------------------------------------------
| * Ion-ion Energy      : 0.0            |
| * Eigenvals sum for 0 : -1.521868365   |
| * Hartree Energy      : 13.7225967399  |
| * XC Energy           : -9.6573063695  |
| * Kinetic Energy      : 12.4608564526  |
| * External Energy     : -55.3955778937 |
| * Non-local Energy    : 7.3719867073   |
==========================================
Elapsed time[calc_and_print_energies]: 0.12964344024658203 sec
Total Energy: -31.497444363414406 Ha
Fermi Level : 4.000869598817756 eV
Gap: 0.655 eV
Transition (v -> c):
  (s=0, k=0, n=15, [0.00, 0.00, 0.00]) -> (s=0, k=0, n=16, [0.00, 0.00, 0.00])

* TOTAL TIME : 104.41612982749939 sec
